0,0,0PdoCmHfKqKD7b6p6pP8LwayBxg=,mh60tkHfhWb2sCL1oNTaNFLyxu8=
0,1,0PdoCmHfKqKD7b6p6pP8LwayBxg=,mh60tkHfhWb2sCL1oNTaNFLyxu8=
0,2,0PdoCmHfKqKD7b6p6pP8LwayBxg=,mh60tkHfhWb2sCL1oNTaNFLyxu8=
0,3,0PdoCmHfKqKD7b6p6pP8LwayBxg=,yfAaheyfU1m46wPzfgWR8g8FVjs=
0,4,0PdoCmHfKqKD7b6p6pP8LwayBxg=,yfAaheyfU1m46wPzfgWR8g8FVjs=
0,5,0PdoCmHfKqKD7b6p6pP8LwayBxg=,yfAaheyfU1m46wPzfgWR8g8FVjs=
0,6,0PdoCmHfKqKD7b6p6pP8LwayBxg=,yfAaheyfU1m46wPzfgWR8g8FVjs=
0,7,0PdoCmHfKqKD7b6p6pP8LwayBxg=,yfAaheyfU1m46wPzfgWR8g8FVjs=
0,8,0PdoCmHfKqKD7b6p6pP8LwayBxg=,yfAaheyfU1m46wPzfgWR8g8FVjs=
0,9,0PdoCmHfKqKD7b6p6pP8LwayBxg=,yfAaheyfU1m46wPzfgWR8g8FVjs=
1,1,0PdoCmHfKqKD7b6p6pP8LwayBxg=,/EUHVM/KeMTC2tMFHfA+fHJ2Z6k=
1,0,0PdoCmHfKqKD7b6p6pP8LwayBxg=,/EUHVM/KeMTC2tMFHfA+fHJ2Z6k=
1,3,0PdoCmHfKqKD7b6p6pP8LwayBxg=,/EUHVM/KeMTC2tMFHfA+fHJ2Z6k=
1,2,0PdoCmHfKqKD7b6p6pP8LwayBxg=,/EUHVM/KeMTC2tMFHfA+fHJ2Z6k=
1,5,0PdoCmHfKqKD7b6p6pP8LwayBxg=,jjT/qXqyyAoxATu6jCykJSxiO3I=
1,4,0PdoCmHfKqKD7b6p6pP8LwayBxg=,jjT/qXqyyAoxATu6jCykJSxiO3I=
1,7,0PdoCmHfKqKD7b6p6pP8LwayBxg=,jjT/qXqyyAoxATu6jCykJSxiO3I=
1,6,0PdoCmHfKqKD7b6p6pP8LwayBxg=,jjT/qXqyyAoxATu6jCykJSxiO3I=
1,9,0PdoCmHfKqKD7b6p6pP8LwayBxg=,jjT/qXqyyAoxATu6jCykJSxiO3I=
1,8,7z8cU4kDR8Rb2lsZI6FWjtHiznQ=,jjT/qXqyyAoxATu6jCykJSxiO3I=
2,2,7z8cU4kDR8Rb2lsZI6FWjtHiznQ=,eNaUEMkfSfWjBBYmeLtZMyt/hHY=
2,3,7z8cU4kDR8Rb2lsZI6FWjtHiznQ=,eNaUEMkfSfWjBBYmeLtZMyt/hHY=
2,0,7z8cU4kDR8Rb2lsZI6FWjtHiznQ=,eNaUEMkfSfWjBBYmeLtZMyt/hHY=
2,1,7z8cU4kDR8Rb2lsZI6FWjtHiznQ=,eNaUEMkfSfWjBBYmeLtZMyt/hHY=
2,6,7z8cU4kDR8Rb2lsZI6FWjtHiznQ=,eNaUEMkfSfWjBBYmeLtZMyt/hHY=
2,7,7z8cU4kDR8Rb2lsZI6FWjtHiznQ=,eNaUEMkfSfWjBBYmeLtZMyt/hHY=
2,4,7z8cU4kDR8Rb2lsZI6FWjtHiznQ=,eNaUEMkfSfWjBBYmeLtZMyt/hHY=
2,5,7z8cU4kDR8Rb2lsZI6FWjtHiznQ=,eNaUEMkfSfWjBBYmeLtZMyt/hHY=
2,8,7z8cU4kDR8Rb2lsZI6FWjtHiznQ=,TKo9FRSnibZ6IHx12DgloKPVzN4=
2,9,7z8cU4kDR8Rb2lsZI6FWjtHiznQ=,TKo9FRSnibZ6IHx12DgloKPVzN4=
3,3,7z8cU4kDR8Rb2lsZI6FWjtHiznQ=,z7yKk+y7/uAifP3FHZep8udi208=
3,2,7z8cU4kDR8Rb2lsZI6FWjtHiznQ=,SodbYkfGLOUWM9Ljzl2sHmovudI=
3,1,7z8cU4kDR8Rb2lsZI6FWjtHiznQ=,C3H2ZjYvEgWVbRdFIPgZUlPse4k=
3,0,7z8cU4kDR8Rb2lsZI6FWjtHiznQ=,C3H2ZjYvEgWVbRdFIPgZUlPse4k=
3,7,7z8cU4kDR8Rb2lsZI6FWjtHiznQ=,KGWbQly4Wsr3cZYOhRv/M6ydITE=
3,6,7z8cU4kDR8Rb2lsZI6FWjtHiznQ=,KGWbQly4Wsr3cZYOhRv/M6ydITE=
3,5,7z8cU4kDR8Rb2lsZI6FWjtHiznQ=,KGWbQly4Wsr3cZYOhRv/M6ydITE=
3,4,7z8cU4kDR8Rb2lsZI6FWjtHiznQ=,KGWbQly4Wsr3cZYOhRv/M6ydITE=
3,9,7z8cU4kDR8Rb2lsZI6FWjtHiznQ=,KGWbQly4Wsr3cZYOhRv/M6ydITE=
3,8,7z8cU4kDR8Rb2lsZI6FWjtHiznQ=,KGWbQly4Wsr3cZYOhRv/M6ydITE=
4,4,uN78dVim36bUYHLN2gfHbe2/s8E=,GZ0qwY+JBkVhjF8zNVlmn2WPMYA=
4,5,uN78dVim36bUYHLN2gfHbe2/s8E=,GZ0qwY+JBkVhjF8zNVlmn2WPMYA=
4,6,uN78dVim36bUYHLN2gfHbe2/s8E=,GZ0qwY+JBkVhjF8zNVlmn2WPMYA=
4,7,uN78dVim36bUYHLN2gfHbe2/s8E=,GZ0qwY+JBkVhjF8zNVlmn2WPMYA=
4,0,uN78dVim36bUYHLN2gfHbe2/s8E=,GZ0qwY+JBkVhjF8zNVlmn2WPMYA=
4,1,uN78dVim36bUYHLN2gfHbe2/s8E=,GZ0qwY+JBkVhjF8zNVlmn2WPMYA=
4,2,uN78dVim36bUYHLN2gfHbe2/s8E=,ixoWUJ53dlToXdmxIOG6+ZyCi74=
4,3,uN78dVim36bUYHLN2gfHbe2/s8E=,wVf2zfPlcbtIhGS3K3TVVOFg/L0=
4,8,uN78dVim36bUYHLN2gfHbe2/s8E=,hWml21SuVQw610tzniZ70FI5dv0=
4,9,uN78dVim36bUYHLN2gfHbe2/s8E=,hWml21SuVQw610tzniZ70FI5dv0=
5,5,uN78dVim36bUYHLN2gfHbe2/s8E=,pdxklDi0AeHjXm3d9TMVZlvJy7k=
5,4,uN78dVim36bUYHLN2gfHbe2/s8E=,pdxklDi0AeHjXm3d9TMVZlvJy7k=
5,7,uN78dVim36bUYHLN2gfHbe2/s8E=,pdxklDi0AeHjXm3d9TMVZlvJy7k=
5,6,uN78dVim36bUYHLN2gfHbe2/s8E=,pdxklDi0AeHjXm3d9TMVZlvJy7k=
5,1,uN78dVim36bUYHLN2gfHbe2/s8E=,pdxklDi0AeHjXm3d9TMVZlvJy7k=
5,0,uN78dVim36bUYHLN2gfHbe2/s8E=,pdxklDi0AeHjXm3d9TMVZlvJy7k=
5,3,uN78dVim36bUYHLN2gfHbe2/s8E=,pdxklDi0AeHjXm3d9TMVZlvJy7k=
5,2,uN78dVim36bUYHLN2gfHbe2/s8E=,pdxklDi0AeHjXm3d9TMVZlvJy7k=
5,9,uN78dVim36bUYHLN2gfHbe2/s8E=,pdxklDi0AeHjXm3d9TMVZlvJy7k=
5,8,uN78dVim36bUYHLN2gfHbe2/s8E=,hj9gy6nEHWyaUlnQnw2cAOnmZuA=
6,6,uN78dVim36bUYHLN2gfHbe2/s8E=,zzXjLrcbb3GKQG5veLmznQYIcF0=
6,7,uN78dVim36bUYHLN2gfHbe2/s8E=,YkXsKwH4lo3U62AAEUrKCAcofbA=
6,4,uN78dVim36bUYHLN2gfHbe2/s8E=,lUZEWUdPUi6SRUpMSlIcY92M2VE=
6,5,uN78dVim36bUYHLN2gfHbe2/s8E=,pZyJoAqJK76WEZ+Lw31mwJpd3Yk=
6,2,uN78dVim36bUYHLN2gfHbe2/s8E=,pZyJoAqJK76WEZ+Lw31mwJpd3Yk=
6,3,uN78dVim36bUYHLN2gfHbe2/s8E=,pZyJoAqJK76WEZ+Lw31mwJpd3Yk=
6,0,hV2aPRrVV9zPW4pggGEdBBBejU8=,pZyJoAqJK76WEZ+Lw31mwJpd3Yk=
6,1,hV2aPRrVV9zPW4pggGEdBBBejU8=,pZyJoAqJK76WEZ+Lw31mwJpd3Yk=
6,8,hV2aPRrVV9zPW4pggGEdBBBejU8=,pZyJoAqJK76WEZ+Lw31mwJpd3Yk=
6,9,hV2aPRrVV9zPW4pggGEdBBBejU8=,pZyJoAqJK76WEZ+Lw31mwJpd3Yk=
7,7,hV2aPRrVV9zPW4pggGEdBBBejU8=,I4N4zWpnpZ1vpFONfH5txw3I3as=
7,6,hV2aPRrVV9zPW4pggGEdBBBejU8=,I4N4zWpnpZ1vpFONfH5txw3I3as=
7,5,hV2aPRrVV9zPW4pggGEdBBBejU8=,I4N4zWpnpZ1vpFONfH5txw3I3as=
7,4,hV2aPRrVV9zPW4pggGEdBBBejU8=,I4N4zWpnpZ1vpFONfH5txw3I3as=
7,3,hV2aPRrVV9zPW4pggGEdBBBejU8=,L9/ZXMFv1Pc9KMjrtUTyCYFXEdE=
7,2,hV2aPRrVV9zPW4pggGEdBBBejU8=,i2MQSX61Na4T7fKAEzgP2/mm2lg=
7,1,hV2aPRrVV9zPW4pggGEdBBBejU8=,RkPQXFkDfFBMZjV+c72qVZD+N0E=
7,0,hV2aPRrVV9zPW4pggGEdBBBejU8=,RkPQXFkDfFBMZjV+c72qVZD+N0E=
7,9,hV2aPRrVV9zPW4pggGEdBBBejU8=,RkPQXFkDfFBMZjV+c72qVZD+N0E=
7,8,hV2aPRrVV9zPW4pggGEdBBBejU8=,RkPQXFkDfFBMZjV+c72qVZD+N0E=
8,8,hV2aPRrVV9zPW4pggGEdBBBejU8=,VyZiVanJAlXNveCeo6eMD0aoCi8=
8,9,hV2aPRrVV9zPW4pggGEdBBBejU8=,VyZiVanJAlXNveCeo6eMD0aoCi8=
8,0,hV2aPRrVV9zPW4pggGEdBBBejU8=,VyZiVanJAlXNveCeo6eMD0aoCi8=
8,1,hV2aPRrVV9zPW4pggGEdBBBejU8=,z94mptQYL8t/1zoS5d8BZ2pBW+g=
8,2,hV2aPRrVV9zPW4pggGEdBBBejU8=,yidrYDnEyEYQzViz5hpgn26f3Pw=
8,3,hV2aPRrVV9zPW4pggGEdBBBejU8=,yidrYDnEyEYQzViz5hpgn26f3Pw=
8,4,hV2aPRrVV9zPW4pggGEdBBBejU8=,yidrYDnEyEYQzViz5hpgn26f3Pw=
8,5,hV2aPRrVV9zPW4pggGEdBBBejU8=,yidrYDnEyEYQzViz5hpgn26f3Pw=
8,6,31P8vOBImr31Q1EMgfrprSGj/tY=,LxClXHzlnXYW7F7BqA8axXzfeKM=
8,7,31P8vOBImr31Q1EMgfrprSGj/tY=,LxClXHzlnXYW7F7BqA8axXzfeKM=
9,9,31P8vOBImr31Q1EMgfrprSGj/tY=,4a12zMnEjDvnaVWGmkgV/boTuYs=
9,8,31P8vOBImr31Q1EMgfrprSGj/tY=,4a12zMnEjDvnaVWGmkgV/boTuYs=
9,1,31P8vOBImr31Q1EMgfrprSGj/tY=,4a12zMnEjDvnaVWGmkgV/boTuYs=
9,0,31P8vOBImr31Q1EMgfrprSGj/tY=,4a12zMnEjDvnaVWGmkgV/boTuYs=
9,3,31P8vOBImr31Q1EMgfrprSGj/tY=,4a12zMnEjDvnaVWGmkgV/boTuYs=
9,2,31P8vOBImr31Q1EMgfrprSGj/tY=,4a12zMnEjDvnaVWGmkgV/boTuYs=
9,5,31P8vOBImr31Q1EMgfrprSGj/tY=,4a12zMnEjDvnaVWGmkgV/boTuYs=
9,4,31P8vOBImr31Q1EMgfrprSGj/tY=,4a12zMnEjDvnaVWGmkgV/boTuYs=
9,7,31P8vOBImr31Q1EMgfrprSGj/tY=,4a12zMnEjDvnaVWGmkgV/boTuYs=
9,6,31P8vOBImr31Q1EMgfrprSGj/tY=,bclM6bH8njdX3+5TX8wvSvdZHQg=
