-92,104,e7hlVX8FSp2S8zrUGviG6Nv1WLI=,A7e8eLInkOT0GPgcLOHMAR3mHro=
-92,103,e7hlVX8FSp2S8zrUGviG6Nv1WLI=,XJ6ib1hCnSqmZbd3v29TIla9ZlE=
-92,100,KpWo4LX/4XbDQTjOI/Ic//B6FJY=,XJ6ib1hCnSqmZbd3v29TIla9ZlE=
-91,103,KpWo4LX/4XbDQTjOI/Ic//B6FJY=,XJ6ib1hCnSqmZbd3v29TIla9ZlE=
-92,101,KpWo4LX/4XbDQTjOI/Ic//B6FJY=,XJ6ib1hCnSqmZbd3v29TIla9ZlE=
-89,103,KpWo4LX/4XbDQTjOI/Ic//B6FJY=,XJ6ib1hCnSqmZbd3v29TIla9ZlE=
-90,101,FSpFr5xT8M8OXvuLaPtNpsOw5l8=,XJ6ib1hCnSqmZbd3v29TIla9ZlE=
-87,106,FSpFr5xT8M8OXvuLaPtNpsOw5l8=,KNqT+asiVz7Za6WsTOB3T8s41oc=
-88,104,FSpFr5xT8M8OXvuLaPtNpsOw5l8=,KNqT+asiVz7Za6WsTOB3T8s41oc=
-81,103,FSpFr5xT8M8OXvuLaPtNpsOw5l8=,CJw5tkXvs+18Ef+qNy7+/S6lfmU=
-91,101,FSpFr5xT8M8OXvuLaPtNpsOw5l8=,XJ6ib1hCnSqmZbd3v29TIla9ZlE=
-84,102,FSpFr5xT8M8OXvuLaPtNpsOw5l8=,CJw5tkXvs+18Ef+qNy7+/S6lfmU=
-90,102,FSpFr5xT8M8OXvuLaPtNpsOw5l8=,XJ6ib1hCnSqmZbd3v29TIla9ZlE=
-90,100,FSpFr5xT8M8OXvuLaPtNpsOw5l8=,XJ6ib1hCnSqmZbd3v29TIla9ZlE=
-81,102,FSpFr5xT8M8OXvuLaPtNpsOw5l8=,CJw5tkXvs+18Ef+qNy7+/S6lfmU=
-84,100,FSpFr5xT8M8OXvuLaPtNpsOw5l8=,CJw5tkXvs+18Ef+qNy7+/S6lfmU=
-92,105,FSpFr5xT8M8OXvuLaPtNpsOw5l8=,A7e8eLInkOT0GPgcLOHMAR3mHro=
-83,100,FSpFr5xT8M8OXvuLaPtNpsOw5l8=,CJw5tkXvs+18Ef+qNy7+/S6lfmU=
-81,104,FSpFr5xT8M8OXvuLaPtNpsOw5l8=,KNqT+asiVz7Za6WsTOB3T8s41oc=
-82,103,FSpFr5xT8M8OXvuLaPtNpsOw5l8=,CJw5tkXvs+18Ef+qNy7+/S6lfmU=
-82,102,FSpFr5xT8M8OXvuLaPtNpsOw5l8=,CJw5tkXvs+18Ef+qNy7+/S6lfmU=
-83,102,FSpFr5xT8M8OXvuLaPtNpsOw5l8=,CJw5tkXvs+18Ef+qNy7+/S6lfmU=
-92,102,FSpFr5xT8M8OXvuLaPtNpsOw5l8=,XJ6ib1hCnSqmZbd3v29TIla9ZlE=
-88,105,FSpFr5xT8M8OXvuLaPtNpsOw5l8=,KNqT+asiVz7Za6WsTOB3T8s41oc=
-91,102,FSpFr5xT8M8OXvuLaPtNpsOw5l8=,XJ6ib1hCnSqmZbd3v29TIla9ZlE=
-86,100,FSpFr5xT8M8OXvuLaPtNpsOw5l8=,CJw5tkXvs+18Ef+qNy7+/S6lfmU=
-90,103,FSpFr5xT8M8OXvuLaPtNpsOw5l8=,XJ6ib1hCnSqmZbd3v29TIla9ZlE=
-89,100,HsQXXf3SQj22F83qdtDU+9T0++w=,XJ6ib1hCnSqmZbd3v29TIla9ZlE=
-91,105,HsQXXf3SQj22F83qdtDU+9T0++w=,A7e8eLInkOT0GPgcLOHMAR3mHro=
-91,100,HsQXXf3SQj22F83qdtDU+9T0++w=,XJ6ib1hCnSqmZbd3v29TIla9ZlE=
-82,100,HsQXXf3SQj22F83qdtDU+9T0++w=,CJw5tkXvs+18Ef+qNy7+/S6lfmU=
-89,102,HsQXXf3SQj22F83qdtDU+9T0++w=,XJ6ib1hCnSqmZbd3v29TIla9ZlE=
-83,103,HsQXXf3SQj22F83qdtDU+9T0++w=,CJw5tkXvs+18Ef+qNy7+/S6lfmU=
-84,105,HsQXXf3SQj22F83qdtDU+9T0++w=,KNqT+asiVz7Za6WsTOB3T8s41oc=
-85,100,HsQXXf3SQj22F83qdtDU+9T0++w=,CJw5tkXvs+18Ef+qNy7+/S6lfmU=
-89,101,HsQXXf3SQj22F83qdtDU+9T0++w=,XJ6ib1hCnSqmZbd3v29TIla9ZlE=
-90,105,HsQXXf3SQj22F83qdtDU+9T0++w=,A7e8eLInkOT0GPgcLOHMAR3mHro=
-88,100,HsQXXf3SQj22F83qdtDU+9T0++w=,CJw5tkXvs+18Ef+qNy7+/S6lfmU=
-83,105,HsQXXf3SQj22F83qdtDU+9T0++w=,KNqT+asiVz7Za6WsTOB3T8s41oc=
-86,101,HsQXXf3SQj22F83qdtDU+9T0++w=,CJw5tkXvs+18Ef+qNy7+/S6lfmU=
-87,100,HsQXXf3SQj22F83qdtDU+9T0++w=,CJw5tkXvs+18Ef+qNy7+/S6lfmU=
-85,101,rDr/pkSHRdvfvyQM0ucjJaQ4JGQ=,CJw5tkXvs+18Ef+qNy7+/S6lfmU=
-84,103,rDr/pkSHRdvfvyQM0ucjJaQ4JGQ=,CJw5tkXvs+18Ef+qNy7+/S6lfmU=
-88,107,rDr/pkSHRdvfvyQM0ucjJaQ4JGQ=,KNqT+asiVz7Za6WsTOB3T8s41oc=
-88,101,rDr/pkSHRdvfvyQM0ucjJaQ4JGQ=,CJw5tkXvs+18Ef+qNy7+/S6lfmU=
-81,107,rDr/pkSHRdvfvyQM0ucjJaQ4JGQ=,KNqT+asiVz7Za6WsTOB3T8s41oc=
-87,102,rDr/pkSHRdvfvyQM0ucjJaQ4JGQ=,CJw5tkXvs+18Ef+qNy7+/S6lfmU=
-81,101,rDr/pkSHRdvfvyQM0ucjJaQ4JGQ=,CJw5tkXvs+18Ef+qNy7+/S6lfmU=
-92,106,rDr/pkSHRdvfvyQM0ucjJaQ4JGQ=,A7e8eLInkOT0GPgcLOHMAR3mHro=
-88,103,rDr/pkSHRdvfvyQM0ucjJaQ4JGQ=,CJw5tkXvs+18Ef+qNy7+/S6lfmU=
-89,105,rDr/pkSHRdvfvyQM0ucjJaQ4JGQ=,A7e8eLInkOT0GPgcLOHMAR3mHro=
-88,102,rDr/pkSHRdvfvyQM0ucjJaQ4JGQ=,CJw5tkXvs+18Ef+qNy7+/S6lfmU=
-83,101,rDr/pkSHRdvfvyQM0ucjJaQ4JGQ=,CJw5tkXvs+18Ef+qNy7+/S6lfmU=
-91,106,rDr/pkSHRdvfvyQM0ucjJaQ4JGQ=,A7e8eLInkOT0GPgcLOHMAR3mHro=
-90,106,rDr/pkSHRdvfvyQM0ucjJaQ4JGQ=,A7e8eLInkOT0GPgcLOHMAR3mHro=
-86,106,rDr/pkSHRdvfvyQM0ucjJaQ4JGQ=,KNqT+asiVz7Za6WsTOB3T8s41oc=
-84,101,rDr/pkSHRdvfvyQM0ucjJaQ4JGQ=,CJw5tkXvs+18Ef+qNy7+/S6lfmU=
-85,106,rDr/pkSHRdvfvyQM0ucjJaQ4JGQ=,KNqT+asiVz7Za6WsTOB3T8s41oc=
-82,101,rDr/pkSHRdvfvyQM0ucjJaQ4JGQ=,CJw5tkXvs+18Ef+qNy7+/S6lfmU=
-82,105,rDr/pkSHRdvfvyQM0ucjJaQ4JGQ=,KNqT+asiVz7Za6WsTOB3T8s41oc=
-87,101,rDr/pkSHRdvfvyQM0ucjJaQ4JGQ=,CJw5tkXvs+18Ef+qNy7+/S6lfmU=
-89,106,rDr/pkSHRdvfvyQM0ucjJaQ4JGQ=,A7e8eLInkOT0GPgcLOHMAR3mHro=
-81,100,rDr/pkSHRdvfvyQM0ucjJaQ4JGQ=,CJw5tkXvs+18Ef+qNy7+/S6lfmU=
-86,104,rDr/pkSHRdvfvyQM0ucjJaQ4JGQ=,KNqT+asiVz7Za6WsTOB3T8s41oc=
-88,106,rDr/pkSHRdvfvyQM0ucjJaQ4JGQ=,KNqT+asiVz7Za6WsTOB3T8s41oc=
-86,102,rDr/pkSHRdvfvyQM0ucjJaQ4JGQ=,CJw5tkXvs+18Ef+qNy7+/S6lfmU=
-85,103,rDr/pkSHRdvfvyQM0ucjJaQ4JGQ=,CJw5tkXvs+18Ef+qNy7+/S6lfmU=
-85,104,rDr/pkSHRdvfvyQM0ucjJaQ4JGQ=,KNqT+asiVz7Za6WsTOB3T8s41oc=
-87,105,rDr/pkSHRdvfvyQM0ucjJaQ4JGQ=,KNqT+asiVz7Za6WsTOB3T8s41oc=
-87,104,rDr/pkSHRdvfvyQM0ucjJaQ4JGQ=,KNqT+asiVz7Za6WsTOB3T8s41oc=
-86,107,rDr/pkSHRdvfvyQM0ucjJaQ4JGQ=,KNqT+asiVz7Za6WsTOB3T8s41oc=
-86,105,rDr/pkSHRdvfvyQM0ucjJaQ4JGQ=,KNqT+asiVz7Za6WsTOB3T8s41oc=
-85,105,rDr/pkSHRdvfvyQM0ucjJaQ4JGQ=,KNqT+asiVz7Za6WsTOB3T8s41oc=
-83,104,rDr/pkSHRdvfvyQM0ucjJaQ4JGQ=,KNqT+asiVz7Za6WsTOB3T8s41oc=
-82,104,rDr/pkSHRdvfvyQM0ucjJaQ4JGQ=,KNqT+asiVz7Za6WsTOB3T8s41oc=
-84,104,rDr/pkSHRdvfvyQM0ucjJaQ4JGQ=,KNqT+asiVz7Za6WsTOB3T8s41oc=
-86,103,rDr/pkSHRdvfvyQM0ucjJaQ4JGQ=,CJw5tkXvs+18Ef+qNy7+/S6lfmU=
-85,107,rDr/pkSHRdvfvyQM0ucjJaQ4JGQ=,KNqT+asiVz7Za6WsTOB3T8s41oc=
-87,107,rDr/pkSHRdvfvyQM0ucjJaQ4JGQ=,KNqT+asiVz7Za6WsTOB3T8s41oc=
-82,107,rDr/pkSHRdvfvyQM0ucjJaQ4JGQ=,KNqT+asiVz7Za6WsTOB3T8s41oc=
-81,106,rDr/pkSHRdvfvyQM0ucjJaQ4JGQ=,KNqT+asiVz7Za6WsTOB3T8s41oc=
-85,102,rDr/pkSHRdvfvyQM0ucjJaQ4JGQ=,CJw5tkXvs+18Ef+qNy7+/S6lfmU=
-84,106,rDr/pkSHRdvfvyQM0ucjJaQ4JGQ=,KNqT+asiVz7Za6WsTOB3T8s41oc=
-82,106,rDr/pkSHRdvfvyQM0ucjJaQ4JGQ=,KNqT+asiVz7Za6WsTOB3T8s41oc=
-87,103,rDr/pkSHRdvfvyQM0ucjJaQ4JGQ=,CJw5tkXvs+18Ef+qNy7+/S6lfmU=
-84,107,rDr/pkSHRdvfvyQM0ucjJaQ4JGQ=,KNqT+asiVz7Za6WsTOB3T8s41oc=
-83,107,rDr/pkSHRdvfvyQM0ucjJaQ4JGQ=,KNqT+asiVz7Za6WsTOB3T8s41oc=
-92,107,rDr/pkSHRdvfvyQM0ucjJaQ4JGQ=,A7e8eLInkOT0GPgcLOHMAR3mHro=
-91,107,rDr/pkSHRdvfvyQM0ucjJaQ4JGQ=,A7e8eLInkOT0GPgcLOHMAR3mHro=
-89,107,rDr/pkSHRdvfvyQM0ucjJaQ4JGQ=,A7e8eLInkOT0GPgcLOHMAR3mHro=
-83,106,rDr/pkSHRdvfvyQM0ucjJaQ4JGQ=,KNqT+asiVz7Za6WsTOB3T8s41oc=
-90,107,rDr/pkSHRdvfvyQM0ucjJaQ4JGQ=,A7e8eLInkOT0GPgcLOHMAR3mHro=
-89,104,rDr/pkSHRdvfvyQM0ucjJaQ4JGQ=,A7e8eLInkOT0GPgcLOHMAR3mHro=
-81,105,rDr/pkSHRdvfvyQM0ucjJaQ4JGQ=,KNqT+asiVz7Za6WsTOB3T8s41oc=
-91,104,rDr/pkSHRdvfvyQM0ucjJaQ4JGQ=,A7e8eLInkOT0GPgcLOHMAR3mHro=
-89,111,rDr/pkSHRdvfvyQM0ucjJaQ4JGQ=,A7e8eLInkOT0GPgcLOHMAR3mHro=
-95,107,rDr/pkSHRdvfvyQM0ucjJaQ4JGQ=,A7e8eLInkOT0GPgcLOHMAR3mHro=
-96,103,rDr/pkSHRdvfvyQM0ucjJaQ4JGQ=,XJ6ib1hCnSqmZbd3v29TIla9ZlE=
-94,106,rDr/pkSHRdvfvyQM0ucjJaQ4JGQ=,A7e8eLInkOT0GPgcLOHMAR3mHro=
-95,105,rDr/pkSHRdvfvyQM0ucjJaQ4JGQ=,A7e8eLInkOT0GPgcLOHMAR3mHro=
-90,104,rDr/pkSHRdvfvyQM0ucjJaQ4JGQ=,A7e8eLInkOT0GPgcLOHMAR3mHro=
-93,106,rDr/pkSHRdvfvyQM0ucjJaQ4JGQ=,A7e8eLInkOT0GPgcLOHMAR3mHro=
-95,106,rDr/pkSHRdvfvyQM0ucjJaQ4JGQ=,A7e8eLInkOT0GPgcLOHMAR3mHro=
-96,104,rDr/pkSHRdvfvyQM0ucjJaQ4JGQ=,A7e8eLInkOT0GPgcLOHMAR3mHro=
-94,105,rDr/pkSHRdvfvyQM0ucjJaQ4JGQ=,A7e8eLInkOT0GPgcLOHMAR3mHro=
-86,108,rDr/pkSHRdvfvyQM0ucjJaQ4JGQ=,KNqT+asiVz7Za6WsTOB3T8s41oc=
-82,111,rDr/pkSHRdvfvyQM0ucjJaQ4JGQ=,KNqT+asiVz7Za6WsTOB3T8s41oc=
-90,111,rDr/pkSHRdvfvyQM0ucjJaQ4JGQ=,A7e8eLInkOT0GPgcLOHMAR3mHro=
-87,108,rDr/pkSHRdvfvyQM0ucjJaQ4JGQ=,KNqT+asiVz7Za6WsTOB3T8s41oc=
-93,107,rDr/pkSHRdvfvyQM0ucjJaQ4JGQ=,A7e8eLInkOT0GPgcLOHMAR3mHro=
-81,111,rDr/pkSHRdvfvyQM0ucjJaQ4JGQ=,KNqT+asiVz7Za6WsTOB3T8s41oc=
-93,105,rDr/pkSHRdvfvyQM0ucjJaQ4JGQ=,A7e8eLInkOT0GPgcLOHMAR3mHro=
-96,102,rDr/pkSHRdvfvyQM0ucjJaQ4JGQ=,XJ6ib1hCnSqmZbd3v29TIla9ZlE=
-94,107,rDr/pkSHRdvfvyQM0ucjJaQ4JGQ=,A7e8eLInkOT0GPgcLOHMAR3mHro=
-95,104,rDr/pkSHRdvfvyQM0ucjJaQ4JGQ=,A7e8eLInkOT0GPgcLOHMAR3mHro=
-96,105,rDr/pkSHRdvfvyQM0ucjJaQ4JGQ=,A7e8eLInkOT0GPgcLOHMAR3mHro=
-94,104,rDr/pkSHRdvfvyQM0ucjJaQ4JGQ=,A7e8eLInkOT0GPgcLOHMAR3mHro=
-93,104,rDr/pkSHRdvfvyQM0ucjJaQ4JGQ=,A7e8eLInkOT0GPgcLOHMAR3mHro=
-91,111,rDr/pkSHRdvfvyQM0ucjJaQ4JGQ=,A7e8eLInkOT0GPgcLOHMAR3mHro=
-96,107,rDr/pkSHRdvfvyQM0ucjJaQ4JGQ=,A7e8eLInkOT0GPgcLOHMAR3mHro=
-96,100,rDr/pkSHRdvfvyQM0ucjJaQ4JGQ=,XJ6ib1hCnSqmZbd3v29TIla9ZlE=
-96,106,rDr/pkSHRdvfvyQM0ucjJaQ4JGQ=,A7e8eLInkOT0GPgcLOHMAR3mHro=
-88,111,rDr/pkSHRdvfvyQM0ucjJaQ4JGQ=,KNqT+asiVz7Za6WsTOB3T8s41oc=
-85,108,rDr/pkSHRdvfvyQM0ucjJaQ4JGQ=,KNqT+asiVz7Za6WsTOB3T8s41oc=
-85,111,rDr/pkSHRdvfvyQM0ucjJaQ4JGQ=,KNqT+asiVz7Za6WsTOB3T8s41oc=
-84,111,rDr/pkSHRdvfvyQM0ucjJaQ4JGQ=,KNqT+asiVz7Za6WsTOB3T8s41oc=
-95,101,rDr/pkSHRdvfvyQM0ucjJaQ4JGQ=,XJ6ib1hCnSqmZbd3v29TIla9ZlE=
-86,111,rDr/pkSHRdvfvyQM0ucjJaQ4JGQ=,KNqT+asiVz7Za6WsTOB3T8s41oc=
-84,108,rDr/pkSHRdvfvyQM0ucjJaQ4JGQ=,KNqT+asiVz7Za6WsTOB3T8s41oc=
-92,108,rDr/pkSHRdvfvyQM0ucjJaQ4JGQ=,A7e8eLInkOT0GPgcLOHMAR3mHro=
-96,101,rDr/pkSHRdvfvyQM0ucjJaQ4JGQ=,XJ6ib1hCnSqmZbd3v29TIla9ZlE=
-87,111,rDr/pkSHRdvfvyQM0ucjJaQ4JGQ=,KNqT+asiVz7Za6WsTOB3T8s41oc=
-83,111,rDr/pkSHRdvfvyQM0ucjJaQ4JGQ=,KNqT+asiVz7Za6WsTOB3T8s41oc=
-81,110,rDr/pkSHRdvfvyQM0ucjJaQ4JGQ=,KNqT+asiVz7Za6WsTOB3T8s41oc=
-92,109,rDr/pkSHRdvfvyQM0ucjJaQ4JGQ=,A7e8eLInkOT0GPgcLOHMAR3mHro=
-90,108,rDr/pkSHRdvfvyQM0ucjJaQ4JGQ=,A7e8eLInkOT0GPgcLOHMAR3mHro=
-92,111,rDr/pkSHRdvfvyQM0ucjJaQ4JGQ=,A7e8eLInkOT0GPgcLOHMAR3mHro=
-89,108,rDr/pkSHRdvfvyQM0ucjJaQ4JGQ=,A7e8eLInkOT0GPgcLOHMAR3mHro=
-82,108,rDr/pkSHRdvfvyQM0ucjJaQ4JGQ=,KNqT+asiVz7Za6WsTOB3T8s41oc=
-90,109,rDr/pkSHRdvfvyQM0ucjJaQ4JGQ=,A7e8eLInkOT0GPgcLOHMAR3mHro=
-91,109,rDr/pkSHRdvfvyQM0ucjJaQ4JGQ=,A7e8eLInkOT0GPgcLOHMAR3mHro=
-93,103,rDr/pkSHRdvfvyQM0ucjJaQ4JGQ=,XJ6ib1hCnSqmZbd3v29TIla9ZlE=
-92,110,rDr/pkSHRdvfvyQM0ucjJaQ4JGQ=,A7e8eLInkOT0GPgcLOHMAR3mHro=
-91,108,rDr/pkSHRdvfvyQM0ucjJaQ4JGQ=,A7e8eLInkOT0GPgcLOHMAR3mHro=
-83,108,rDr/pkSHRdvfvyQM0ucjJaQ4JGQ=,KNqT+asiVz7Za6WsTOB3T8s41oc=
-89,109,rDr/pkSHRdvfvyQM0ucjJaQ4JGQ=,A7e8eLInkOT0GPgcLOHMAR3mHro=
-91,110,rDr/pkSHRdvfvyQM0ucjJaQ4JGQ=,A7e8eLInkOT0GPgcLOHMAR3mHro=
-87,109,rDr/pkSHRdvfvyQM0ucjJaQ4JGQ=,KNqT+asiVz7Za6WsTOB3T8s41oc=
-94,101,rDr/pkSHRdvfvyQM0ucjJaQ4JGQ=,XJ6ib1hCnSqmZbd3v29TIla9ZlE=
-89,110,rDr/pkSHRdvfvyQM0ucjJaQ4JGQ=,A7e8eLInkOT0GPgcLOHMAR3mHro=
-86,109,rDr/pkSHRdvfvyQM0ucjJaQ4JGQ=,KNqT+asiVz7Za6WsTOB3T8s41oc=
-94,103,rDr/pkSHRdvfvyQM0ucjJaQ4JGQ=,XJ6ib1hCnSqmZbd3v29TIla9ZlE=
-94,100,rDr/pkSHRdvfvyQM0ucjJaQ4JGQ=,XJ6ib1hCnSqmZbd3v29TIla9ZlE=
-95,100,rDr/pkSHRdvfvyQM0ucjJaQ4JGQ=,XJ6ib1hCnSqmZbd3v29TIla9ZlE=
-81,109,rDr/pkSHRdvfvyQM0ucjJaQ4JGQ=,KNqT+asiVz7Za6WsTOB3T8s41oc=
-90,110,rDr/pkSHRdvfvyQM0ucjJaQ4JGQ=,A7e8eLInkOT0GPgcLOHMAR3mHro=
-83,109,rDr/pkSHRdvfvyQM0ucjJaQ4JGQ=,KNqT+asiVz7Za6WsTOB3T8s41oc=
-93,101,rDr/pkSHRdvfvyQM0ucjJaQ4JGQ=,XJ6ib1hCnSqmZbd3v29TIla9ZlE=
-82,109,rDr/pkSHRdvfvyQM0ucjJaQ4JGQ=,KNqT+asiVz7Za6WsTOB3T8s41oc=
-84,109,rDr/pkSHRdvfvyQM0ucjJaQ4JGQ=,KNqT+asiVz7Za6WsTOB3T8s41oc=
-93,100,rDr/pkSHRdvfvyQM0ucjJaQ4JGQ=,XJ6ib1hCnSqmZbd3v29TIla9ZlE=
-95,103,rDr/pkSHRdvfvyQM0ucjJaQ4JGQ=,XJ6ib1hCnSqmZbd3v29TIla9ZlE=
-94,102,rDr/pkSHRdvfvyQM0ucjJaQ4JGQ=,XJ6ib1hCnSqmZbd3v29TIla9ZlE=
-85,109,rDr/pkSHRdvfvyQM0ucjJaQ4JGQ=,KNqT+asiVz7Za6WsTOB3T8s41oc=
-81,108,rDr/pkSHRdvfvyQM0ucjJaQ4JGQ=,KNqT+asiVz7Za6WsTOB3T8s41oc=
-87,110,rDr/pkSHRdvfvyQM0ucjJaQ4JGQ=,KNqT+asiVz7Za6WsTOB3T8s41oc=
-95,102,rDr/pkSHRdvfvyQM0ucjJaQ4JGQ=,XJ6ib1hCnSqmZbd3v29TIla9ZlE=
-93,102,rDr/pkSHRdvfvyQM0ucjJaQ4JGQ=,XJ6ib1hCnSqmZbd3v29TIla9ZlE=
-86,110,rDr/pkSHRdvfvyQM0ucjJaQ4JGQ=,KNqT+asiVz7Za6WsTOB3T8s41oc=
-88,109,rDr/pkSHRdvfvyQM0ucjJaQ4JGQ=,KNqT+asiVz7Za6WsTOB3T8s41oc=
-88,110,rDr/pkSHRdvfvyQM0ucjJaQ4JGQ=,KNqT+asiVz7Za6WsTOB3T8s41oc=
-85,110,rDr/pkSHRdvfvyQM0ucjJaQ4JGQ=,KNqT+asiVz7Za6WsTOB3T8s41oc=
-83,110,rDr/pkSHRdvfvyQM0ucjJaQ4JGQ=,KNqT+asiVz7Za6WsTOB3T8s41oc=
-88,108,rDr/pkSHRdvfvyQM0ucjJaQ4JGQ=,KNqT+asiVz7Za6WsTOB3T8s41oc=
-84,110,rDr/pkSHRdvfvyQM0ucjJaQ4JGQ=,KNqT+asiVz7Za6WsTOB3T8s41oc=
-82,110,rDr/pkSHRdvfvyQM0ucjJaQ4JGQ=,KNqT+asiVz7Za6WsTOB3T8s41oc=
-93,109,rDr/pkSHRdvfvyQM0ucjJaQ4JGQ=,A7e8eLInkOT0GPgcLOHMAR3mHro=
-93,108,rDr/pkSHRdvfvyQM0ucjJaQ4JGQ=,A7e8eLInkOT0GPgcLOHMAR3mHro=
-93,111,rDr/pkSHRdvfvyQM0ucjJaQ4JGQ=,A7e8eLInkOT0GPgcLOHMAR3mHro=
-96,108,rDr/pkSHRdvfvyQM0ucjJaQ4JGQ=,A7e8eLInkOT0GPgcLOHMAR3mHro=
-94,109,rDr/pkSHRdvfvyQM0ucjJaQ4JGQ=,A7e8eLInkOT0GPgcLOHMAR3mHro=
-95,109,rDr/pkSHRdvfvyQM0ucjJaQ4JGQ=,A7e8eLInkOT0GPgcLOHMAR3mHro=
-95,110,rDr/pkSHRdvfvyQM0ucjJaQ4JGQ=,A7e8eLInkOT0GPgcLOHMAR3mHro=
-94,111,rDr/pkSHRdvfvyQM0ucjJaQ4JGQ=,A7e8eLInkOT0GPgcLOHMAR3mHro=
-95,108,rDr/pkSHRdvfvyQM0ucjJaQ4JGQ=,A7e8eLInkOT0GPgcLOHMAR3mHro=
-96,109,rDr/pkSHRdvfvyQM0ucjJaQ4JGQ=,A7e8eLInkOT0GPgcLOHMAR3mHro=
-96,111,rDr/pkSHRdvfvyQM0ucjJaQ4JGQ=,A7e8eLInkOT0GPgcLOHMAR3mHro=
-94,108,rDr/pkSHRdvfvyQM0ucjJaQ4JGQ=,A7e8eLInkOT0GPgcLOHMAR3mHro=
-93,110,rDr/pkSHRdvfvyQM0ucjJaQ4JGQ=,A7e8eLInkOT0GPgcLOHMAR3mHro=
-96,96,rDr/pkSHRdvfvyQM0ucjJaQ4JGQ=,XJ6ib1hCnSqmZbd3v29TIla9ZlE=
-95,97,rDr/pkSHRdvfvyQM0ucjJaQ4JGQ=,XJ6ib1hCnSqmZbd3v29TIla9ZlE=
-92,99,rDr/pkSHRdvfvyQM0ucjJaQ4JGQ=,XJ6ib1hCnSqmZbd3v29TIla9ZlE=
-94,96,rDr/pkSHRdvfvyQM0ucjJaQ4JGQ=,XJ6ib1hCnSqmZbd3v29TIla9ZlE=
-95,111,rDr/pkSHRdvfvyQM0ucjJaQ4JGQ=,A7e8eLInkOT0GPgcLOHMAR3mHro=
-85,96,rDr/pkSHRdvfvyQM0ucjJaQ4JGQ=,CJw5tkXvs+18Ef+qNy7+/S6lfmU=
-96,110,rDr/pkSHRdvfvyQM0ucjJaQ4JGQ=,A7e8eLInkOT0GPgcLOHMAR3mHro=
-92,97,rDr/pkSHRdvfvyQM0ucjJaQ4JGQ=,XJ6ib1hCnSqmZbd3v29TIla9ZlE=
-95,96,rDr/pkSHRdvfvyQM0ucjJaQ4JGQ=,XJ6ib1hCnSqmZbd3v29TIla9ZlE=
-91,99,rDr/pkSHRdvfvyQM0ucjJaQ4JGQ=,XJ6ib1hCnSqmZbd3v29TIla9ZlE=
-94,110,rDr/pkSHRdvfvyQM0ucjJaQ4JGQ=,A7e8eLInkOT0GPgcLOHMAR3mHro=
-86,97,rDr/pkSHRdvfvyQM0ucjJaQ4JGQ=,CJw5tkXvs+18Ef+qNy7+/S6lfmU=
-87,97,rDr/pkSHRdvfvyQM0ucjJaQ4JGQ=,CJw5tkXvs+18Ef+qNy7+/S6lfmU=
-90,99,rDr/pkSHRdvfvyQM0ucjJaQ4JGQ=,XJ6ib1hCnSqmZbd3v29TIla9ZlE=
-94,97,rDr/pkSHRdvfvyQM0ucjJaQ4JGQ=,XJ6ib1hCnSqmZbd3v29TIla9ZlE=
-94,98,rDr/pkSHRdvfvyQM0ucjJaQ4JGQ=,XJ6ib1hCnSqmZbd3v29TIla9ZlE=
-93,98,rDr/pkSHRdvfvyQM0ucjJaQ4JGQ=,XJ6ib1hCnSqmZbd3v29TIla9ZlE=
-93,96,rDr/pkSHRdvfvyQM0ucjJaQ4JGQ=,XJ6ib1hCnSqmZbd3v29TIla9ZlE=
-96,98,rDr/pkSHRdvfvyQM0ucjJaQ4JGQ=,XJ6ib1hCnSqmZbd3v29TIla9ZlE=
-86,96,rDr/pkSHRdvfvyQM0ucjJaQ4JGQ=,CJw5tkXvs+18Ef+qNy7+/S6lfmU=
-92,98,rDr/pkSHRdvfvyQM0ucjJaQ4JGQ=,XJ6ib1hCnSqmZbd3v29TIla9ZlE=
-91,97,rDr/pkSHRdvfvyQM0ucjJaQ4JGQ=,XJ6ib1hCnSqmZbd3v29TIla9ZlE=
-95,99,rDr/pkSHRdvfvyQM0ucjJaQ4JGQ=,XJ6ib1hCnSqmZbd3v29TIla9ZlE=
-90,97,rDr/pkSHRdvfvyQM0ucjJaQ4JGQ=,XJ6ib1hCnSqmZbd3v29TIla9ZlE=
-94,99,rDr/pkSHRdvfvyQM0ucjJaQ4JGQ=,XJ6ib1hCnSqmZbd3v29TIla9ZlE=
-88,97,rDr/pkSHRdvfvyQM0ucjJaQ4JGQ=,CJw5tkXvs+18Ef+qNy7+/S6lfmU=
-93,99,rDr/pkSHRdvfvyQM0ucjJaQ4JGQ=,XJ6ib1hCnSqmZbd3v29TIla9ZlE=
-93,97,rDr/pkSHRdvfvyQM0ucjJaQ4JGQ=,XJ6ib1hCnSqmZbd3v29TIla9ZlE=
-85,97,rDr/pkSHRdvfvyQM0ucjJaQ4JGQ=,CJw5tkXvs+18Ef+qNy7+/S6lfmU=
-91,98,rDr/pkSHRdvfvyQM0ucjJaQ4JGQ=,XJ6ib1hCnSqmZbd3v29TIla9ZlE=
-95,98,rDr/pkSHRdvfvyQM0ucjJaQ4JGQ=,XJ6ib1hCnSqmZbd3v29TIla9ZlE=
-96,99,rDr/pkSHRdvfvyQM0ucjJaQ4JGQ=,XJ6ib1hCnSqmZbd3v29TIla9ZlE=
-96,97,rDr/pkSHRdvfvyQM0ucjJaQ4JGQ=,XJ6ib1hCnSqmZbd3v29TIla9ZlE=
-87,96,rDr/pkSHRdvfvyQM0ucjJaQ4JGQ=,CJw5tkXvs+18Ef+qNy7+/S6lfmU=
-90,98,rDr/pkSHRdvfvyQM0ucjJaQ4JGQ=,XJ6ib1hCnSqmZbd3v29TIla9ZlE=
-92,96,rDr/pkSHRdvfvyQM0ucjJaQ4JGQ=,XJ6ib1hCnSqmZbd3v29TIla9ZlE=
-89,96,rDr/pkSHRdvfvyQM0ucjJaQ4JGQ=,XJ6ib1hCnSqmZbd3v29TIla9ZlE=
-81,96,rDr/pkSHRdvfvyQM0ucjJaQ4JGQ=,CJw5tkXvs+18Ef+qNy7+/S6lfmU=
-90,96,rDr/pkSHRdvfvyQM0ucjJaQ4JGQ=,XJ6ib1hCnSqmZbd3v29TIla9ZlE=
-91,96,rDr/pkSHRdvfvyQM0ucjJaQ4JGQ=,XJ6ib1hCnSqmZbd3v29TIla9ZlE=
-87,98,rDr/pkSHRdvfvyQM0ucjJaQ4JGQ=,CJw5tkXvs+18Ef+qNy7+/S6lfmU=
-85,99,rDr/pkSHRdvfvyQM0ucjJaQ4JGQ=,CJw5tkXvs+18Ef+qNy7+/S6lfmU=
-85,98,rDr/pkSHRdvfvyQM0ucjJaQ4JGQ=,CJw5tkXvs+18Ef+qNy7+/S6lfmU=
-88,96,rDr/pkSHRdvfvyQM0ucjJaQ4JGQ=,CJw5tkXvs+18Ef+qNy7+/S6lfmU=
-87,99,rDr/pkSHRdvfvyQM0ucjJaQ4JGQ=,CJw5tkXvs+18Ef+qNy7+/S6lfmU=
-89,98,rDr/pkSHRdvfvyQM0ucjJaQ4JGQ=,XJ6ib1hCnSqmZbd3v29TIla9ZlE=
-86,99,rDr/pkSHRdvfvyQM0ucjJaQ4JGQ=,CJw5tkXvs+18Ef+qNy7+/S6lfmU=
-89,99,rDr/pkSHRdvfvyQM0ucjJaQ4JGQ=,XJ6ib1hCnSqmZbd3v29TIla9ZlE=
-89,97,rDr/pkSHRdvfvyQM0ucjJaQ4JGQ=,XJ6ib1hCnSqmZbd3v29TIla9ZlE=
-82,97,rDr/pkSHRdvfvyQM0ucjJaQ4JGQ=,CJw5tkXvs+18Ef+qNy7+/S6lfmU=
-86,98,rDr/pkSHRdvfvyQM0ucjJaQ4JGQ=,CJw5tkXvs+18Ef+qNy7+/S6lfmU=
-88,98,rDr/pkSHRdvfvyQM0ucjJaQ4JGQ=,CJw5tkXvs+18Ef+qNy7+/S6lfmU=
-84,97,rDr/pkSHRdvfvyQM0ucjJaQ4JGQ=,CJw5tkXvs+18Ef+qNy7+/S6lfmU=
-83,97,rDr/pkSHRdvfvyQM0ucjJaQ4JGQ=,CJw5tkXvs+18Ef+qNy7+/S6lfmU=
-83,98,rDr/pkSHRdvfvyQM0ucjJaQ4JGQ=,CJw5tkXvs+18Ef+qNy7+/S6lfmU=
-88,99,rDr/pkSHRdvfvyQM0ucjJaQ4JGQ=,CJw5tkXvs+18Ef+qNy7+/S6lfmU=
-82,99,rDr/pkSHRdvfvyQM0ucjJaQ4JGQ=,CJw5tkXvs+18Ef+qNy7+/S6lfmU=
-82,96,rDr/pkSHRdvfvyQM0ucjJaQ4JGQ=,CJw5tkXvs+18Ef+qNy7+/S6lfmU=
-83,96,rDr/pkSHRdvfvyQM0ucjJaQ4JGQ=,CJw5tkXvs+18Ef+qNy7+/S6lfmU=
-84,98,rDr/pkSHRdvfvyQM0ucjJaQ4JGQ=,CJw5tkXvs+18Ef+qNy7+/S6lfmU=
-82,98,rDr/pkSHRdvfvyQM0ucjJaQ4JGQ=,CJw5tkXvs+18Ef+qNy7+/S6lfmU=
-84,99,rDr/pkSHRdvfvyQM0ucjJaQ4JGQ=,CJw5tkXvs+18Ef+qNy7+/S6lfmU=
-81,97,rDr/pkSHRdvfvyQM0ucjJaQ4JGQ=,CJw5tkXvs+18Ef+qNy7+/S6lfmU=
-81,98,rDr/pkSHRdvfvyQM0ucjJaQ4JGQ=,CJw5tkXvs+18Ef+qNy7+/S6lfmU=
-84,96,rDr/pkSHRdvfvyQM0ucjJaQ4JGQ=,CJw5tkXvs+18Ef+qNy7+/S6lfmU=
-81,99,rDr/pkSHRdvfvyQM0ucjJaQ4JGQ=,CJw5tkXvs+18Ef+qNy7+/S6lfmU=
-83,99,rDr/pkSHRdvfvyQM0ucjJaQ4JGQ=,CJw5tkXvs+18Ef+qNy7+/S6lfmU=
-84,118,+aDW+28oLdX5qUWSZeZIqUwK3e4=,pcL6MON/LtV0FaYWF/QvBP2r8v8=
-83,118,fH/rKWj8qJYDgFroUynxrWpeDZ0=,pcL6MON/LtV0FaYWF/QvBP2r8v8=
-82,118,fH/rKWj8qJYDgFroUynxrWpeDZ0=,pcL6MON/LtV0FaYWF/QvBP2r8v8=
-83,116,fH/rKWj8qJYDgFroUynxrWpeDZ0=,pcL6MON/LtV0FaYWF/QvBP2r8v8=
-82,116,fH/rKWj8qJYDgFroUynxrWpeDZ0=,pcL6MON/LtV0FaYWF/QvBP2r8v8=
-81,118,fH/rKWj8qJYDgFroUynxrWpeDZ0=,pcL6MON/LtV0FaYWF/QvBP2r8v8=
-86,116,fH/rKWj8qJYDgFroUynxrWpeDZ0=,pcL6MON/LtV0FaYWF/QvBP2r8v8=
-84,116,fH/rKWj8qJYDgFroUynxrWpeDZ0=,pcL6MON/LtV0FaYWF/QvBP2r8v8=
-87,116,ZulzW4Jj6RGcExIrm8U1YY3+/Eg=,pcL6MON/LtV0FaYWF/QvBP2r8v8=
-85,116,ZulzW4Jj6RGcExIrm8U1YY3+/Eg=,pcL6MON/LtV0FaYWF/QvBP2r8v8=
-81,119,ZulzW4Jj6RGcExIrm8U1YY3+/Eg=,pcL6MON/LtV0FaYWF/QvBP2r8v8=
-91,116,ZulzW4Jj6RGcExIrm8U1YY3+/Eg=,2k5KEXwu4yn02Useqxa7u8bO20A=
-81,116,ZulzW4Jj6RGcExIrm8U1YY3+/Eg=,pcL6MON/LtV0FaYWF/QvBP2r8v8=
-89,119,ZulzW4Jj6RGcExIrm8U1YY3+/Eg=,2k5KEXwu4yn02Useqxa7u8bO20A=
-87,117,ZulzW4Jj6RGcExIrm8U1YY3+/Eg=,pcL6MON/LtV0FaYWF/QvBP2r8v8=
-82,117,ZulzW4Jj6RGcExIrm8U1YY3+/Eg=,pcL6MON/LtV0FaYWF/QvBP2r8v8=
-83,120,ZulzW4Jj6RGcExIrm8U1YY3+/Eg=,krHkb9XcoSvUdVvbxK+uCk2rcOA=
-83,117,ZulzW4Jj6RGcExIrm8U1YY3+/Eg=,pcL6MON/LtV0FaYWF/QvBP2r8v8=
-85,118,ZulzW4Jj6RGcExIrm8U1YY3+/Eg=,pcL6MON/LtV0FaYWF/QvBP2r8v8=
-85,117,ZulzW4Jj6RGcExIrm8U1YY3+/Eg=,pcL6MON/LtV0FaYWF/QvBP2r8v8=
-84,117,ZulzW4Jj6RGcExIrm8U1YY3+/Eg=,pcL6MON/LtV0FaYWF/QvBP2r8v8=
-82,119,ZulzW4Jj6RGcExIrm8U1YY3+/Eg=,pcL6MON/LtV0FaYWF/QvBP2r8v8=
-81,117,lBz+jxC5FwaETJKUcUZ+orY45Bo=,pcL6MON/LtV0FaYWF/QvBP2r8v8=
-92,116,lBz+jxC5FwaETJKUcUZ+orY45Bo=,2k5KEXwu4yn02Useqxa7u8bO20A=
-86,118,lBz+jxC5FwaETJKUcUZ+orY45Bo=,pcL6MON/LtV0FaYWF/QvBP2r8v8=
-87,118,lBz+jxC5FwaETJKUcUZ+orY45Bo=,pcL6MON/LtV0FaYWF/QvBP2r8v8=
-86,117,lBz+jxC5FwaETJKUcUZ+orY45Bo=,pcL6MON/LtV0FaYWF/QvBP2r8v8=
-91,121,lBz+jxC5FwaETJKUcUZ+orY45Bo=,LSg2ba24qwDEI31/ggto8nTlCGM=
-82,120,lBz+jxC5FwaETJKUcUZ+orY45Bo=,krHkb9XcoSvUdVvbxK+uCk2rcOA=
-92,121,lBz+jxC5FwaETJKUcUZ+orY45Bo=,LSg2ba24qwDEI31/ggto8nTlCGM=
-88,116,lBz+jxC5FwaETJKUcUZ+orY45Bo=,pcL6MON/LtV0FaYWF/QvBP2r8v8=
-86,119,lBz+jxC5FwaETJKUcUZ+orY45Bo=,pcL6MON/LtV0FaYWF/QvBP2r8v8=
-85,119,lBz+jxC5FwaETJKUcUZ+orY45Bo=,pcL6MON/LtV0FaYWF/QvBP2r8v8=
-88,117,lBz+jxC5FwaETJKUcUZ+orY45Bo=,pcL6MON/LtV0FaYWF/QvBP2r8v8=
-83,119,lBz+jxC5FwaETJKUcUZ+orY45Bo=,pcL6MON/LtV0FaYWF/QvBP2r8v8=
-88,118,lBz+jxC5FwaETJKUcUZ+orY45Bo=,pcL6MON/LtV0FaYWF/QvBP2r8v8=
-88,119,lBz+jxC5FwaETJKUcUZ+orY45Bo=,pcL6MON/LtV0FaYWF/QvBP2r8v8=
-87,119,lBz+jxC5FwaETJKUcUZ+orY45Bo=,pcL6MON/LtV0FaYWF/QvBP2r8v8=
-84,119,lBz+jxC5FwaETJKUcUZ+orY45Bo=,pcL6MON/LtV0FaYWF/QvBP2r8v8=
-81,120,mz1tMOvxnpKI3wxMZp7tTuSmDiM=,krHkb9XcoSvUdVvbxK+uCk2rcOA=
-92,122,mz1tMOvxnpKI3wxMZp7tTuSmDiM=,LSg2ba24qwDEI31/ggto8nTlCGM=
-90,119,mz1tMOvxnpKI3wxMZp7tTuSmDiM=,2k5KEXwu4yn02Useqxa7u8bO20A=
-90,122,mz1tMOvxnpKI3wxMZp7tTuSmDiM=,LSg2ba24qwDEI31/ggto8nTlCGM=
-91,122,mz1tMOvxnpKI3wxMZp7tTuSmDiM=,LSg2ba24qwDEI31/ggto8nTlCGM=
-84,120,mz1tMOvxnpKI3wxMZp7tTuSmDiM=,krHkb9XcoSvUdVvbxK+uCk2rcOA=
-92,123,mz1tMOvxnpKI3wxMZp7tTuSmDiM=,LSg2ba24qwDEI31/ggto8nTlCGM=
-91,123,mz1tMOvxnpKI3wxMZp7tTuSmDiM=,LSg2ba24qwDEI31/ggto8nTlCGM=
-90,121,mz1tMOvxnpKI3wxMZp7tTuSmDiM=,LSg2ba24qwDEI31/ggto8nTlCGM=
-90,116,mz1tMOvxnpKI3wxMZp7tTuSmDiM=,2k5KEXwu4yn02Useqxa7u8bO20A=
-88,121,mz1tMOvxnpKI3wxMZp7tTuSmDiM=,krHkb9XcoSvUdVvbxK+uCk2rcOA=
-89,116,mz1tMOvxnpKI3wxMZp7tTuSmDiM=,2k5KEXwu4yn02Useqxa7u8bO20A=
-92,117,mz1tMOvxnpKI3wxMZp7tTuSmDiM=,2k5KEXwu4yn02Useqxa7u8bO20A=
-89,118,mz1tMOvxnpKI3wxMZp7tTuSmDiM=,2k5KEXwu4yn02Useqxa7u8bO20A=
-90,117,mz1tMOvxnpKI3wxMZp7tTuSmDiM=,2k5KEXwu4yn02Useqxa7u8bO20A=
-91,118,mz1tMOvxnpKI3wxMZp7tTuSmDiM=,2k5KEXwu4yn02Useqxa7u8bO20A=
-90,123,mz1tMOvxnpKI3wxMZp7tTuSmDiM=,LSg2ba24qwDEI31/ggto8nTlCGM=
-91,119,jGTW39bTqnhFjROEQIPljUriFZs=,2k5KEXwu4yn02Useqxa7u8bO20A=
-91,117,jGTW39bTqnhFjROEQIPljUriFZs=,2k5KEXwu4yn02Useqxa7u8bO20A=
-84,121,jGTW39bTqnhFjROEQIPljUriFZs=,krHkb9XcoSvUdVvbxK+uCk2rcOA=
-89,117,jGTW39bTqnhFjROEQIPljUriFZs=,2k5KEXwu4yn02Useqxa7u8bO20A=
-92,118,jGTW39bTqnhFjROEQIPljUriFZs=,2k5KEXwu4yn02Useqxa7u8bO20A=
-92,119,jGTW39bTqnhFjROEQIPljUriFZs=,2k5KEXwu4yn02Useqxa7u8bO20A=
-90,118,jGTW39bTqnhFjROEQIPljUriFZs=,2k5KEXwu4yn02Useqxa7u8bO20A=
-82,121,jGTW39bTqnhFjROEQIPljUriFZs=,krHkb9XcoSvUdVvbxK+uCk2rcOA=
-83,121,jGTW39bTqnhFjROEQIPljUriFZs=,krHkb9XcoSvUdVvbxK+uCk2rcOA=
-87,121,jGTW39bTqnhFjROEQIPljUriFZs=,krHkb9XcoSvUdVvbxK+uCk2rcOA=
-81,121,jGTW39bTqnhFjROEQIPljUriFZs=,krHkb9XcoSvUdVvbxK+uCk2rcOA=
-89,122,jGTW39bTqnhFjROEQIPljUriFZs=,LSg2ba24qwDEI31/ggto8nTlCGM=
-88,122,jGTW39bTqnhFjROEQIPljUriFZs=,krHkb9XcoSvUdVvbxK+uCk2rcOA=
-92,120,jGTW39bTqnhFjROEQIPljUriFZs=,LSg2ba24qwDEI31/ggto8nTlCGM=
-85,122,jGTW39bTqnhFjROEQIPljUriFZs=,krHkb9XcoSvUdVvbxK+uCk2rcOA=
-90,120,jGTW39bTqnhFjROEQIPljUriFZs=,LSg2ba24qwDEI31/ggto8nTlCGM=
-91,120,jGTW39bTqnhFjROEQIPljUriFZs=,LSg2ba24qwDEI31/ggto8nTlCGM=
-89,121,jGTW39bTqnhFjROEQIPljUriFZs=,LSg2ba24qwDEI31/ggto8nTlCGM=
-87,122,jGTW39bTqnhFjROEQIPljUriFZs=,krHkb9XcoSvUdVvbxK+uCk2rcOA=
-83,122,jGTW39bTqnhFjROEQIPljUriFZs=,krHkb9XcoSvUdVvbxK+uCk2rcOA=
-82,122,jGTW39bTqnhFjROEQIPljUriFZs=,krHkb9XcoSvUdVvbxK+uCk2rcOA=
-88,123,jGTW39bTqnhFjROEQIPljUriFZs=,krHkb9XcoSvUdVvbxK+uCk2rcOA=
-86,122,jGTW39bTqnhFjROEQIPljUriFZs=,krHkb9XcoSvUdVvbxK+uCk2rcOA=
-87,123,jGTW39bTqnhFjROEQIPljUriFZs=,krHkb9XcoSvUdVvbxK+uCk2rcOA=
-84,122,jGTW39bTqnhFjROEQIPljUriFZs=,krHkb9XcoSvUdVvbxK+uCk2rcOA=
-86,123,jGTW39bTqnhFjROEQIPljUriFZs=,krHkb9XcoSvUdVvbxK+uCk2rcOA=
-89,123,jGTW39bTqnhFjROEQIPljUriFZs=,LSg2ba24qwDEI31/ggto8nTlCGM=
-86,121,jGTW39bTqnhFjROEQIPljUriFZs=,krHkb9XcoSvUdVvbxK+uCk2rcOA=
-82,123,jGTW39bTqnhFjROEQIPljUriFZs=,krHkb9XcoSvUdVvbxK+uCk2rcOA=
-83,123,jGTW39bTqnhFjROEQIPljUriFZs=,krHkb9XcoSvUdVvbxK+uCk2rcOA=
-85,123,jGTW39bTqnhFjROEQIPljUriFZs=,krHkb9XcoSvUdVvbxK+uCk2rcOA=
-84,123,jGTW39bTqnhFjROEQIPljUriFZs=,krHkb9XcoSvUdVvbxK+uCk2rcOA=
-81,122,jGTW39bTqnhFjROEQIPljUriFZs=,krHkb9XcoSvUdVvbxK+uCk2rcOA=
-86,120,jGTW39bTqnhFjROEQIPljUriFZs=,krHkb9XcoSvUdVvbxK+uCk2rcOA=
-85,121,jGTW39bTqnhFjROEQIPljUriFZs=,krHkb9XcoSvUdVvbxK+uCk2rcOA=
-85,120,jGTW39bTqnhFjROEQIPljUriFZs=,krHkb9XcoSvUdVvbxK+uCk2rcOA=
-81,123,jGTW39bTqnhFjROEQIPljUriFZs=,krHkb9XcoSvUdVvbxK+uCk2rcOA=
-87,120,jGTW39bTqnhFjROEQIPljUriFZs=,krHkb9XcoSvUdVvbxK+uCk2rcOA=
-84,126,jGTW39bTqnhFjROEQIPljUriFZs=,krHkb9XcoSvUdVvbxK+uCk2rcOA=
-88,120,jGTW39bTqnhFjROEQIPljUriFZs=,krHkb9XcoSvUdVvbxK+uCk2rcOA=
-84,125,jGTW39bTqnhFjROEQIPljUriFZs=,krHkb9XcoSvUdVvbxK+uCk2rcOA=
-84,124,jGTW39bTqnhFjROEQIPljUriFZs=,krHkb9XcoSvUdVvbxK+uCk2rcOA=
-83,126,jGTW39bTqnhFjROEQIPljUriFZs=,krHkb9XcoSvUdVvbxK+uCk2rcOA=
-83,125,jGTW39bTqnhFjROEQIPljUriFZs=,krHkb9XcoSvUdVvbxK+uCk2rcOA=
-83,124,jGTW39bTqnhFjROEQIPljUriFZs=,krHkb9XcoSvUdVvbxK+uCk2rcOA=
-82,125,jGTW39bTqnhFjROEQIPljUriFZs=,krHkb9XcoSvUdVvbxK+uCk2rcOA=
-84,127,jGTW39bTqnhFjROEQIPljUriFZs=,krHkb9XcoSvUdVvbxK+uCk2rcOA=
-81,127,jGTW39bTqnhFjROEQIPljUriFZs=,krHkb9XcoSvUdVvbxK+uCk2rcOA=
-82,124,jGTW39bTqnhFjROEQIPljUriFZs=,krHkb9XcoSvUdVvbxK+uCk2rcOA=
-83,127,jGTW39bTqnhFjROEQIPljUriFZs=,krHkb9XcoSvUdVvbxK+uCk2rcOA=
-82,127,jGTW39bTqnhFjROEQIPljUriFZs=,krHkb9XcoSvUdVvbxK+uCk2rcOA=
-81,125,jGTW39bTqnhFjROEQIPljUriFZs=,krHkb9XcoSvUdVvbxK+uCk2rcOA=
-81,124,jGTW39bTqnhFjROEQIPljUriFZs=,krHkb9XcoSvUdVvbxK+uCk2rcOA=
-82,126,jGTW39bTqnhFjROEQIPljUriFZs=,krHkb9XcoSvUdVvbxK+uCk2rcOA=
-81,126,jGTW39bTqnhFjROEQIPljUriFZs=,krHkb9XcoSvUdVvbxK+uCk2rcOA=
-90,126,jGTW39bTqnhFjROEQIPljUriFZs=,LSg2ba24qwDEI31/ggto8nTlCGM=
-92,126,jGTW39bTqnhFjROEQIPljUriFZs=,LSg2ba24qwDEI31/ggto8nTlCGM=
-91,125,jGTW39bTqnhFjROEQIPljUriFZs=,LSg2ba24qwDEI31/ggto8nTlCGM=
-91,126,jGTW39bTqnhFjROEQIPljUriFZs=,LSg2ba24qwDEI31/ggto8nTlCGM=
-90,125,jGTW39bTqnhFjROEQIPljUriFZs=,LSg2ba24qwDEI31/ggto8nTlCGM=
-89,125,jGTW39bTqnhFjROEQIPljUriFZs=,LSg2ba24qwDEI31/ggto8nTlCGM=
-88,124,jGTW39bTqnhFjROEQIPljUriFZs=,krHkb9XcoSvUdVvbxK+uCk2rcOA=
-92,125,jGTW39bTqnhFjROEQIPljUriFZs=,LSg2ba24qwDEI31/ggto8nTlCGM=
-91,124,jGTW39bTqnhFjROEQIPljUriFZs=,LSg2ba24qwDEI31/ggto8nTlCGM=
-90,124,jGTW39bTqnhFjROEQIPljUriFZs=,LSg2ba24qwDEI31/ggto8nTlCGM=
-87,124,jGTW39bTqnhFjROEQIPljUriFZs=,krHkb9XcoSvUdVvbxK+uCk2rcOA=
-89,124,jGTW39bTqnhFjROEQIPljUriFZs=,LSg2ba24qwDEI31/ggto8nTlCGM=
-92,124,jGTW39bTqnhFjROEQIPljUriFZs=,LSg2ba24qwDEI31/ggto8nTlCGM=
-89,120,jGTW39bTqnhFjROEQIPljUriFZs=,LSg2ba24qwDEI31/ggto8nTlCGM=
-86,125,jGTW39bTqnhFjROEQIPljUriFZs=,krHkb9XcoSvUdVvbxK+uCk2rcOA=
-87,125,jGTW39bTqnhFjROEQIPljUriFZs=,krHkb9XcoSvUdVvbxK+uCk2rcOA=
-89,126,jGTW39bTqnhFjROEQIPljUriFZs=,LSg2ba24qwDEI31/ggto8nTlCGM=
-88,125,jGTW39bTqnhFjROEQIPljUriFZs=,krHkb9XcoSvUdVvbxK+uCk2rcOA=
-85,125,jGTW39bTqnhFjROEQIPljUriFZs=,krHkb9XcoSvUdVvbxK+uCk2rcOA=
-88,127,jGTW39bTqnhFjROEQIPljUriFZs=,krHkb9XcoSvUdVvbxK+uCk2rcOA=
-85,124,jGTW39bTqnhFjROEQIPljUriFZs=,krHkb9XcoSvUdVvbxK+uCk2rcOA=
-91,127,jGTW39bTqnhFjROEQIPljUriFZs=,LSg2ba24qwDEI31/ggto8nTlCGM=
-92,127,jGTW39bTqnhFjROEQIPljUriFZs=,LSg2ba24qwDEI31/ggto8nTlCGM=
-88,126,jGTW39bTqnhFjROEQIPljUriFZs=,krHkb9XcoSvUdVvbxK+uCk2rcOA=
-87,126,jGTW39bTqnhFjROEQIPljUriFZs=,krHkb9XcoSvUdVvbxK+uCk2rcOA=
-86,124,jGTW39bTqnhFjROEQIPljUriFZs=,krHkb9XcoSvUdVvbxK+uCk2rcOA=
-86,126,jGTW39bTqnhFjROEQIPljUriFZs=,krHkb9XcoSvUdVvbxK+uCk2rcOA=
-85,126,jGTW39bTqnhFjROEQIPljUriFZs=,krHkb9XcoSvUdVvbxK+uCk2rcOA=
-90,127,jGTW39bTqnhFjROEQIPljUriFZs=,LSg2ba24qwDEI31/ggto8nTlCGM=
-86,127,jGTW39bTqnhFjROEQIPljUriFZs=,krHkb9XcoSvUdVvbxK+uCk2rcOA=
-87,127,jGTW39bTqnhFjROEQIPljUriFZs=,krHkb9XcoSvUdVvbxK+uCk2rcOA=
-85,127,jGTW39bTqnhFjROEQIPljUriFZs=,krHkb9XcoSvUdVvbxK+uCk2rcOA=
-87,113,jGTW39bTqnhFjROEQIPljUriFZs=,pcL6MON/LtV0FaYWF/QvBP2r8v8=
-89,127,jGTW39bTqnhFjROEQIPljUriFZs=,LSg2ba24qwDEI31/ggto8nTlCGM=
-85,113,jGTW39bTqnhFjROEQIPljUriFZs=,pcL6MON/LtV0FaYWF/QvBP2r8v8=
-91,112,jGTW39bTqnhFjROEQIPljUriFZs=,2k5KEXwu4yn02Useqxa7u8bO20A=
-92,113,jGTW39bTqnhFjROEQIPljUriFZs=,2k5KEXwu4yn02Useqxa7u8bO20A=
-88,113,jGTW39bTqnhFjROEQIPljUriFZs=,pcL6MON/LtV0FaYWF/QvBP2r8v8=
-92,112,jGTW39bTqnhFjROEQIPljUriFZs=,2k5KEXwu4yn02Useqxa7u8bO20A=
-86,113,jGTW39bTqnhFjROEQIPljUriFZs=,pcL6MON/LtV0FaYWF/QvBP2r8v8=
-87,114,jGTW39bTqnhFjROEQIPljUriFZs=,pcL6MON/LtV0FaYWF/QvBP2r8v8=
-90,113,jGTW39bTqnhFjROEQIPljUriFZs=,2k5KEXwu4yn02Useqxa7u8bO20A=
-86,114,jGTW39bTqnhFjROEQIPljUriFZs=,pcL6MON/LtV0FaYWF/QvBP2r8v8=
-88,114,jGTW39bTqnhFjROEQIPljUriFZs=,pcL6MON/LtV0FaYWF/QvBP2r8v8=
-85,115,jGTW39bTqnhFjROEQIPljUriFZs=,pcL6MON/LtV0FaYWF/QvBP2r8v8=
-85,114,jGTW39bTqnhFjROEQIPljUriFZs=,pcL6MON/LtV0FaYWF/QvBP2r8v8=
-91,113,jGTW39bTqnhFjROEQIPljUriFZs=,2k5KEXwu4yn02Useqxa7u8bO20A=
-89,114,jGTW39bTqnhFjROEQIPljUriFZs=,2k5KEXwu4yn02Useqxa7u8bO20A=
-89,112,jGTW39bTqnhFjROEQIPljUriFZs=,2k5KEXwu4yn02Useqxa7u8bO20A=
-90,114,jGTW39bTqnhFjROEQIPljUriFZs=,2k5KEXwu4yn02Useqxa7u8bO20A=
-87,115,jGTW39bTqnhFjROEQIPljUriFZs=,pcL6MON/LtV0FaYWF/QvBP2r8v8=
-92,114,jGTW39bTqnhFjROEQIPljUriFZs=,2k5KEXwu4yn02Useqxa7u8bO20A=
-91,114,jGTW39bTqnhFjROEQIPljUriFZs=,2k5KEXwu4yn02Useqxa7u8bO20A=
-89,113,jGTW39bTqnhFjROEQIPljUriFZs=,2k5KEXwu4yn02Useqxa7u8bO20A=
-90,112,jGTW39bTqnhFjROEQIPljUriFZs=,2k5KEXwu4yn02Useqxa7u8bO20A=
-87,112,jGTW39bTqnhFjROEQIPljUriFZs=,pcL6MON/LtV0FaYWF/QvBP2r8v8=
-86,115,jGTW39bTqnhFjROEQIPljUriFZs=,pcL6MON/LtV0FaYWF/QvBP2r8v8=
-86,112,jGTW39bTqnhFjROEQIPljUriFZs=,pcL6MON/LtV0FaYWF/QvBP2r8v8=
-88,112,jGTW39bTqnhFjROEQIPljUriFZs=,pcL6MON/LtV0FaYWF/QvBP2r8v8=
-85,112,jGTW39bTqnhFjROEQIPljUriFZs=,pcL6MON/LtV0FaYWF/QvBP2r8v8=
-88,115,jGTW39bTqnhFjROEQIPljUriFZs=,pcL6MON/LtV0FaYWF/QvBP2r8v8=
-91,115,jGTW39bTqnhFjROEQIPljUriFZs=,2k5KEXwu4yn02Useqxa7u8bO20A=
-90,115,jGTW39bTqnhFjROEQIPljUriFZs=,2k5KEXwu4yn02Useqxa7u8bO20A=
-92,115,jGTW39bTqnhFjROEQIPljUriFZs=,2k5KEXwu4yn02Useqxa7u8bO20A=
-89,115,jGTW39bTqnhFjROEQIPljUriFZs=,2k5KEXwu4yn02Useqxa7u8bO20A=
-93,112,jGTW39bTqnhFjROEQIPljUriFZs=,2k5KEXwu4yn02Useqxa7u8bO20A=
-96,119,jGTW39bTqnhFjROEQIPljUriFZs=,2k5KEXwu4yn02Useqxa7u8bO20A=
-94,113,jGTW39bTqnhFjROEQIPljUriFZs=,2k5KEXwu4yn02Useqxa7u8bO20A=
-95,112,jGTW39bTqnhFjROEQIPljUriFZs=,2k5KEXwu4yn02Useqxa7u8bO20A=
-93,113,jGTW39bTqnhFjROEQIPljUriFZs=,2k5KEXwu4yn02Useqxa7u8bO20A=
-96,112,jGTW39bTqnhFjROEQIPljUriFZs=,2k5KEXwu4yn02Useqxa7u8bO20A=
-94,112,jGTW39bTqnhFjROEQIPljUriFZs=,2k5KEXwu4yn02Useqxa7u8bO20A=
-93,114,jGTW39bTqnhFjROEQIPljUriFZs=,2k5KEXwu4yn02Useqxa7u8bO20A=
-95,113,jGTW39bTqnhFjROEQIPljUriFZs=,2k5KEXwu4yn02Useqxa7u8bO20A=
-94,115,jGTW39bTqnhFjROEQIPljUriFZs=,2k5KEXwu4yn02Useqxa7u8bO20A=
-94,114,jGTW39bTqnhFjROEQIPljUriFZs=,2k5KEXwu4yn02Useqxa7u8bO20A=
-95,114,jGTW39bTqnhFjROEQIPljUriFZs=,2k5KEXwu4yn02Useqxa7u8bO20A=
-93,115,jGTW39bTqnhFjROEQIPljUriFZs=,2k5KEXwu4yn02Useqxa7u8bO20A=
-95,115,jGTW39bTqnhFjROEQIPljUriFZs=,2k5KEXwu4yn02Useqxa7u8bO20A=
-96,113,jGTW39bTqnhFjROEQIPljUriFZs=,2k5KEXwu4yn02Useqxa7u8bO20A=
-84,113,jGTW39bTqnhFjROEQIPljUriFZs=,pcL6MON/LtV0FaYWF/QvBP2r8v8=
-96,115,jGTW39bTqnhFjROEQIPljUriFZs=,2k5KEXwu4yn02Useqxa7u8bO20A=
-84,114,jGTW39bTqnhFjROEQIPljUriFZs=,pcL6MON/LtV0FaYWF/QvBP2r8v8=
-82,113,jGTW39bTqnhFjROEQIPljUriFZs=,pcL6MON/LtV0FaYWF/QvBP2r8v8=
-83,113,jGTW39bTqnhFjROEQIPljUriFZs=,pcL6MON/LtV0FaYWF/QvBP2r8v8=
-81,113,jGTW39bTqnhFjROEQIPljUriFZs=,pcL6MON/LtV0FaYWF/QvBP2r8v8=
-81,112,jGTW39bTqnhFjROEQIPljUriFZs=,pcL6MON/LtV0FaYWF/QvBP2r8v8=
-82,114,jGTW39bTqnhFjROEQIPljUriFZs=,pcL6MON/LtV0FaYWF/QvBP2r8v8=
-96,114,jGTW39bTqnhFjROEQIPljUriFZs=,2k5KEXwu4yn02Useqxa7u8bO20A=
-84,115,jGTW39bTqnhFjROEQIPljUriFZs=,pcL6MON/LtV0FaYWF/QvBP2r8v8=
-83,114,jGTW39bTqnhFjROEQIPljUriFZs=,pcL6MON/LtV0FaYWF/QvBP2r8v8=
-96,127,jGTW39bTqnhFjROEQIPljUriFZs=,LSg2ba24qwDEI31/ggto8nTlCGM=
-96,116,jGTW39bTqnhFjROEQIPljUriFZs=,2k5KEXwu4yn02Useqxa7u8bO20A=
-95,121,jGTW39bTqnhFjROEQIPljUriFZs=,LSg2ba24qwDEI31/ggto8nTlCGM=
-96,126,jGTW39bTqnhFjROEQIPljUriFZs=,LSg2ba24qwDEI31/ggto8nTlCGM=
-83,115,jGTW39bTqnhFjROEQIPljUriFZs=,pcL6MON/LtV0FaYWF/QvBP2r8v8=
-82,115,jGTW39bTqnhFjROEQIPljUriFZs=,pcL6MON/LtV0FaYWF/QvBP2r8v8=
-82,112,jGTW39bTqnhFjROEQIPljUriFZs=,pcL6MON/LtV0FaYWF/QvBP2r8v8=
-81,114,jGTW39bTqnhFjROEQIPljUriFZs=,pcL6MON/LtV0FaYWF/QvBP2r8v8=
-95,119,jGTW39bTqnhFjROEQIPljUriFZs=,2k5KEXwu4yn02Useqxa7u8bO20A=
-96,125,jGTW39bTqnhFjROEQIPljUriFZs=,LSg2ba24qwDEI31/ggto8nTlCGM=
-94,121,jGTW39bTqnhFjROEQIPljUriFZs=,LSg2ba24qwDEI31/ggto8nTlCGM=
-81,115,jGTW39bTqnhFjROEQIPljUriFZs=,pcL6MON/LtV0FaYWF/QvBP2r8v8=
-83,112,jGTW39bTqnhFjROEQIPljUriFZs=,pcL6MON/LtV0FaYWF/QvBP2r8v8=
-95,122,jGTW39bTqnhFjROEQIPljUriFZs=,LSg2ba24qwDEI31/ggto8nTlCGM=
-95,117,jGTW39bTqnhFjROEQIPljUriFZs=,2k5KEXwu4yn02Useqxa7u8bO20A=
-84,112,jGTW39bTqnhFjROEQIPljUriFZs=,pcL6MON/LtV0FaYWF/QvBP2r8v8=
-93,121,jGTW39bTqnhFjROEQIPljUriFZs=,LSg2ba24qwDEI31/ggto8nTlCGM=
-94,117,jGTW39bTqnhFjROEQIPljUriFZs=,2k5KEXwu4yn02Useqxa7u8bO20A=
-95,123,jGTW39bTqnhFjROEQIPljUriFZs=,LSg2ba24qwDEI31/ggto8nTlCGM=
-96,124,jGTW39bTqnhFjROEQIPljUriFZs=,LSg2ba24qwDEI31/ggto8nTlCGM=
-95,124,jGTW39bTqnhFjROEQIPljUriFZs=,LSg2ba24qwDEI31/ggto8nTlCGM=
-96,118,jGTW39bTqnhFjROEQIPljUriFZs=,2k5KEXwu4yn02Useqxa7u8bO20A=
-95,125,jGTW39bTqnhFjROEQIPljUriFZs=,LSg2ba24qwDEI31/ggto8nTlCGM=
-94,126,jGTW39bTqnhFjROEQIPljUriFZs=,LSg2ba24qwDEI31/ggto8nTlCGM=
-93,125,jGTW39bTqnhFjROEQIPljUriFZs=,LSg2ba24qwDEI31/ggto8nTlCGM=
-95,126,jGTW39bTqnhFjROEQIPljUriFZs=,LSg2ba24qwDEI31/ggto8nTlCGM=
-93,126,jGTW39bTqnhFjROEQIPljUriFZs=,LSg2ba24qwDEI31/ggto8nTlCGM=
-94,123,jGTW39bTqnhFjROEQIPljUriFZs=,LSg2ba24qwDEI31/ggto8nTlCGM=
-93,123,jGTW39bTqnhFjROEQIPljUriFZs=,LSg2ba24qwDEI31/ggto8nTlCGM=
-93,124,jGTW39bTqnhFjROEQIPljUriFZs=,LSg2ba24qwDEI31/ggto8nTlCGM=
-94,124,jGTW39bTqnhFjROEQIPljUriFZs=,LSg2ba24qwDEI31/ggto8nTlCGM=
-93,127,jGTW39bTqnhFjROEQIPljUriFZs=,LSg2ba24qwDEI31/ggto8nTlCGM=
-94,127,jGTW39bTqnhFjROEQIPljUriFZs=,LSg2ba24qwDEI31/ggto8nTlCGM=
-93,117,jGTW39bTqnhFjROEQIPljUriFZs=,2k5KEXwu4yn02Useqxa7u8bO20A=
-95,120,jGTW39bTqnhFjROEQIPljUriFZs=,LSg2ba24qwDEI31/ggto8nTlCGM=
-94,120,jGTW39bTqnhFjROEQIPljUriFZs=,LSg2ba24qwDEI31/ggto8nTlCGM=
-94,122,jGTW39bTqnhFjROEQIPljUriFZs=,LSg2ba24qwDEI31/ggto8nTlCGM=
-94,125,jGTW39bTqnhFjROEQIPljUriFZs=,LSg2ba24qwDEI31/ggto8nTlCGM=
-93,122,jGTW39bTqnhFjROEQIPljUriFZs=,LSg2ba24qwDEI31/ggto8nTlCGM=
-96,123,jGTW39bTqnhFjROEQIPljUriFZs=,LSg2ba24qwDEI31/ggto8nTlCGM=
-95,127,jGTW39bTqnhFjROEQIPljUriFZs=,LSg2ba24qwDEI31/ggto8nTlCGM=
-94,119,jGTW39bTqnhFjROEQIPljUriFZs=,2k5KEXwu4yn02Useqxa7u8bO20A=
-95,118,jGTW39bTqnhFjROEQIPljUriFZs=,2k5KEXwu4yn02Useqxa7u8bO20A=
-96,121,jGTW39bTqnhFjROEQIPljUriFZs=,LSg2ba24qwDEI31/ggto8nTlCGM=
-96,117,jGTW39bTqnhFjROEQIPljUriFZs=,2k5KEXwu4yn02Useqxa7u8bO20A=
-96,122,jGTW39bTqnhFjROEQIPljUriFZs=,LSg2ba24qwDEI31/ggto8nTlCGM=
-94,118,jGTW39bTqnhFjROEQIPljUriFZs=,2k5KEXwu4yn02Useqxa7u8bO20A=
-96,120,jGTW39bTqnhFjROEQIPljUriFZs=,LSg2ba24qwDEI31/ggto8nTlCGM=
-93,118,jGTW39bTqnhFjROEQIPljUriFZs=,2k5KEXwu4yn02Useqxa7u8bO20A=
-93,120,jGTW39bTqnhFjROEQIPljUriFZs=,LSg2ba24qwDEI31/ggto8nTlCGM=
-93,119,jGTW39bTqnhFjROEQIPljUriFZs=,2k5KEXwu4yn02Useqxa7u8bO20A=
-95,116,jGTW39bTqnhFjROEQIPljUriFZs=,2k5KEXwu4yn02Useqxa7u8bO20A=
-93,116,jGTW39bTqnhFjROEQIPljUriFZs=,2k5KEXwu4yn02Useqxa7u8bO20A=
-94,116,jGTW39bTqnhFjROEQIPljUriFZs=,2k5KEXwu4yn02Useqxa7u8bO20A=
-76,119,k3v+wwcPb2cvMlBqVE8ibLhScfI=,on1rm07/rQsgQPyCtF690Xd8M3w=
-74,119,k3v+wwcPb2cvMlBqVE8ibLhScfI=,on1rm07/rQsgQPyCtF690Xd8M3w=
-75,119,k3v+wwcPb2cvMlBqVE8ibLhScfI=,on1rm07/rQsgQPyCtF690Xd8M3w=
-73,119,k3v+wwcPb2cvMlBqVE8ibLhScfI=,on1rm07/rQsgQPyCtF690Xd8M3w=
-71,116,vJgoEMFsNkIcZs5LMLIaKhNhoyU=,xGAY7SI1ssjES1HlsTg0YWN00xY=
-70,116,vJgoEMFsNkIcZs5LMLIaKhNhoyU=,xGAY7SI1ssjES1HlsTg0YWN00xY=
-71,117,vJgoEMFsNkIcZs5LMLIaKhNhoyU=,xGAY7SI1ssjES1HlsTg0YWN00xY=
-72,126,vJgoEMFsNkIcZs5LMLIaKhNhoyU=,vapvTcmF4ZjBQCGZgHcntvKvOtg=
-70,118,vJgoEMFsNkIcZs5LMLIaKhNhoyU=,xGAY7SI1ssjES1HlsTg0YWN00xY=
-71,122,4v0yO3u/SE5U1uQwL6pDm1WjSQo=,vapvTcmF4ZjBQCGZgHcntvKvOtg=
-71,118,4v0yO3u/SE5U1uQwL6pDm1WjSQo=,xGAY7SI1ssjES1HlsTg0YWN00xY=
-69,118,4v0yO3u/SE5U1uQwL6pDm1WjSQo=,xGAY7SI1ssjES1HlsTg0YWN00xY=
-71,119,4v0yO3u/SE5U1uQwL6pDm1WjSQo=,xGAY7SI1ssjES1HlsTg0YWN00xY=
-70,119,4v0yO3u/SE5U1uQwL6pDm1WjSQo=,xGAY7SI1ssjES1HlsTg0YWN00xY=
-73,118,4v0yO3u/SE5U1uQwL6pDm1WjSQo=,on1rm07/rQsgQPyCtF690Xd8M3w=
-74,118,4v0yO3u/SE5U1uQwL6pDm1WjSQo=,on1rm07/rQsgQPyCtF690Xd8M3w=
-70,117,4v0yO3u/SE5U1uQwL6pDm1WjSQo=,xGAY7SI1ssjES1HlsTg0YWN00xY=
-75,116,4v0yO3u/SE5U1uQwL6pDm1WjSQo=,on1rm07/rQsgQPyCtF690Xd8M3w=
-74,116,4v0yO3u/SE5U1uQwL6pDm1WjSQo=,on1rm07/rQsgQPyCtF690Xd8M3w=
-72,127,4v0yO3u/SE5U1uQwL6pDm1WjSQo=,vapvTcmF4ZjBQCGZgHcntvKvOtg=
-69,117,4v0yO3u/SE5U1uQwL6pDm1WjSQo=,xGAY7SI1ssjES1HlsTg0YWN00xY=
-76,116,4v0yO3u/SE5U1uQwL6pDm1WjSQo=,on1rm07/rQsgQPyCtF690Xd8M3w=
-69,116,4v0yO3u/SE5U1uQwL6pDm1WjSQo=,xGAY7SI1ssjES1HlsTg0YWN00xY=
-73,116,4v0yO3u/SE5U1uQwL6pDm1WjSQo=,on1rm07/rQsgQPyCtF690Xd8M3w=
-69,119,4v0yO3u/SE5U1uQwL6pDm1WjSQo=,xGAY7SI1ssjES1HlsTg0YWN00xY=
-74,117,4v0yO3u/SE5U1uQwL6pDm1WjSQo=,on1rm07/rQsgQPyCtF690Xd8M3w=
-73,117,4v0yO3u/SE5U1uQwL6pDm1WjSQo=,on1rm07/rQsgQPyCtF690Xd8M3w=
-70,122,4v0yO3u/SE5U1uQwL6pDm1WjSQo=,vapvTcmF4ZjBQCGZgHcntvKvOtg=
-76,118,4v0yO3u/SE5U1uQwL6pDm1WjSQo=,on1rm07/rQsgQPyCtF690Xd8M3w=
-71,123,4v0yO3u/SE5U1uQwL6pDm1WjSQo=,vapvTcmF4ZjBQCGZgHcntvKvOtg=
-76,117,4v0yO3u/SE5U1uQwL6pDm1WjSQo=,on1rm07/rQsgQPyCtF690Xd8M3w=
-75,118,4v0yO3u/SE5U1uQwL6pDm1WjSQo=,on1rm07/rQsgQPyCtF690Xd8M3w=
-75,117,4v0yO3u/SE5U1uQwL6pDm1WjSQo=,on1rm07/rQsgQPyCtF690Xd8M3w=
-75,127,4v0yO3u/SE5U1uQwL6pDm1WjSQo=,XehguUy57S4MFi2COoyy24g6d3I=
-72,116,4v0yO3u/SE5U1uQwL6pDm1WjSQo=,xGAY7SI1ssjES1HlsTg0YWN00xY=
-69,122,4v0yO3u/SE5U1uQwL6pDm1WjSQo=,vapvTcmF4ZjBQCGZgHcntvKvOtg=
-71,124,4v0yO3u/SE5U1uQwL6pDm1WjSQo=,vapvTcmF4ZjBQCGZgHcntvKvOtg=
-72,118,4v0yO3u/SE5U1uQwL6pDm1WjSQo=,xGAY7SI1ssjES1HlsTg0YWN00xY=
-69,123,z0dSGOiuRLw6pqAyiQMPi6V2EV0=,vapvTcmF4ZjBQCGZgHcntvKvOtg=
-70,123,z0dSGOiuRLw6pqAyiQMPi6V2EV0=,vapvTcmF4ZjBQCGZgHcntvKvOtg=
-69,124,z0dSGOiuRLw6pqAyiQMPi6V2EV0=,vapvTcmF4ZjBQCGZgHcntvKvOtg=
-72,119,z0dSGOiuRLw6pqAyiQMPi6V2EV0=,xGAY7SI1ssjES1HlsTg0YWN00xY=
-70,124,z0dSGOiuRLw6pqAyiQMPi6V2EV0=,vapvTcmF4ZjBQCGZgHcntvKvOtg=
-71,125,z0dSGOiuRLw6pqAyiQMPi6V2EV0=,vapvTcmF4ZjBQCGZgHcntvKvOtg=
-70,125,z0dSGOiuRLw6pqAyiQMPi6V2EV0=,vapvTcmF4ZjBQCGZgHcntvKvOtg=
-76,127,z0dSGOiuRLw6pqAyiQMPi6V2EV0=,XehguUy57S4MFi2COoyy24g6d3I=
-70,120,z0dSGOiuRLw6pqAyiQMPi6V2EV0=,vapvTcmF4ZjBQCGZgHcntvKvOtg=
-69,125,z0dSGOiuRLw6pqAyiQMPi6V2EV0=,vapvTcmF4ZjBQCGZgHcntvKvOtg=
-71,120,z0dSGOiuRLw6pqAyiQMPi6V2EV0=,vapvTcmF4ZjBQCGZgHcntvKvOtg=
-71,121,z0dSGOiuRLw6pqAyiQMPi6V2EV0=,vapvTcmF4ZjBQCGZgHcntvKvOtg=
-72,117,z0dSGOiuRLw6pqAyiQMPi6V2EV0=,xGAY7SI1ssjES1HlsTg0YWN00xY=
-71,126,z0dSGOiuRLw6pqAyiQMPi6V2EV0=,vapvTcmF4ZjBQCGZgHcntvKvOtg=
-76,120,z0dSGOiuRLw6pqAyiQMPi6V2EV0=,XehguUy57S4MFi2COoyy24g6d3I=
-70,121,z0dSGOiuRLw6pqAyiQMPi6V2EV0=,vapvTcmF4ZjBQCGZgHcntvKvOtg=
-69,126,fVO5P3dKV5ZBRQVzD+ybfCQpwjc=,vapvTcmF4ZjBQCGZgHcntvKvOtg=
-69,120,fVO5P3dKV5ZBRQVzD+ybfCQpwjc=,vapvTcmF4ZjBQCGZgHcntvKvOtg=
-75,120,fVO5P3dKV5ZBRQVzD+ybfCQpwjc=,XehguUy57S4MFi2COoyy24g6d3I=
-74,121,fVO5P3dKV5ZBRQVzD+ybfCQpwjc=,XehguUy57S4MFi2COoyy24g6d3I=
-70,126,fVO5P3dKV5ZBRQVzD+ybfCQpwjc=,vapvTcmF4ZjBQCGZgHcntvKvOtg=
-76,121,fVO5P3dKV5ZBRQVzD+ybfCQpwjc=,XehguUy57S4MFi2COoyy24g6d3I=
-74,127,fVO5P3dKV5ZBRQVzD+ybfCQpwjc=,XehguUy57S4MFi2COoyy24g6d3I=
-73,121,fVO5P3dKV5ZBRQVzD+ybfCQpwjc=,XehguUy57S4MFi2COoyy24g6d3I=
-75,121,fVO5P3dKV5ZBRQVzD+ybfCQpwjc=,XehguUy57S4MFi2COoyy24g6d3I=
-75,122,fVO5P3dKV5ZBRQVzD+ybfCQpwjc=,XehguUy57S4MFi2COoyy24g6d3I=
-76,122,fVO5P3dKV5ZBRQVzD+ybfCQpwjc=,XehguUy57S4MFi2COoyy24g6d3I=
-73,122,fVO5P3dKV5ZBRQVzD+ybfCQpwjc=,XehguUy57S4MFi2COoyy24g6d3I=
-76,123,fVO5P3dKV5ZBRQVzD+ybfCQpwjc=,XehguUy57S4MFi2COoyy24g6d3I=
-69,121,fVO5P3dKV5ZBRQVzD+ybfCQpwjc=,vapvTcmF4ZjBQCGZgHcntvKvOtg=
-74,122,fVO5P3dKV5ZBRQVzD+ybfCQpwjc=,XehguUy57S4MFi2COoyy24g6d3I=
-70,127,fVO5P3dKV5ZBRQVzD+ybfCQpwjc=,vapvTcmF4ZjBQCGZgHcntvKvOtg=
-71,127,fVO5P3dKV5ZBRQVzD+ybfCQpwjc=,vapvTcmF4ZjBQCGZgHcntvKvOtg=
-75,123,fVO5P3dKV5ZBRQVzD+ybfCQpwjc=,XehguUy57S4MFi2COoyy24g6d3I=
-69,127,fVO5P3dKV5ZBRQVzD+ybfCQpwjc=,vapvTcmF4ZjBQCGZgHcntvKvOtg=
-74,123,fVO5P3dKV5ZBRQVzD+ybfCQpwjc=,XehguUy57S4MFi2COoyy24g6d3I=
-76,124,fVO5P3dKV5ZBRQVzD+ybfCQpwjc=,XehguUy57S4MFi2COoyy24g6d3I=
-75,124,fVO5P3dKV5ZBRQVzD+ybfCQpwjc=,XehguUy57S4MFi2COoyy24g6d3I=
-75,125,fVO5P3dKV5ZBRQVzD+ybfCQpwjc=,XehguUy57S4MFi2COoyy24g6d3I=
-74,120,fVO5P3dKV5ZBRQVzD+ybfCQpwjc=,XehguUy57S4MFi2COoyy24g6d3I=
-72,122,fVO5P3dKV5ZBRQVzD+ybfCQpwjc=,vapvTcmF4ZjBQCGZgHcntvKvOtg=
-76,126,fVO5P3dKV5ZBRQVzD+ybfCQpwjc=,XehguUy57S4MFi2COoyy24g6d3I=
-73,120,fVO5P3dKV5ZBRQVzD+ybfCQpwjc=,XehguUy57S4MFi2COoyy24g6d3I=
-73,124,fVO5P3dKV5ZBRQVzD+ybfCQpwjc=,XehguUy57S4MFi2COoyy24g6d3I=
-73,125,fVO5P3dKV5ZBRQVzD+ybfCQpwjc=,XehguUy57S4MFi2COoyy24g6d3I=
-73,123,fVO5P3dKV5ZBRQVzD+ybfCQpwjc=,XehguUy57S4MFi2COoyy24g6d3I=
-72,123,fVO5P3dKV5ZBRQVzD+ybfCQpwjc=,vapvTcmF4ZjBQCGZgHcntvKvOtg=
-73,126,fVO5P3dKV5ZBRQVzD+ybfCQpwjc=,XehguUy57S4MFi2COoyy24g6d3I=
-75,126,fVO5P3dKV5ZBRQVzD+ybfCQpwjc=,XehguUy57S4MFi2COoyy24g6d3I=
-73,127,fVO5P3dKV5ZBRQVzD+ybfCQpwjc=,XehguUy57S4MFi2COoyy24g6d3I=
-72,121,fVO5P3dKV5ZBRQVzD+ybfCQpwjc=,vapvTcmF4ZjBQCGZgHcntvKvOtg=
-72,125,fVO5P3dKV5ZBRQVzD+ybfCQpwjc=,vapvTcmF4ZjBQCGZgHcntvKvOtg=
-74,125,fVO5P3dKV5ZBRQVzD+ybfCQpwjc=,XehguUy57S4MFi2COoyy24g6d3I=
-72,124,fVO5P3dKV5ZBRQVzD+ybfCQpwjc=,vapvTcmF4ZjBQCGZgHcntvKvOtg=
-74,126,fVO5P3dKV5ZBRQVzD+ybfCQpwjc=,XehguUy57S4MFi2COoyy24g6d3I=
-72,120,fVO5P3dKV5ZBRQVzD+ybfCQpwjc=,vapvTcmF4ZjBQCGZgHcntvKvOtg=
-74,124,fVO5P3dKV5ZBRQVzD+ybfCQpwjc=,XehguUy57S4MFi2COoyy24g6d3I=
-76,125,fVO5P3dKV5ZBRQVzD+ybfCQpwjc=,XehguUy57S4MFi2COoyy24g6d3I=
-76,112,fVO5P3dKV5ZBRQVzD+ybfCQpwjc=,on1rm07/rQsgQPyCtF690Xd8M3w=
-75,112,fVO5P3dKV5ZBRQVzD+ybfCQpwjc=,on1rm07/rQsgQPyCtF690Xd8M3w=
-71,115,fVO5P3dKV5ZBRQVzD+ybfCQpwjc=,xGAY7SI1ssjES1HlsTg0YWN00xY=
-73,112,fVO5P3dKV5ZBRQVzD+ybfCQpwjc=,on1rm07/rQsgQPyCtF690Xd8M3w=
-69,115,fVO5P3dKV5ZBRQVzD+ybfCQpwjc=,xGAY7SI1ssjES1HlsTg0YWN00xY=
-70,115,fVO5P3dKV5ZBRQVzD+ybfCQpwjc=,xGAY7SI1ssjES1HlsTg0YWN00xY=
-69,114,fVO5P3dKV5ZBRQVzD+ybfCQpwjc=,xGAY7SI1ssjES1HlsTg0YWN00xY=
-69,113,fVO5P3dKV5ZBRQVzD+ybfCQpwjc=,xGAY7SI1ssjES1HlsTg0YWN00xY=
-80,119,fVO5P3dKV5ZBRQVzD+ybfCQpwjc=,on1rm07/rQsgQPyCtF690Xd8M3w=
-72,115,fVO5P3dKV5ZBRQVzD+ybfCQpwjc=,xGAY7SI1ssjES1HlsTg0YWN00xY=
-70,114,fVO5P3dKV5ZBRQVzD+ybfCQpwjc=,xGAY7SI1ssjES1HlsTg0YWN00xY=
-70,113,fVO5P3dKV5ZBRQVzD+ybfCQpwjc=,xGAY7SI1ssjES1HlsTg0YWN00xY=
-71,113,fVO5P3dKV5ZBRQVzD+ybfCQpwjc=,xGAY7SI1ssjES1HlsTg0YWN00xY=
-72,113,fVO5P3dKV5ZBRQVzD+ybfCQpwjc=,xGAY7SI1ssjES1HlsTg0YWN00xY=
-71,114,fVO5P3dKV5ZBRQVzD+ybfCQpwjc=,xGAY7SI1ssjES1HlsTg0YWN00xY=
-76,114,fVO5P3dKV5ZBRQVzD+ybfCQpwjc=,on1rm07/rQsgQPyCtF690Xd8M3w=
-72,114,fVO5P3dKV5ZBRQVzD+ybfCQpwjc=,xGAY7SI1ssjES1HlsTg0YWN00xY=
-76,113,fVO5P3dKV5ZBRQVzD+ybfCQpwjc=,on1rm07/rQsgQPyCtF690Xd8M3w=
-75,114,fVO5P3dKV5ZBRQVzD+ybfCQpwjc=,on1rm07/rQsgQPyCtF690Xd8M3w=
-75,113,fVO5P3dKV5ZBRQVzD+ybfCQpwjc=,on1rm07/rQsgQPyCtF690Xd8M3w=
-73,113,fVO5P3dKV5ZBRQVzD+ybfCQpwjc=,on1rm07/rQsgQPyCtF690Xd8M3w=
-73,115,fVO5P3dKV5ZBRQVzD+ybfCQpwjc=,on1rm07/rQsgQPyCtF690Xd8M3w=
-74,114,fVO5P3dKV5ZBRQVzD+ybfCQpwjc=,on1rm07/rQsgQPyCtF690Xd8M3w=
-74,113,fVO5P3dKV5ZBRQVzD+ybfCQpwjc=,on1rm07/rQsgQPyCtF690Xd8M3w=
-74,115,fVO5P3dKV5ZBRQVzD+ybfCQpwjc=,on1rm07/rQsgQPyCtF690Xd8M3w=
-75,115,fVO5P3dKV5ZBRQVzD+ybfCQpwjc=,on1rm07/rQsgQPyCtF690Xd8M3w=
-72,112,fVO5P3dKV5ZBRQVzD+ybfCQpwjc=,xGAY7SI1ssjES1HlsTg0YWN00xY=
-76,115,fVO5P3dKV5ZBRQVzD+ybfCQpwjc=,on1rm07/rQsgQPyCtF690Xd8M3w=
-80,127,fVO5P3dKV5ZBRQVzD+ybfCQpwjc=,XehguUy57S4MFi2COoyy24g6d3I=
-80,116,fVO5P3dKV5ZBRQVzD+ybfCQpwjc=,on1rm07/rQsgQPyCtF690Xd8M3w=
-73,114,fVO5P3dKV5ZBRQVzD+ybfCQpwjc=,on1rm07/rQsgQPyCtF690Xd8M3w=
-79,120,fVO5P3dKV5ZBRQVzD+ybfCQpwjc=,XehguUy57S4MFi2COoyy24g6d3I=
-69,112,fVO5P3dKV5ZBRQVzD+ybfCQpwjc=,xGAY7SI1ssjES1HlsTg0YWN00xY=
-74,112,fVO5P3dKV5ZBRQVzD+ybfCQpwjc=,on1rm07/rQsgQPyCtF690Xd8M3w=
-78,121,fVO5P3dKV5ZBRQVzD+ybfCQpwjc=,XehguUy57S4MFi2COoyy24g6d3I=
-70,112,fVO5P3dKV5ZBRQVzD+ybfCQpwjc=,xGAY7SI1ssjES1HlsTg0YWN00xY=
-78,120,fVO5P3dKV5ZBRQVzD+ybfCQpwjc=,XehguUy57S4MFi2COoyy24g6d3I=
-71,112,fVO5P3dKV5ZBRQVzD+ybfCQpwjc=,xGAY7SI1ssjES1HlsTg0YWN00xY=
-78,118,fVO5P3dKV5ZBRQVzD+ybfCQpwjc=,on1rm07/rQsgQPyCtF690Xd8M3w=
-77,121,fVO5P3dKV5ZBRQVzD+ybfCQpwjc=,XehguUy57S4MFi2COoyy24g6d3I=
-80,125,fVO5P3dKV5ZBRQVzD+ybfCQpwjc=,XehguUy57S4MFi2COoyy24g6d3I=
-79,121,fVO5P3dKV5ZBRQVzD+ybfCQpwjc=,XehguUy57S4MFi2COoyy24g6d3I=
-77,118,fVO5P3dKV5ZBRQVzD+ybfCQpwjc=,on1rm07/rQsgQPyCtF690Xd8M3w=
-80,126,fVO5P3dKV5ZBRQVzD+ybfCQpwjc=,XehguUy57S4MFi2COoyy24g6d3I=
-77,120,fVO5P3dKV5ZBRQVzD+ybfCQpwjc=,XehguUy57S4MFi2COoyy24g6d3I=
-79,118,fVO5P3dKV5ZBRQVzD+ybfCQpwjc=,on1rm07/rQsgQPyCtF690Xd8M3w=
-79,117,fVO5P3dKV5ZBRQVzD+ybfCQpwjc=,on1rm07/rQsgQPyCtF690Xd8M3w=
-77,117,fVO5P3dKV5ZBRQVzD+ybfCQpwjc=,on1rm07/rQsgQPyCtF690Xd8M3w=
-78,117,fVO5P3dKV5ZBRQVzD+ybfCQpwjc=,on1rm07/rQsgQPyCtF690Xd8M3w=
-80,118,fVO5P3dKV5ZBRQVzD+ybfCQpwjc=,on1rm07/rQsgQPyCtF690Xd8M3w=
-78,116,fVO5P3dKV5ZBRQVzD+ybfCQpwjc=,on1rm07/rQsgQPyCtF690Xd8M3w=
-77,116,fVO5P3dKV5ZBRQVzD+ybfCQpwjc=,on1rm07/rQsgQPyCtF690Xd8M3w=
-78,119,fVO5P3dKV5ZBRQVzD+ybfCQpwjc=,on1rm07/rQsgQPyCtF690Xd8M3w=
-79,116,fVO5P3dKV5ZBRQVzD+ybfCQpwjc=,on1rm07/rQsgQPyCtF690Xd8M3w=
-77,122,fVO5P3dKV5ZBRQVzD+ybfCQpwjc=,XehguUy57S4MFi2COoyy24g6d3I=
-77,119,fVO5P3dKV5ZBRQVzD+ybfCQpwjc=,on1rm07/rQsgQPyCtF690Xd8M3w=
-77,123,fVO5P3dKV5ZBRQVzD+ybfCQpwjc=,XehguUy57S4MFi2COoyy24g6d3I=
-79,122,fVO5P3dKV5ZBRQVzD+ybfCQpwjc=,XehguUy57S4MFi2COoyy24g6d3I=
-79,119,fVO5P3dKV5ZBRQVzD+ybfCQpwjc=,on1rm07/rQsgQPyCtF690Xd8M3w=
-78,122,fVO5P3dKV5ZBRQVzD+ybfCQpwjc=,XehguUy57S4MFi2COoyy24g6d3I=
-80,117,fVO5P3dKV5ZBRQVzD+ybfCQpwjc=,on1rm07/rQsgQPyCtF690Xd8M3w=
-80,124,fVO5P3dKV5ZBRQVzD+ybfCQpwjc=,XehguUy57S4MFi2COoyy24g6d3I=
-78,123,fVO5P3dKV5ZBRQVzD+ybfCQpwjc=,XehguUy57S4MFi2COoyy24g6d3I=
-79,123,fVO5P3dKV5ZBRQVzD+ybfCQpwjc=,XehguUy57S4MFi2COoyy24g6d3I=
-77,124,fVO5P3dKV5ZBRQVzD+ybfCQpwjc=,XehguUy57S4MFi2COoyy24g6d3I=
-79,124,fVO5P3dKV5ZBRQVzD+ybfCQpwjc=,XehguUy57S4MFi2COoyy24g6d3I=
-79,127,fVO5P3dKV5ZBRQVzD+ybfCQpwjc=,XehguUy57S4MFi2COoyy24g6d3I=
-79,126,fVO5P3dKV5ZBRQVzD+ybfCQpwjc=,XehguUy57S4MFi2COoyy24g6d3I=
-77,125,fVO5P3dKV5ZBRQVzD+ybfCQpwjc=,XehguUy57S4MFi2COoyy24g6d3I=
-78,124,fVO5P3dKV5ZBRQVzD+ybfCQpwjc=,XehguUy57S4MFi2COoyy24g6d3I=
-79,125,fVO5P3dKV5ZBRQVzD+ybfCQpwjc=,XehguUy57S4MFi2COoyy24g6d3I=
-78,125,fVO5P3dKV5ZBRQVzD+ybfCQpwjc=,XehguUy57S4MFi2COoyy24g6d3I=
-80,120,fVO5P3dKV5ZBRQVzD+ybfCQpwjc=,XehguUy57S4MFi2COoyy24g6d3I=
-78,127,fVO5P3dKV5ZBRQVzD+ybfCQpwjc=,XehguUy57S4MFi2COoyy24g6d3I=
-78,126,fVO5P3dKV5ZBRQVzD+ybfCQpwjc=,XehguUy57S4MFi2COoyy24g6d3I=
-80,123,fVO5P3dKV5ZBRQVzD+ybfCQpwjc=,XehguUy57S4MFi2COoyy24g6d3I=
-77,126,fVO5P3dKV5ZBRQVzD+ybfCQpwjc=,XehguUy57S4MFi2COoyy24g6d3I=
-77,127,fVO5P3dKV5ZBRQVzD+ybfCQpwjc=,XehguUy57S4MFi2COoyy24g6d3I=
-78,113,fVO5P3dKV5ZBRQVzD+ybfCQpwjc=,on1rm07/rQsgQPyCtF690Xd8M3w=
-79,113,fVO5P3dKV5ZBRQVzD+ybfCQpwjc=,on1rm07/rQsgQPyCtF690Xd8M3w=
-80,112,fVO5P3dKV5ZBRQVzD+ybfCQpwjc=,on1rm07/rQsgQPyCtF690Xd8M3w=
-80,121,fVO5P3dKV5ZBRQVzD+ybfCQpwjc=,XehguUy57S4MFi2COoyy24g6d3I=
-77,113,fVO5P3dKV5ZBRQVzD+ybfCQpwjc=,on1rm07/rQsgQPyCtF690Xd8M3w=
-78,114,fVO5P3dKV5ZBRQVzD+ybfCQpwjc=,on1rm07/rQsgQPyCtF690Xd8M3w=
-77,114,fVO5P3dKV5ZBRQVzD+ybfCQpwjc=,on1rm07/rQsgQPyCtF690Xd8M3w=
-80,113,fVO5P3dKV5ZBRQVzD+ybfCQpwjc=,on1rm07/rQsgQPyCtF690Xd8M3w=
-79,114,fVO5P3dKV5ZBRQVzD+ybfCQpwjc=,on1rm07/rQsgQPyCtF690Xd8M3w=
-80,122,fVO5P3dKV5ZBRQVzD+ybfCQpwjc=,XehguUy57S4MFi2COoyy24g6d3I=
-77,112,fVO5P3dKV5ZBRQVzD+ybfCQpwjc=,on1rm07/rQsgQPyCtF690Xd8M3w=
-78,115,fVO5P3dKV5ZBRQVzD+ybfCQpwjc=,on1rm07/rQsgQPyCtF690Xd8M3w=
-79,115,fVO5P3dKV5ZBRQVzD+ybfCQpwjc=,on1rm07/rQsgQPyCtF690Xd8M3w=
-80,114,fVO5P3dKV5ZBRQVzD+ybfCQpwjc=,on1rm07/rQsgQPyCtF690Xd8M3w=
-80,115,fVO5P3dKV5ZBRQVzD+ybfCQpwjc=,on1rm07/rQsgQPyCtF690Xd8M3w=
-77,115,fVO5P3dKV5ZBRQVzD+ybfCQpwjc=,on1rm07/rQsgQPyCtF690Xd8M3w=
-78,112,fVO5P3dKV5ZBRQVzD+ybfCQpwjc=,on1rm07/rQsgQPyCtF690Xd8M3w=
-79,112,fVO5P3dKV5ZBRQVzD+ybfCQpwjc=,on1rm07/rQsgQPyCtF690Xd8M3w=
-65,112,fVO5P3dKV5ZBRQVzD+ybfCQpwjc=,xGAY7SI1ssjES1HlsTg0YWN00xY=
-65,113,fVO5P3dKV5ZBRQVzD+ybfCQpwjc=,xGAY7SI1ssjES1HlsTg0YWN00xY=
-66,113,fVO5P3dKV5ZBRQVzD+ybfCQpwjc=,xGAY7SI1ssjES1HlsTg0YWN00xY=
-66,115,fVO5P3dKV5ZBRQVzD+ybfCQpwjc=,xGAY7SI1ssjES1HlsTg0YWN00xY=
-66,114,fVO5P3dKV5ZBRQVzD+ybfCQpwjc=,xGAY7SI1ssjES1HlsTg0YWN00xY=
-68,115,fVO5P3dKV5ZBRQVzD+ybfCQpwjc=,xGAY7SI1ssjES1HlsTg0YWN00xY=
-67,114,fVO5P3dKV5ZBRQVzD+ybfCQpwjc=,xGAY7SI1ssjES1HlsTg0YWN00xY=
-65,114,fVO5P3dKV5ZBRQVzD+ybfCQpwjc=,xGAY7SI1ssjES1HlsTg0YWN00xY=
-65,115,fVO5P3dKV5ZBRQVzD+ybfCQpwjc=,xGAY7SI1ssjES1HlsTg0YWN00xY=
-67,115,fVO5P3dKV5ZBRQVzD+ybfCQpwjc=,xGAY7SI1ssjES1HlsTg0YWN00xY=
-67,113,fVO5P3dKV5ZBRQVzD+ybfCQpwjc=,xGAY7SI1ssjES1HlsTg0YWN00xY=
-68,114,fVO5P3dKV5ZBRQVzD+ybfCQpwjc=,xGAY7SI1ssjES1HlsTg0YWN00xY=
-66,112,fVO5P3dKV5ZBRQVzD+ybfCQpwjc=,xGAY7SI1ssjES1HlsTg0YWN00xY=
-68,113,fVO5P3dKV5ZBRQVzD+ybfCQpwjc=,xGAY7SI1ssjES1HlsTg0YWN00xY=
-67,112,fVO5P3dKV5ZBRQVzD+ybfCQpwjc=,xGAY7SI1ssjES1HlsTg0YWN00xY=
-65,127,fVO5P3dKV5ZBRQVzD+ybfCQpwjc=,vapvTcmF4ZjBQCGZgHcntvKvOtg=
-65,118,fVO5P3dKV5ZBRQVzD+ybfCQpwjc=,xGAY7SI1ssjES1HlsTg0YWN00xY=
-65,116,fVO5P3dKV5ZBRQVzD+ybfCQpwjc=,xGAY7SI1ssjES1HlsTg0YWN00xY=
-66,118,fVO5P3dKV5ZBRQVzD+ybfCQpwjc=,xGAY7SI1ssjES1HlsTg0YWN00xY=
-67,116,fVO5P3dKV5ZBRQVzD+ybfCQpwjc=,xGAY7SI1ssjES1HlsTg0YWN00xY=
-67,118,fVO5P3dKV5ZBRQVzD+ybfCQpwjc=,xGAY7SI1ssjES1HlsTg0YWN00xY=
-68,112,fVO5P3dKV5ZBRQVzD+ybfCQpwjc=,xGAY7SI1ssjES1HlsTg0YWN00xY=
-65,125,fVO5P3dKV5ZBRQVzD+ybfCQpwjc=,vapvTcmF4ZjBQCGZgHcntvKvOtg=
-68,118,fVO5P3dKV5ZBRQVzD+ybfCQpwjc=,xGAY7SI1ssjES1HlsTg0YWN00xY=
-68,116,fVO5P3dKV5ZBRQVzD+ybfCQpwjc=,xGAY7SI1ssjES1HlsTg0YWN00xY=
-65,126,fVO5P3dKV5ZBRQVzD+ybfCQpwjc=,vapvTcmF4ZjBQCGZgHcntvKvOtg=
-66,116,fVO5P3dKV5ZBRQVzD+ybfCQpwjc=,xGAY7SI1ssjES1HlsTg0YWN00xY=
-65,124,fVO5P3dKV5ZBRQVzD+ybfCQpwjc=,vapvTcmF4ZjBQCGZgHcntvKvOtg=
-65,117,fVO5P3dKV5ZBRQVzD+ybfCQpwjc=,xGAY7SI1ssjES1HlsTg0YWN00xY=
-66,117,fVO5P3dKV5ZBRQVzD+ybfCQpwjc=,xGAY7SI1ssjES1HlsTg0YWN00xY=
-68,117,fVO5P3dKV5ZBRQVzD+ybfCQpwjc=,xGAY7SI1ssjES1HlsTg0YWN00xY=
-67,117,fVO5P3dKV5ZBRQVzD+ybfCQpwjc=,xGAY7SI1ssjES1HlsTg0YWN00xY=
-65,120,fVO5P3dKV5ZBRQVzD+ybfCQpwjc=,vapvTcmF4ZjBQCGZgHcntvKvOtg=
-67,119,fVO5P3dKV5ZBRQVzD+ybfCQpwjc=,xGAY7SI1ssjES1HlsTg0YWN00xY=
-66,121,fVO5P3dKV5ZBRQVzD+ybfCQpwjc=,vapvTcmF4ZjBQCGZgHcntvKvOtg=
-68,119,fVO5P3dKV5ZBRQVzD+ybfCQpwjc=,xGAY7SI1ssjES1HlsTg0YWN00xY=
-68,121,fVO5P3dKV5ZBRQVzD+ybfCQpwjc=,vapvTcmF4ZjBQCGZgHcntvKvOtg=
-67,121,fVO5P3dKV5ZBRQVzD+ybfCQpwjc=,vapvTcmF4ZjBQCGZgHcntvKvOtg=
-68,122,fVO5P3dKV5ZBRQVzD+ybfCQpwjc=,vapvTcmF4ZjBQCGZgHcntvKvOtg=
-66,119,fVO5P3dKV5ZBRQVzD+ybfCQpwjc=,xGAY7SI1ssjES1HlsTg0YWN00xY=
-67,124,fVO5P3dKV5ZBRQVzD+ybfCQpwjc=,vapvTcmF4ZjBQCGZgHcntvKvOtg=
-67,122,fVO5P3dKV5ZBRQVzD+ybfCQpwjc=,vapvTcmF4ZjBQCGZgHcntvKvOtg=
-68,124,fVO5P3dKV5ZBRQVzD+ybfCQpwjc=,vapvTcmF4ZjBQCGZgHcntvKvOtg=
-66,122,fVO5P3dKV5ZBRQVzD+ybfCQpwjc=,vapvTcmF4ZjBQCGZgHcntvKvOtg=
-66,127,fVO5P3dKV5ZBRQVzD+ybfCQpwjc=,vapvTcmF4ZjBQCGZgHcntvKvOtg=
-66,124,fVO5P3dKV5ZBRQVzD+ybfCQpwjc=,vapvTcmF4ZjBQCGZgHcntvKvOtg=
-66,120,fVO5P3dKV5ZBRQVzD+ybfCQpwjc=,vapvTcmF4ZjBQCGZgHcntvKvOtg=
-67,127,fVO5P3dKV5ZBRQVzD+ybfCQpwjc=,vapvTcmF4ZjBQCGZgHcntvKvOtg=
-68,125,fVO5P3dKV5ZBRQVzD+ybfCQpwjc=,vapvTcmF4ZjBQCGZgHcntvKvOtg=
-66,125,fVO5P3dKV5ZBRQVzD+ybfCQpwjc=,vapvTcmF4ZjBQCGZgHcntvKvOtg=
-68,123,fVO5P3dKV5ZBRQVzD+ybfCQpwjc=,vapvTcmF4ZjBQCGZgHcntvKvOtg=
-68,126,fVO5P3dKV5ZBRQVzD+ybfCQpwjc=,vapvTcmF4ZjBQCGZgHcntvKvOtg=
-65,123,fVO5P3dKV5ZBRQVzD+ybfCQpwjc=,vapvTcmF4ZjBQCGZgHcntvKvOtg=
-67,123,fVO5P3dKV5ZBRQVzD+ybfCQpwjc=,vapvTcmF4ZjBQCGZgHcntvKvOtg=
-67,126,fVO5P3dKV5ZBRQVzD+ybfCQpwjc=,vapvTcmF4ZjBQCGZgHcntvKvOtg=
-67,120,fVO5P3dKV5ZBRQVzD+ybfCQpwjc=,vapvTcmF4ZjBQCGZgHcntvKvOtg=
-65,121,fVO5P3dKV5ZBRQVzD+ybfCQpwjc=,vapvTcmF4ZjBQCGZgHcntvKvOtg=
-66,126,fVO5P3dKV5ZBRQVzD+ybfCQpwjc=,vapvTcmF4ZjBQCGZgHcntvKvOtg=
-66,123,fVO5P3dKV5ZBRQVzD+ybfCQpwjc=,vapvTcmF4ZjBQCGZgHcntvKvOtg=
-68,120,fVO5P3dKV5ZBRQVzD+ybfCQpwjc=,vapvTcmF4ZjBQCGZgHcntvKvOtg=
-67,125,fVO5P3dKV5ZBRQVzD+ybfCQpwjc=,vapvTcmF4ZjBQCGZgHcntvKvOtg=
-68,127,fVO5P3dKV5ZBRQVzD+ybfCQpwjc=,vapvTcmF4ZjBQCGZgHcntvKvOtg=
-65,119,fVO5P3dKV5ZBRQVzD+ybfCQpwjc=,xGAY7SI1ssjES1HlsTg0YWN00xY=
-65,122,fVO5P3dKV5ZBRQVzD+ybfCQpwjc=,vapvTcmF4ZjBQCGZgHcntvKvOtg=
-65,103,6gbqJlQNuw60Gr39S2gsYA9Q7tk=,tPdAfI8YEm4tSpRLPtRyxPwuuFE=
-67,102,6gbqJlQNuw60Gr39S2gsYA9Q7tk=,tPdAfI8YEm4tSpRLPtRyxPwuuFE=
-65,102,6gbqJlQNuw60Gr39S2gsYA9Q7tk=,tPdAfI8YEm4tSpRLPtRyxPwuuFE=
-68,100,6gbqJlQNuw60Gr39S2gsYA9Q7tk=,tPdAfI8YEm4tSpRLPtRyxPwuuFE=
-68,102,6gbqJlQNuw60Gr39S2gsYA9Q7tk=,tPdAfI8YEm4tSpRLPtRyxPwuuFE=
-66,100,vhek7LeNT2v0TrHNm9W+1La9FkU=,tPdAfI8YEm4tSpRLPtRyxPwuuFE=
-67,100,vhek7LeNT2v0TrHNm9W+1La9FkU=,tPdAfI8YEm4tSpRLPtRyxPwuuFE=
-66,102,vhek7LeNT2v0TrHNm9W+1La9FkU=,tPdAfI8YEm4tSpRLPtRyxPwuuFE=
-65,100,vhek7LeNT2v0TrHNm9W+1La9FkU=,tPdAfI8YEm4tSpRLPtRyxPwuuFE=
-65,101,vhek7LeNT2v0TrHNm9W+1La9FkU=,tPdAfI8YEm4tSpRLPtRyxPwuuFE=
-68,101,sUhOp7cDo5ekFBIhTyMxmQVK2eI=,tPdAfI8YEm4tSpRLPtRyxPwuuFE=
-67,101,sUhOp7cDo5ekFBIhTyMxmQVK2eI=,tPdAfI8YEm4tSpRLPtRyxPwuuFE=
-70,100,sUhOp7cDo5ekFBIhTyMxmQVK2eI=,tPdAfI8YEm4tSpRLPtRyxPwuuFE=
-71,100,sUhOp7cDo5ekFBIhTyMxmQVK2eI=,tPdAfI8YEm4tSpRLPtRyxPwuuFE=
-66,101,sUhOp7cDo5ekFBIhTyMxmQVK2eI=,tPdAfI8YEm4tSpRLPtRyxPwuuFE=
-73,103,sUhOp7cDo5ekFBIhTyMxmQVK2eI=,DrbDrBAZ9ZbcWEngsszCh+BIkcU=
-74,103,sUhOp7cDo5ekFBIhTyMxmQVK2eI=,DrbDrBAZ9ZbcWEngsszCh+BIkcU=
-69,100,sUhOp7cDo5ekFBIhTyMxmQVK2eI=,tPdAfI8YEm4tSpRLPtRyxPwuuFE=
-67,103,sUhOp7cDo5ekFBIhTyMxmQVK2eI=,tPdAfI8YEm4tSpRLPtRyxPwuuFE=
-68,103,sUhOp7cDo5ekFBIhTyMxmQVK2eI=,tPdAfI8YEm4tSpRLPtRyxPwuuFE=
-71,101,sUhOp7cDo5ekFBIhTyMxmQVK2eI=,tPdAfI8YEm4tSpRLPtRyxPwuuFE=
-71,102,FAAQnv3XqF/WqEjiDSHSndBOasA=,tPdAfI8YEm4tSpRLPtRyxPwuuFE=
-69,101,FAAQnv3XqF/WqEjiDSHSndBOasA=,tPdAfI8YEm4tSpRLPtRyxPwuuFE=
-70,102,FAAQnv3XqF/WqEjiDSHSndBOasA=,tPdAfI8YEm4tSpRLPtRyxPwuuFE=
-72,101,FAAQnv3XqF/WqEjiDSHSndBOasA=,tPdAfI8YEm4tSpRLPtRyxPwuuFE=
-72,100,FAAQnv3XqF/WqEjiDSHSndBOasA=,tPdAfI8YEm4tSpRLPtRyxPwuuFE=
-70,101,FAAQnv3XqF/WqEjiDSHSndBOasA=,tPdAfI8YEm4tSpRLPtRyxPwuuFE=
-76,104,FAAQnv3XqF/WqEjiDSHSndBOasA=,lhooF2VtkXOEHS42Y31y2plHNFI=
-75,103,FAAQnv3XqF/WqEjiDSHSndBOasA=,DrbDrBAZ9ZbcWEngsszCh+BIkcU=
-75,105,FAAQnv3XqF/WqEjiDSHSndBOasA=,lhooF2VtkXOEHS42Y31y2plHNFI=
-74,100,FAAQnv3XqF/WqEjiDSHSndBOasA=,DrbDrBAZ9ZbcWEngsszCh+BIkcU=
-66,103,FAAQnv3XqF/WqEjiDSHSndBOasA=,tPdAfI8YEm4tSpRLPtRyxPwuuFE=
-71,103,FAAQnv3XqF/WqEjiDSHSndBOasA=,tPdAfI8YEm4tSpRLPtRyxPwuuFE=
-72,102,FAAQnv3XqF/WqEjiDSHSndBOasA=,tPdAfI8YEm4tSpRLPtRyxPwuuFE=
-69,102,FAAQnv3XqF/WqEjiDSHSndBOasA=,tPdAfI8YEm4tSpRLPtRyxPwuuFE=
-75,107,FAAQnv3XqF/WqEjiDSHSndBOasA=,lhooF2VtkXOEHS42Y31y2plHNFI=
-75,104,FAAQnv3XqF/WqEjiDSHSndBOasA=,lhooF2VtkXOEHS42Y31y2plHNFI=
-76,108,FAAQnv3XqF/WqEjiDSHSndBOasA=,lhooF2VtkXOEHS42Y31y2plHNFI=
-75,108,FAAQnv3XqF/WqEjiDSHSndBOasA=,lhooF2VtkXOEHS42Y31y2plHNFI=
-75,106,U61s6/WuYjB9euEaVAEyaui58Dk=,lhooF2VtkXOEHS42Y31y2plHNFI=
-69,103,U61s6/WuYjB9euEaVAEyaui58Dk=,tPdAfI8YEm4tSpRLPtRyxPwuuFE=
-74,108,U61s6/WuYjB9euEaVAEyaui58Dk=,lhooF2VtkXOEHS42Y31y2plHNFI=
-76,105,U61s6/WuYjB9euEaVAEyaui58Dk=,lhooF2VtkXOEHS42Y31y2plHNFI=
-76,103,U61s6/WuYjB9euEaVAEyaui58Dk=,DrbDrBAZ9ZbcWEngsszCh+BIkcU=
-74,106,U61s6/WuYjB9euEaVAEyaui58Dk=,lhooF2VtkXOEHS42Y31y2plHNFI=
-70,103,U61s6/WuYjB9euEaVAEyaui58Dk=,tPdAfI8YEm4tSpRLPtRyxPwuuFE=
-75,109,U61s6/WuYjB9euEaVAEyaui58Dk=,lhooF2VtkXOEHS42Y31y2plHNFI=
-74,107,U61s6/WuYjB9euEaVAEyaui58Dk=,lhooF2VtkXOEHS42Y31y2plHNFI=
-72,103,U61s6/WuYjB9euEaVAEyaui58Dk=,tPdAfI8YEm4tSpRLPtRyxPwuuFE=
-71,110,U61s6/WuYjB9euEaVAEyaui58Dk=,vi6vak6kARc4MT32oOpZS918xQk=
-76,107,U61s6/WuYjB9euEaVAEyaui58Dk=,lhooF2VtkXOEHS42Y31y2plHNFI=
-76,106,U61s6/WuYjB9euEaVAEyaui58Dk=,lhooF2VtkXOEHS42Y31y2plHNFI=
-73,100,U61s6/WuYjB9euEaVAEyaui58Dk=,DrbDrBAZ9ZbcWEngsszCh+BIkcU=
-74,109,U61s6/WuYjB9euEaVAEyaui58Dk=,lhooF2VtkXOEHS42Y31y2plHNFI=
-76,101,U61s6/WuYjB9euEaVAEyaui58Dk=,DrbDrBAZ9ZbcWEngsszCh+BIkcU=
-74,105,U61s6/WuYjB9euEaVAEyaui58Dk=,lhooF2VtkXOEHS42Y31y2plHNFI=
-75,100,U61s6/WuYjB9euEaVAEyaui58Dk=,DrbDrBAZ9ZbcWEngsszCh+BIkcU=
-76,110,U61s6/WuYjB9euEaVAEyaui58Dk=,lhooF2VtkXOEHS42Y31y2plHNFI=
-76,109,U61s6/WuYjB9euEaVAEyaui58Dk=,lhooF2VtkXOEHS42Y31y2plHNFI=
-72,110,U61s6/WuYjB9euEaVAEyaui58Dk=,vi6vak6kARc4MT32oOpZS918xQk=
-75,110,U61s6/WuYjB9euEaVAEyaui58Dk=,lhooF2VtkXOEHS42Y31y2plHNFI=
-74,110,U61s6/WuYjB9euEaVAEyaui58Dk=,lhooF2VtkXOEHS42Y31y2plHNFI=
-75,101,U61s6/WuYjB9euEaVAEyaui58Dk=,DrbDrBAZ9ZbcWEngsszCh+BIkcU=
-76,111,U61s6/WuYjB9euEaVAEyaui58Dk=,lhooF2VtkXOEHS42Y31y2plHNFI=
-74,111,U61s6/WuYjB9euEaVAEyaui58Dk=,lhooF2VtkXOEHS42Y31y2plHNFI=
-74,101,U61s6/WuYjB9euEaVAEyaui58Dk=,DrbDrBAZ9ZbcWEngsszCh+BIkcU=
-75,111,U61s6/WuYjB9euEaVAEyaui58Dk=,lhooF2VtkXOEHS42Y31y2plHNFI=
-76,100,U61s6/WuYjB9euEaVAEyaui58Dk=,DrbDrBAZ9ZbcWEngsszCh+BIkcU=
-70,110,U61s6/WuYjB9euEaVAEyaui58Dk=,vi6vak6kARc4MT32oOpZS918xQk=
-76,102,U61s6/WuYjB9euEaVAEyaui58Dk=,DrbDrBAZ9ZbcWEngsszCh+BIkcU=
-65,105,U61s6/WuYjB9euEaVAEyaui58Dk=,vi6vak6kARc4MT32oOpZS918xQk=
-74,104,U61s6/WuYjB9euEaVAEyaui58Dk=,lhooF2VtkXOEHS42Y31y2plHNFI=
-66,105,U61s6/WuYjB9euEaVAEyaui58Dk=,vi6vak6kARc4MT32oOpZS918xQk=
-73,101,U61s6/WuYjB9euEaVAEyaui58Dk=,DrbDrBAZ9ZbcWEngsszCh+BIkcU=
-73,102,U61s6/WuYjB9euEaVAEyaui58Dk=,DrbDrBAZ9ZbcWEngsszCh+BIkcU=
-68,105,U61s6/WuYjB9euEaVAEyaui58Dk=,vi6vak6kARc4MT32oOpZS918xQk=
-73,107,U61s6/WuYjB9euEaVAEyaui58Dk=,lhooF2VtkXOEHS42Y31y2plHNFI=
-75,102,U61s6/WuYjB9euEaVAEyaui58Dk=,DrbDrBAZ9ZbcWEngsszCh+BIkcU=
-73,108,U61s6/WuYjB9euEaVAEyaui58Dk=,lhooF2VtkXOEHS42Y31y2plHNFI=
-73,105,U61s6/WuYjB9euEaVAEyaui58Dk=,lhooF2VtkXOEHS42Y31y2plHNFI=
-73,106,U61s6/WuYjB9euEaVAEyaui58Dk=,lhooF2VtkXOEHS42Y31y2plHNFI=
-72,106,U61s6/WuYjB9euEaVAEyaui58Dk=,vi6vak6kARc4MT32oOpZS918xQk=
-66,106,U61s6/WuYjB9euEaVAEyaui58Dk=,vi6vak6kARc4MT32oOpZS918xQk=
-69,110,U61s6/WuYjB9euEaVAEyaui58Dk=,vi6vak6kARc4MT32oOpZS918xQk=
-69,106,U61s6/WuYjB9euEaVAEyaui58Dk=,vi6vak6kARc4MT32oOpZS918xQk=
-70,106,U61s6/WuYjB9euEaVAEyaui58Dk=,vi6vak6kARc4MT32oOpZS918xQk=
-68,106,U61s6/WuYjB9euEaVAEyaui58Dk=,vi6vak6kARc4MT32oOpZS918xQk=
-71,106,U61s6/WuYjB9euEaVAEyaui58Dk=,vi6vak6kARc4MT32oOpZS918xQk=
-65,106,U61s6/WuYjB9euEaVAEyaui58Dk=,vi6vak6kARc4MT32oOpZS918xQk=
-67,106,U61s6/WuYjB9euEaVAEyaui58Dk=,vi6vak6kARc4MT32oOpZS918xQk=
-67,105,U61s6/WuYjB9euEaVAEyaui58Dk=,vi6vak6kARc4MT32oOpZS918xQk=
-73,109,U61s6/WuYjB9euEaVAEyaui58Dk=,lhooF2VtkXOEHS42Y31y2plHNFI=
-71,107,U61s6/WuYjB9euEaVAEyaui58Dk=,vi6vak6kARc4MT32oOpZS918xQk=
-72,107,U61s6/WuYjB9euEaVAEyaui58Dk=,vi6vak6kARc4MT32oOpZS918xQk=
-74,102,U61s6/WuYjB9euEaVAEyaui58Dk=,DrbDrBAZ9ZbcWEngsszCh+BIkcU=
-72,108,U61s6/WuYjB9euEaVAEyaui58Dk=,vi6vak6kARc4MT32oOpZS918xQk=
-71,108,U61s6/WuYjB9euEaVAEyaui58Dk=,vi6vak6kARc4MT32oOpZS918xQk=
-66,107,U61s6/WuYjB9euEaVAEyaui58Dk=,vi6vak6kARc4MT32oOpZS918xQk=
-65,107,U61s6/WuYjB9euEaVAEyaui58Dk=,vi6vak6kARc4MT32oOpZS918xQk=
-73,111,U61s6/WuYjB9euEaVAEyaui58Dk=,lhooF2VtkXOEHS42Y31y2plHNFI=
-70,107,U61s6/WuYjB9euEaVAEyaui58Dk=,vi6vak6kARc4MT32oOpZS918xQk=
-68,107,U61s6/WuYjB9euEaVAEyaui58Dk=,vi6vak6kARc4MT32oOpZS918xQk=
-73,110,U61s6/WuYjB9euEaVAEyaui58Dk=,lhooF2VtkXOEHS42Y31y2plHNFI=
-67,107,U61s6/WuYjB9euEaVAEyaui58Dk=,vi6vak6kARc4MT32oOpZS918xQk=
-71,104,U61s6/WuYjB9euEaVAEyaui58Dk=,vi6vak6kARc4MT32oOpZS918xQk=
-72,104,U61s6/WuYjB9euEaVAEyaui58Dk=,vi6vak6kARc4MT32oOpZS918xQk=
-70,109,U61s6/WuYjB9euEaVAEyaui58Dk=,vi6vak6kARc4MT32oOpZS918xQk=
-69,108,U61s6/WuYjB9euEaVAEyaui58Dk=,vi6vak6kARc4MT32oOpZS918xQk=
-65,104,U61s6/WuYjB9euEaVAEyaui58Dk=,vi6vak6kARc4MT32oOpZS918xQk=
-70,104,U61s6/WuYjB9euEaVAEyaui58Dk=,vi6vak6kARc4MT32oOpZS918xQk=
-72,111,U61s6/WuYjB9euEaVAEyaui58Dk=,vi6vak6kARc4MT32oOpZS918xQk=
-70,108,U61s6/WuYjB9euEaVAEyaui58Dk=,vi6vak6kARc4MT32oOpZS918xQk=
-69,107,U61s6/WuYjB9euEaVAEyaui58Dk=,vi6vak6kARc4MT32oOpZS918xQk=
-69,111,U61s6/WuYjB9euEaVAEyaui58Dk=,vi6vak6kARc4MT32oOpZS918xQk=
-72,105,U61s6/WuYjB9euEaVAEyaui58Dk=,vi6vak6kARc4MT32oOpZS918xQk=
-68,104,U61s6/WuYjB9euEaVAEyaui58Dk=,vi6vak6kARc4MT32oOpZS918xQk=
-72,109,U61s6/WuYjB9euEaVAEyaui58Dk=,vi6vak6kARc4MT32oOpZS918xQk=
-69,109,U61s6/WuYjB9euEaVAEyaui58Dk=,vi6vak6kARc4MT32oOpZS918xQk=
-71,105,U61s6/WuYjB9euEaVAEyaui58Dk=,vi6vak6kARc4MT32oOpZS918xQk=
-69,105,U61s6/WuYjB9euEaVAEyaui58Dk=,vi6vak6kARc4MT32oOpZS918xQk=
-73,104,U61s6/WuYjB9euEaVAEyaui58Dk=,lhooF2VtkXOEHS42Y31y2plHNFI=
-67,104,U61s6/WuYjB9euEaVAEyaui58Dk=,vi6vak6kARc4MT32oOpZS918xQk=
-71,109,U61s6/WuYjB9euEaVAEyaui58Dk=,vi6vak6kARc4MT32oOpZS918xQk=
-66,104,U61s6/WuYjB9euEaVAEyaui58Dk=,vi6vak6kARc4MT32oOpZS918xQk=
-70,111,U61s6/WuYjB9euEaVAEyaui58Dk=,vi6vak6kARc4MT32oOpZS918xQk=
-70,105,U61s6/WuYjB9euEaVAEyaui58Dk=,vi6vak6kARc4MT32oOpZS918xQk=
-71,111,U61s6/WuYjB9euEaVAEyaui58Dk=,vi6vak6kARc4MT32oOpZS918xQk=
-69,104,U61s6/WuYjB9euEaVAEyaui58Dk=,vi6vak6kARc4MT32oOpZS918xQk=
-67,109,U61s6/WuYjB9euEaVAEyaui58Dk=,vi6vak6kARc4MT32oOpZS918xQk=
-67,108,U61s6/WuYjB9euEaVAEyaui58Dk=,vi6vak6kARc4MT32oOpZS918xQk=
-68,108,U61s6/WuYjB9euEaVAEyaui58Dk=,vi6vak6kARc4MT32oOpZS918xQk=
-65,111,U61s6/WuYjB9euEaVAEyaui58Dk=,vi6vak6kARc4MT32oOpZS918xQk=
-68,111,U61s6/WuYjB9euEaVAEyaui58Dk=,vi6vak6kARc4MT32oOpZS918xQk=
-68,109,U61s6/WuYjB9euEaVAEyaui58Dk=,vi6vak6kARc4MT32oOpZS918xQk=
-67,110,U61s6/WuYjB9euEaVAEyaui58Dk=,vi6vak6kARc4MT32oOpZS918xQk=
-66,109,U61s6/WuYjB9euEaVAEyaui58Dk=,vi6vak6kARc4MT32oOpZS918xQk=
-66,111,U61s6/WuYjB9euEaVAEyaui58Dk=,vi6vak6kARc4MT32oOpZS918xQk=
-65,108,U61s6/WuYjB9euEaVAEyaui58Dk=,vi6vak6kARc4MT32oOpZS918xQk=
-65,110,U61s6/WuYjB9euEaVAEyaui58Dk=,vi6vak6kARc4MT32oOpZS918xQk=
-66,108,U61s6/WuYjB9euEaVAEyaui58Dk=,vi6vak6kARc4MT32oOpZS918xQk=
-67,111,U61s6/WuYjB9euEaVAEyaui58Dk=,vi6vak6kARc4MT32oOpZS918xQk=
-66,110,U61s6/WuYjB9euEaVAEyaui58Dk=,vi6vak6kARc4MT32oOpZS918xQk=
-65,109,U61s6/WuYjB9euEaVAEyaui58Dk=,vi6vak6kARc4MT32oOpZS918xQk=
-78,108,U61s6/WuYjB9euEaVAEyaui58Dk=,lhooF2VtkXOEHS42Y31y2plHNFI=
-68,110,U61s6/WuYjB9euEaVAEyaui58Dk=,vi6vak6kARc4MT32oOpZS918xQk=
-77,111,U61s6/WuYjB9euEaVAEyaui58Dk=,lhooF2VtkXOEHS42Y31y2plHNFI=
-78,111,U61s6/WuYjB9euEaVAEyaui58Dk=,lhooF2VtkXOEHS42Y31y2plHNFI=
-77,108,U61s6/WuYjB9euEaVAEyaui58Dk=,lhooF2VtkXOEHS42Y31y2plHNFI=
-79,109,U61s6/WuYjB9euEaVAEyaui58Dk=,lhooF2VtkXOEHS42Y31y2plHNFI=
-78,109,U61s6/WuYjB9euEaVAEyaui58Dk=,lhooF2VtkXOEHS42Y31y2plHNFI=
-79,108,U61s6/WuYjB9euEaVAEyaui58Dk=,lhooF2VtkXOEHS42Y31y2plHNFI=
-77,110,U61s6/WuYjB9euEaVAEyaui58Dk=,lhooF2VtkXOEHS42Y31y2plHNFI=
-79,110,U61s6/WuYjB9euEaVAEyaui58Dk=,lhooF2VtkXOEHS42Y31y2plHNFI=
-79,111,U61s6/WuYjB9euEaVAEyaui58Dk=,lhooF2VtkXOEHS42Y31y2plHNFI=
-80,111,U61s6/WuYjB9euEaVAEyaui58Dk=,lhooF2VtkXOEHS42Y31y2plHNFI=
-80,110,U61s6/WuYjB9euEaVAEyaui58Dk=,lhooF2VtkXOEHS42Y31y2plHNFI=
-80,108,U61s6/WuYjB9euEaVAEyaui58Dk=,lhooF2VtkXOEHS42Y31y2plHNFI=
-78,110,U61s6/WuYjB9euEaVAEyaui58Dk=,lhooF2VtkXOEHS42Y31y2plHNFI=
-80,109,U61s6/WuYjB9euEaVAEyaui58Dk=,lhooF2VtkXOEHS42Y31y2plHNFI=
-77,109,U61s6/WuYjB9euEaVAEyaui58Dk=,lhooF2VtkXOEHS42Y31y2plHNFI=
-77,102,U61s6/WuYjB9euEaVAEyaui58Dk=,DrbDrBAZ9ZbcWEngsszCh+BIkcU=
-77,101,U61s6/WuYjB9euEaVAEyaui58Dk=,DrbDrBAZ9ZbcWEngsszCh+BIkcU=
-77,100,U61s6/WuYjB9euEaVAEyaui58Dk=,DrbDrBAZ9ZbcWEngsszCh+BIkcU=
-79,105,U61s6/WuYjB9euEaVAEyaui58Dk=,lhooF2VtkXOEHS42Y31y2plHNFI=
-78,101,U61s6/WuYjB9euEaVAEyaui58Dk=,DrbDrBAZ9ZbcWEngsszCh+BIkcU=
-78,100,U61s6/WuYjB9euEaVAEyaui58Dk=,DrbDrBAZ9ZbcWEngsszCh+BIkcU=
-78,104,U61s6/WuYjB9euEaVAEyaui58Dk=,lhooF2VtkXOEHS42Y31y2plHNFI=
-78,105,U61s6/WuYjB9euEaVAEyaui58Dk=,lhooF2VtkXOEHS42Y31y2plHNFI=
-78,102,U61s6/WuYjB9euEaVAEyaui58Dk=,DrbDrBAZ9ZbcWEngsszCh+BIkcU=
-80,103,U61s6/WuYjB9euEaVAEyaui58Dk=,DrbDrBAZ9ZbcWEngsszCh+BIkcU=
-79,104,U61s6/WuYjB9euEaVAEyaui58Dk=,lhooF2VtkXOEHS42Y31y2plHNFI=
-79,107,U61s6/WuYjB9euEaVAEyaui58Dk=,lhooF2VtkXOEHS42Y31y2plHNFI=
-77,104,U61s6/WuYjB9euEaVAEyaui58Dk=,lhooF2VtkXOEHS42Y31y2plHNFI=
-80,102,U61s6/WuYjB9euEaVAEyaui58Dk=,DrbDrBAZ9ZbcWEngsszCh+BIkcU=
-79,102,U61s6/WuYjB9euEaVAEyaui58Dk=,DrbDrBAZ9ZbcWEngsszCh+BIkcU=
-78,106,U61s6/WuYjB9euEaVAEyaui58Dk=,lhooF2VtkXOEHS42Y31y2plHNFI=
-79,106,U61s6/WuYjB9euEaVAEyaui58Dk=,lhooF2VtkXOEHS42Y31y2plHNFI=
-79,100,U61s6/WuYjB9euEaVAEyaui58Dk=,DrbDrBAZ9ZbcWEngsszCh+BIkcU=
-77,105,U61s6/WuYjB9euEaVAEyaui58Dk=,lhooF2VtkXOEHS42Y31y2plHNFI=
-79,101,U61s6/WuYjB9euEaVAEyaui58Dk=,DrbDrBAZ9ZbcWEngsszCh+BIkcU=
-77,107,U61s6/WuYjB9euEaVAEyaui58Dk=,lhooF2VtkXOEHS42Y31y2plHNFI=
-78,107,U61s6/WuYjB9euEaVAEyaui58Dk=,lhooF2VtkXOEHS42Y31y2plHNFI=
-80,100,U61s6/WuYjB9euEaVAEyaui58Dk=,DrbDrBAZ9ZbcWEngsszCh+BIkcU=
-79,103,U61s6/WuYjB9euEaVAEyaui58Dk=,DrbDrBAZ9ZbcWEngsszCh+BIkcU=
-77,106,U61s6/WuYjB9euEaVAEyaui58Dk=,lhooF2VtkXOEHS42Y31y2plHNFI=
-77,103,U61s6/WuYjB9euEaVAEyaui58Dk=,DrbDrBAZ9ZbcWEngsszCh+BIkcU=
-80,107,U61s6/WuYjB9euEaVAEyaui58Dk=,lhooF2VtkXOEHS42Y31y2plHNFI=
-78,103,U61s6/WuYjB9euEaVAEyaui58Dk=,DrbDrBAZ9ZbcWEngsszCh+BIkcU=
-80,105,U61s6/WuYjB9euEaVAEyaui58Dk=,lhooF2VtkXOEHS42Y31y2plHNFI=
-80,106,U61s6/WuYjB9euEaVAEyaui58Dk=,lhooF2VtkXOEHS42Y31y2plHNFI=
-80,104,U61s6/WuYjB9euEaVAEyaui58Dk=,lhooF2VtkXOEHS42Y31y2plHNFI=
-80,101,U61s6/WuYjB9euEaVAEyaui58Dk=,DrbDrBAZ9ZbcWEngsszCh+BIkcU=
-65,97,U61s6/WuYjB9euEaVAEyaui58Dk=,tPdAfI8YEm4tSpRLPtRyxPwuuFE=
-68,97,U61s6/WuYjB9euEaVAEyaui58Dk=,tPdAfI8YEm4tSpRLPtRyxPwuuFE=
-66,97,U61s6/WuYjB9euEaVAEyaui58Dk=,tPdAfI8YEm4tSpRLPtRyxPwuuFE=
-74,97,U61s6/WuYjB9euEaVAEyaui58Dk=,DrbDrBAZ9ZbcWEngsszCh+BIkcU=
-65,96,U61s6/WuYjB9euEaVAEyaui58Dk=,tPdAfI8YEm4tSpRLPtRyxPwuuFE=
-74,96,U61s6/WuYjB9euEaVAEyaui58Dk=,DrbDrBAZ9ZbcWEngsszCh+BIkcU=
-67,97,U61s6/WuYjB9euEaVAEyaui58Dk=,tPdAfI8YEm4tSpRLPtRyxPwuuFE=
-75,99,U61s6/WuYjB9euEaVAEyaui58Dk=,DrbDrBAZ9ZbcWEngsszCh+BIkcU=
-73,96,U61s6/WuYjB9euEaVAEyaui58Dk=,DrbDrBAZ9ZbcWEngsszCh+BIkcU=
-76,98,U61s6/WuYjB9euEaVAEyaui58Dk=,DrbDrBAZ9ZbcWEngsszCh+BIkcU=
-66,96,U61s6/WuYjB9euEaVAEyaui58Dk=,tPdAfI8YEm4tSpRLPtRyxPwuuFE=
-74,99,U61s6/WuYjB9euEaVAEyaui58Dk=,DrbDrBAZ9ZbcWEngsszCh+BIkcU=
-76,99,U61s6/WuYjB9euEaVAEyaui58Dk=,DrbDrBAZ9ZbcWEngsszCh+BIkcU=
-75,96,U61s6/WuYjB9euEaVAEyaui58Dk=,DrbDrBAZ9ZbcWEngsszCh+BIkcU=
-73,97,U61s6/WuYjB9euEaVAEyaui58Dk=,DrbDrBAZ9ZbcWEngsszCh+BIkcU=
-67,98,U61s6/WuYjB9euEaVAEyaui58Dk=,tPdAfI8YEm4tSpRLPtRyxPwuuFE=
-73,99,U61s6/WuYjB9euEaVAEyaui58Dk=,DrbDrBAZ9ZbcWEngsszCh+BIkcU=
-74,98,U61s6/WuYjB9euEaVAEyaui58Dk=,DrbDrBAZ9ZbcWEngsszCh+BIkcU=
-70,97,U61s6/WuYjB9euEaVAEyaui58Dk=,tPdAfI8YEm4tSpRLPtRyxPwuuFE=
-68,98,U61s6/WuYjB9euEaVAEyaui58Dk=,tPdAfI8YEm4tSpRLPtRyxPwuuFE=
-67,96,U61s6/WuYjB9euEaVAEyaui58Dk=,tPdAfI8YEm4tSpRLPtRyxPwuuFE=
-66,98,U61s6/WuYjB9euEaVAEyaui58Dk=,tPdAfI8YEm4tSpRLPtRyxPwuuFE=
-69,97,U61s6/WuYjB9euEaVAEyaui58Dk=,tPdAfI8YEm4tSpRLPtRyxPwuuFE=
-73,98,U61s6/WuYjB9euEaVAEyaui58Dk=,DrbDrBAZ9ZbcWEngsszCh+BIkcU=
-75,97,U61s6/WuYjB9euEaVAEyaui58Dk=,DrbDrBAZ9ZbcWEngsszCh+BIkcU=
-76,97,U61s6/WuYjB9euEaVAEyaui58Dk=,DrbDrBAZ9ZbcWEngsszCh+BIkcU=
-76,96,U61s6/WuYjB9euEaVAEyaui58Dk=,DrbDrBAZ9ZbcWEngsszCh+BIkcU=
-71,97,U61s6/WuYjB9euEaVAEyaui58Dk=,tPdAfI8YEm4tSpRLPtRyxPwuuFE=
-75,98,U61s6/WuYjB9euEaVAEyaui58Dk=,DrbDrBAZ9ZbcWEngsszCh+BIkcU=
-67,99,U61s6/WuYjB9euEaVAEyaui58Dk=,tPdAfI8YEm4tSpRLPtRyxPwuuFE=
-68,99,U61s6/WuYjB9euEaVAEyaui58Dk=,tPdAfI8YEm4tSpRLPtRyxPwuuFE=
-66,99,U61s6/WuYjB9euEaVAEyaui58Dk=,tPdAfI8YEm4tSpRLPtRyxPwuuFE=
-65,99,U61s6/WuYjB9euEaVAEyaui58Dk=,tPdAfI8YEm4tSpRLPtRyxPwuuFE=
-72,96,U61s6/WuYjB9euEaVAEyaui58Dk=,tPdAfI8YEm4tSpRLPtRyxPwuuFE=
-65,98,U61s6/WuYjB9euEaVAEyaui58Dk=,tPdAfI8YEm4tSpRLPtRyxPwuuFE=
-68,96,U61s6/WuYjB9euEaVAEyaui58Dk=,tPdAfI8YEm4tSpRLPtRyxPwuuFE=
-71,98,U61s6/WuYjB9euEaVAEyaui58Dk=,tPdAfI8YEm4tSpRLPtRyxPwuuFE=
-72,97,U61s6/WuYjB9euEaVAEyaui58Dk=,tPdAfI8YEm4tSpRLPtRyxPwuuFE=
-69,98,U61s6/WuYjB9euEaVAEyaui58Dk=,tPdAfI8YEm4tSpRLPtRyxPwuuFE=
-79,97,U61s6/WuYjB9euEaVAEyaui58Dk=,DrbDrBAZ9ZbcWEngsszCh+BIkcU=
-69,99,U61s6/WuYjB9euEaVAEyaui58Dk=,tPdAfI8YEm4tSpRLPtRyxPwuuFE=
-78,98,U61s6/WuYjB9euEaVAEyaui58Dk=,DrbDrBAZ9ZbcWEngsszCh+BIkcU=
-72,98,U61s6/WuYjB9euEaVAEyaui58Dk=,tPdAfI8YEm4tSpRLPtRyxPwuuFE=
-77,98,U61s6/WuYjB9euEaVAEyaui58Dk=,DrbDrBAZ9ZbcWEngsszCh+BIkcU=
-80,96,U61s6/WuYjB9euEaVAEyaui58Dk=,DrbDrBAZ9ZbcWEngsszCh+BIkcU=
-71,96,U61s6/WuYjB9euEaVAEyaui58Dk=,tPdAfI8YEm4tSpRLPtRyxPwuuFE=
-70,98,U61s6/WuYjB9euEaVAEyaui58Dk=,tPdAfI8YEm4tSpRLPtRyxPwuuFE=
-72,99,U61s6/WuYjB9euEaVAEyaui58Dk=,tPdAfI8YEm4tSpRLPtRyxPwuuFE=
-78,97,U61s6/WuYjB9euEaVAEyaui58Dk=,DrbDrBAZ9ZbcWEngsszCh+BIkcU=
-77,97,U61s6/WuYjB9euEaVAEyaui58Dk=,DrbDrBAZ9ZbcWEngsszCh+BIkcU=
-78,99,U61s6/WuYjB9euEaVAEyaui58Dk=,DrbDrBAZ9ZbcWEngsszCh+BIkcU=
-70,99,U61s6/WuYjB9euEaVAEyaui58Dk=,tPdAfI8YEm4tSpRLPtRyxPwuuFE=
-78,96,U61s6/WuYjB9euEaVAEyaui58Dk=,DrbDrBAZ9ZbcWEngsszCh+BIkcU=
-79,96,U61s6/WuYjB9euEaVAEyaui58Dk=,DrbDrBAZ9ZbcWEngsszCh+BIkcU=
-71,99,U61s6/WuYjB9euEaVAEyaui58Dk=,tPdAfI8YEm4tSpRLPtRyxPwuuFE=
-77,96,U61s6/WuYjB9euEaVAEyaui58Dk=,DrbDrBAZ9ZbcWEngsszCh+BIkcU=
-79,98,U61s6/WuYjB9euEaVAEyaui58Dk=,DrbDrBAZ9ZbcWEngsszCh+BIkcU=
-79,99,U61s6/WuYjB9euEaVAEyaui58Dk=,DrbDrBAZ9ZbcWEngsszCh+BIkcU=
-77,99,U61s6/WuYjB9euEaVAEyaui58Dk=,DrbDrBAZ9ZbcWEngsszCh+BIkcU=
-80,99,U61s6/WuYjB9euEaVAEyaui58Dk=,DrbDrBAZ9ZbcWEngsszCh+BIkcU=
-69,96,U61s6/WuYjB9euEaVAEyaui58Dk=,tPdAfI8YEm4tSpRLPtRyxPwuuFE=
-80,97,U61s6/WuYjB9euEaVAEyaui58Dk=,DrbDrBAZ9ZbcWEngsszCh+BIkcU=
-70,96,U61s6/WuYjB9euEaVAEyaui58Dk=,tPdAfI8YEm4tSpRLPtRyxPwuuFE=
-80,98,U61s6/WuYjB9euEaVAEyaui58Dk=,DrbDrBAZ9ZbcWEngsszCh+BIkcU=
