-104,-37,7OpmHJrTFUxphim64U18Lt7kk60=,pi3W0YxuB9ACO6fFLkRESOAke+4=
-105,-38,mmDddba5m9WVpuqImAyDCBCojSc=,h8+2BzPdkHvZvAnKviVsVKKRlos=
-105,-37,mmDddba5m9WVpuqImAyDCBCojSc=,h8+2BzPdkHvZvAnKviVsVKKRlos=
-108,-38,mmDddba5m9WVpuqImAyDCBCojSc=,h8+2BzPdkHvZvAnKviVsVKKRlos=
-105,-40,mmDddba5m9WVpuqImAyDCBCojSc=,h8+2BzPdkHvZvAnKviVsVKKRlos=
-105,-39,mmDddba5m9WVpuqImAyDCBCojSc=,h8+2BzPdkHvZvAnKviVsVKKRlos=
-106,-38,mmDddba5m9WVpuqImAyDCBCojSc=,h8+2BzPdkHvZvAnKviVsVKKRlos=
-108,-39,mmDddba5m9WVpuqImAyDCBCojSc=,h8+2BzPdkHvZvAnKviVsVKKRlos=
-106,-39,mmDddba5m9WVpuqImAyDCBCojSc=,h8+2BzPdkHvZvAnKviVsVKKRlos=
-108,-40,mmDddba5m9WVpuqImAyDCBCojSc=,h8+2BzPdkHvZvAnKviVsVKKRlos=
-112,-37,mmDddba5m9WVpuqImAyDCBCojSc=,h8+2BzPdkHvZvAnKviVsVKKRlos=
-108,-37,mmDddba5m9WVpuqImAyDCBCojSc=,h8+2BzPdkHvZvAnKviVsVKKRlos=
-112,-41,mmDddba5m9WVpuqImAyDCBCojSc=,qqPPpiksGC2Cx/2sb7Rs2muBDQ0=
-106,-37,mmDddba5m9WVpuqImAyDCBCojSc=,h8+2BzPdkHvZvAnKviVsVKKRlos=
-107,-37,mmDddba5m9WVpuqImAyDCBCojSc=,h8+2BzPdkHvZvAnKviVsVKKRlos=
-107,-39,mmDddba5m9WVpuqImAyDCBCojSc=,h8+2BzPdkHvZvAnKviVsVKKRlos=
-107,-38,mmDddba5m9WVpuqImAyDCBCojSc=,h8+2BzPdkHvZvAnKviVsVKKRlos=
-107,-40,mmDddba5m9WVpuqImAyDCBCojSc=,h8+2BzPdkHvZvAnKviVsVKKRlos=
-101,-44,mmDddba5m9WVpuqImAyDCBCojSc=,s/D23EKrFAhcHWrUyO+3djm8eUY=
-110,-41,U0ekpbvDLw4zkD4t6IkW67vjc+s=,qqPPpiksGC2Cx/2sb7Rs2muBDQ0=
-103,-43,U0ekpbvDLw4zkD4t6IkW67vjc+s=,s/D23EKrFAhcHWrUyO+3djm8eUY=
-112,-42,U0ekpbvDLw4zkD4t6IkW67vjc+s=,qqPPpiksGC2Cx/2sb7Rs2muBDQ0=
-108,-41,U0ekpbvDLw4zkD4t6IkW67vjc+s=,qqPPpiksGC2Cx/2sb7Rs2muBDQ0=
-106,-40,U0ekpbvDLw4zkD4t6IkW67vjc+s=,h8+2BzPdkHvZvAnKviVsVKKRlos=
-112,-38,U0ekpbvDLw4zkD4t6IkW67vjc+s=,h8+2BzPdkHvZvAnKviVsVKKRlos=
-109,-41,U0ekpbvDLw4zkD4t6IkW67vjc+s=,qqPPpiksGC2Cx/2sb7Rs2muBDQ0=
-112,-39,U0ekpbvDLw4zkD4t6IkW67vjc+s=,h8+2BzPdkHvZvAnKviVsVKKRlos=
-102,-42,U0ekpbvDLw4zkD4t6IkW67vjc+s=,s/D23EKrFAhcHWrUyO+3djm8eUY=
-103,-42,U0ekpbvDLw4zkD4t6IkW67vjc+s=,s/D23EKrFAhcHWrUyO+3djm8eUY=
-102,-44,U0ekpbvDLw4zkD4t6IkW67vjc+s=,s/D23EKrFAhcHWrUyO+3djm8eUY=
-111,-41,U0ekpbvDLw4zkD4t6IkW67vjc+s=,qqPPpiksGC2Cx/2sb7Rs2muBDQ0=
-101,-43,U0ekpbvDLw4zkD4t6IkW67vjc+s=,s/D23EKrFAhcHWrUyO+3djm8eUY=
-112,-40,LHbZXCPXaoivzSqpTug9gQN9QGg=,h8+2BzPdkHvZvAnKviVsVKKRlos=
-101,-42,LHbZXCPXaoivzSqpTug9gQN9QGg=,s/D23EKrFAhcHWrUyO+3djm8eUY=
-102,-43,LHbZXCPXaoivzSqpTug9gQN9QGg=,s/D23EKrFAhcHWrUyO+3djm8eUY=
-107,-41,LHbZXCPXaoivzSqpTug9gQN9QGg=,qqPPpiksGC2Cx/2sb7Rs2muBDQ0=
-106,-41,LHbZXCPXaoivzSqpTug9gQN9QGg=,qqPPpiksGC2Cx/2sb7Rs2muBDQ0=
-105,-42,LHbZXCPXaoivzSqpTug9gQN9QGg=,qqPPpiksGC2Cx/2sb7Rs2muBDQ0=
-106,-42,LHbZXCPXaoivzSqpTug9gQN9QGg=,qqPPpiksGC2Cx/2sb7Rs2muBDQ0=
-103,-44,LHbZXCPXaoivzSqpTug9gQN9QGg=,s/D23EKrFAhcHWrUyO+3djm8eUY=
-102,-41,LHbZXCPXaoivzSqpTug9gQN9QGg=,s/D23EKrFAhcHWrUyO+3djm8eUY=
-107,-42,LHbZXCPXaoivzSqpTug9gQN9QGg=,qqPPpiksGC2Cx/2sb7Rs2muBDQ0=
-104,-43,LHbZXCPXaoivzSqpTug9gQN9QGg=,s/D23EKrFAhcHWrUyO+3djm8eUY=
-109,-42,LHbZXCPXaoivzSqpTug9gQN9QGg=,qqPPpiksGC2Cx/2sb7Rs2muBDQ0=
-103,-41,CmZbtD7UAMPSMHXAey30FpH8xqY=,s/D23EKrFAhcHWrUyO+3djm8eUY=
-101,-41,CmZbtD7UAMPSMHXAey30FpH8xqY=,s/D23EKrFAhcHWrUyO+3djm8eUY=
-109,-40,CmZbtD7UAMPSMHXAey30FpH8xqY=,h8+2BzPdkHvZvAnKviVsVKKRlos=
-108,-42,CmZbtD7UAMPSMHXAey30FpH8xqY=,qqPPpiksGC2Cx/2sb7Rs2muBDQ0=
-104,-44,CmZbtD7UAMPSMHXAey30FpH8xqY=,s/D23EKrFAhcHWrUyO+3djm8eUY=
-104,-41,CmZbtD7UAMPSMHXAey30FpH8xqY=,s/D23EKrFAhcHWrUyO+3djm8eUY=
-110,-42,CmZbtD7UAMPSMHXAey30FpH8xqY=,qqPPpiksGC2Cx/2sb7Rs2muBDQ0=
-112,-43,CmZbtD7UAMPSMHXAey30FpH8xqY=,qqPPpiksGC2Cx/2sb7Rs2muBDQ0=
-110,-40,CmZbtD7UAMPSMHXAey30FpH8xqY=,h8+2BzPdkHvZvAnKviVsVKKRlos=
-109,-44,CmZbtD7UAMPSMHXAey30FpH8xqY=,qqPPpiksGC2Cx/2sb7Rs2muBDQ0=
-108,-44,CmZbtD7UAMPSMHXAey30FpH8xqY=,qqPPpiksGC2Cx/2sb7Rs2muBDQ0=
-105,-43,CmZbtD7UAMPSMHXAey30FpH8xqY=,qqPPpiksGC2Cx/2sb7Rs2muBDQ0=
-107,-44,CmZbtD7UAMPSMHXAey30FpH8xqY=,qqPPpiksGC2Cx/2sb7Rs2muBDQ0=
-111,-44,CmZbtD7UAMPSMHXAey30FpH8xqY=,qqPPpiksGC2Cx/2sb7Rs2muBDQ0=
-111,-42,CmZbtD7UAMPSMHXAey30FpH8xqY=,qqPPpiksGC2Cx/2sb7Rs2muBDQ0=
-105,-44,CmZbtD7UAMPSMHXAey30FpH8xqY=,qqPPpiksGC2Cx/2sb7Rs2muBDQ0=
-106,-44,CmZbtD7UAMPSMHXAey30FpH8xqY=,qqPPpiksGC2Cx/2sb7Rs2muBDQ0=
-111,-40,CmZbtD7UAMPSMHXAey30FpH8xqY=,h8+2BzPdkHvZvAnKviVsVKKRlos=
-107,-43,CmZbtD7UAMPSMHXAey30FpH8xqY=,qqPPpiksGC2Cx/2sb7Rs2muBDQ0=
-108,-43,CmZbtD7UAMPSMHXAey30FpH8xqY=,qqPPpiksGC2Cx/2sb7Rs2muBDQ0=
-106,-43,CmZbtD7UAMPSMHXAey30FpH8xqY=,qqPPpiksGC2Cx/2sb7Rs2muBDQ0=
-110,-44,CmZbtD7UAMPSMHXAey30FpH8xqY=,qqPPpiksGC2Cx/2sb7Rs2muBDQ0=
-109,-43,CmZbtD7UAMPSMHXAey30FpH8xqY=,qqPPpiksGC2Cx/2sb7Rs2muBDQ0=
-104,-42,CmZbtD7UAMPSMHXAey30FpH8xqY=,s/D23EKrFAhcHWrUyO+3djm8eUY=
-110,-43,CmZbtD7UAMPSMHXAey30FpH8xqY=,qqPPpiksGC2Cx/2sb7Rs2muBDQ0=
-104,-40,CmZbtD7UAMPSMHXAey30FpH8xqY=,pi3W0YxuB9ACO6fFLkRESOAke+4=
-111,-43,CmZbtD7UAMPSMHXAey30FpH8xqY=,qqPPpiksGC2Cx/2sb7Rs2muBDQ0=
-105,-41,CmZbtD7UAMPSMHXAey30FpH8xqY=,qqPPpiksGC2Cx/2sb7Rs2muBDQ0=
-101,-40,CmZbtD7UAMPSMHXAey30FpH8xqY=,pi3W0YxuB9ACO6fFLkRESOAke+4=
-112,-44,CmZbtD7UAMPSMHXAey30FpH8xqY=,qqPPpiksGC2Cx/2sb7Rs2muBDQ0=
-102,-40,CmZbtD7UAMPSMHXAey30FpH8xqY=,pi3W0YxuB9ACO6fFLkRESOAke+4=
-102,-38,CmZbtD7UAMPSMHXAey30FpH8xqY=,pi3W0YxuB9ACO6fFLkRESOAke+4=
-111,-39,CmZbtD7UAMPSMHXAey30FpH8xqY=,h8+2BzPdkHvZvAnKviVsVKKRlos=
-109,-37,CmZbtD7UAMPSMHXAey30FpH8xqY=,h8+2BzPdkHvZvAnKviVsVKKRlos=
-103,-40,CmZbtD7UAMPSMHXAey30FpH8xqY=,pi3W0YxuB9ACO6fFLkRESOAke+4=
-102,-39,CmZbtD7UAMPSMHXAey30FpH8xqY=,pi3W0YxuB9ACO6fFLkRESOAke+4=
-103,-38,CmZbtD7UAMPSMHXAey30FpH8xqY=,pi3W0YxuB9ACO6fFLkRESOAke+4=
-103,-39,CmZbtD7UAMPSMHXAey30FpH8xqY=,pi3W0YxuB9ACO6fFLkRESOAke+4=
-101,-39,CmZbtD7UAMPSMHXAey30FpH8xqY=,pi3W0YxuB9ACO6fFLkRESOAke+4=
-110,-39,CmZbtD7UAMPSMHXAey30FpH8xqY=,h8+2BzPdkHvZvAnKviVsVKKRlos=
-102,-37,CmZbtD7UAMPSMHXAey30FpH8xqY=,pi3W0YxuB9ACO6fFLkRESOAke+4=
-101,-37,CmZbtD7UAMPSMHXAey30FpH8xqY=,pi3W0YxuB9ACO6fFLkRESOAke+4=
-103,-37,CmZbtD7UAMPSMHXAey30FpH8xqY=,pi3W0YxuB9ACO6fFLkRESOAke+4=
-101,-38,CmZbtD7UAMPSMHXAey30FpH8xqY=,pi3W0YxuB9ACO6fFLkRESOAke+4=
-109,-39,CmZbtD7UAMPSMHXAey30FpH8xqY=,h8+2BzPdkHvZvAnKviVsVKKRlos=
-111,-38,CmZbtD7UAMPSMHXAey30FpH8xqY=,h8+2BzPdkHvZvAnKviVsVKKRlos=
-110,-38,CmZbtD7UAMPSMHXAey30FpH8xqY=,h8+2BzPdkHvZvAnKviVsVKKRlos=
-104,-39,CmZbtD7UAMPSMHXAey30FpH8xqY=,pi3W0YxuB9ACO6fFLkRESOAke+4=
-104,-38,CmZbtD7UAMPSMHXAey30FpH8xqY=,pi3W0YxuB9ACO6fFLkRESOAke+4=
-110,-37,CmZbtD7UAMPSMHXAey30FpH8xqY=,h8+2BzPdkHvZvAnKviVsVKKRlos=
-111,-37,CmZbtD7UAMPSMHXAey30FpH8xqY=,h8+2BzPdkHvZvAnKviVsVKKRlos=
-109,-38,CmZbtD7UAMPSMHXAey30FpH8xqY=,h8+2BzPdkHvZvAnKviVsVKKRlos=
-105,-47,CmZbtD7UAMPSMHXAey30FpH8xqY=,qqPPpiksGC2Cx/2sb7Rs2muBDQ0=
-107,-47,CmZbtD7UAMPSMHXAey30FpH8xqY=,qqPPpiksGC2Cx/2sb7Rs2muBDQ0=
-105,-48,CmZbtD7UAMPSMHXAey30FpH8xqY=,qqPPpiksGC2Cx/2sb7Rs2muBDQ0=
-104,-48,CmZbtD7UAMPSMHXAey30FpH8xqY=,s/D23EKrFAhcHWrUyO+3djm8eUY=
-106,-47,CmZbtD7UAMPSMHXAey30FpH8xqY=,qqPPpiksGC2Cx/2sb7Rs2muBDQ0=
-108,-47,CmZbtD7UAMPSMHXAey30FpH8xqY=,qqPPpiksGC2Cx/2sb7Rs2muBDQ0=
-112,-47,CmZbtD7UAMPSMHXAey30FpH8xqY=,qqPPpiksGC2Cx/2sb7Rs2muBDQ0=
-106,-48,CmZbtD7UAMPSMHXAey30FpH8xqY=,qqPPpiksGC2Cx/2sb7Rs2muBDQ0=
-111,-46,CmZbtD7UAMPSMHXAey30FpH8xqY=,qqPPpiksGC2Cx/2sb7Rs2muBDQ0=
-111,-48,CmZbtD7UAMPSMHXAey30FpH8xqY=,qqPPpiksGC2Cx/2sb7Rs2muBDQ0=
-97,-45,CmZbtD7UAMPSMHXAey30FpH8xqY=,s/D23EKrFAhcHWrUyO+3djm8eUY=
-107,-48,CmZbtD7UAMPSMHXAey30FpH8xqY=,qqPPpiksGC2Cx/2sb7Rs2muBDQ0=
-108,-48,CmZbtD7UAMPSMHXAey30FpH8xqY=,qqPPpiksGC2Cx/2sb7Rs2muBDQ0=
-112,-48,CmZbtD7UAMPSMHXAey30FpH8xqY=,qqPPpiksGC2Cx/2sb7Rs2muBDQ0=
-103,-47,CmZbtD7UAMPSMHXAey30FpH8xqY=,s/D23EKrFAhcHWrUyO+3djm8eUY=
-110,-48,CmZbtD7UAMPSMHXAey30FpH8xqY=,qqPPpiksGC2Cx/2sb7Rs2muBDQ0=
-109,-46,CmZbtD7UAMPSMHXAey30FpH8xqY=,qqPPpiksGC2Cx/2sb7Rs2muBDQ0=
-109,-48,CmZbtD7UAMPSMHXAey30FpH8xqY=,qqPPpiksGC2Cx/2sb7Rs2muBDQ0=
-110,-46,CmZbtD7UAMPSMHXAey30FpH8xqY=,qqPPpiksGC2Cx/2sb7Rs2muBDQ0=
-108,-46,CmZbtD7UAMPSMHXAey30FpH8xqY=,qqPPpiksGC2Cx/2sb7Rs2muBDQ0=
-107,-46,CmZbtD7UAMPSMHXAey30FpH8xqY=,qqPPpiksGC2Cx/2sb7Rs2muBDQ0=
-112,-45,CmZbtD7UAMPSMHXAey30FpH8xqY=,qqPPpiksGC2Cx/2sb7Rs2muBDQ0=
-102,-47,CmZbtD7UAMPSMHXAey30FpH8xqY=,s/D23EKrFAhcHWrUyO+3djm8eUY=
-104,-45,CmZbtD7UAMPSMHXAey30FpH8xqY=,s/D23EKrFAhcHWrUyO+3djm8eUY=
-97,-46,CmZbtD7UAMPSMHXAey30FpH8xqY=,s/D23EKrFAhcHWrUyO+3djm8eUY=
-108,-45,CmZbtD7UAMPSMHXAey30FpH8xqY=,qqPPpiksGC2Cx/2sb7Rs2muBDQ0=
-101,-46,CmZbtD7UAMPSMHXAey30FpH8xqY=,s/D23EKrFAhcHWrUyO+3djm8eUY=
-101,-45,CmZbtD7UAMPSMHXAey30FpH8xqY=,s/D23EKrFAhcHWrUyO+3djm8eUY=
-101,-47,CmZbtD7UAMPSMHXAey30FpH8xqY=,s/D23EKrFAhcHWrUyO+3djm8eUY=
-106,-46,CmZbtD7UAMPSMHXAey30FpH8xqY=,qqPPpiksGC2Cx/2sb7Rs2muBDQ0=
-109,-45,CmZbtD7UAMPSMHXAey30FpH8xqY=,qqPPpiksGC2Cx/2sb7Rs2muBDQ0=
-103,-45,CmZbtD7UAMPSMHXAey30FpH8xqY=,s/D23EKrFAhcHWrUyO+3djm8eUY=
-102,-45,CmZbtD7UAMPSMHXAey30FpH8xqY=,s/D23EKrFAhcHWrUyO+3djm8eUY=
-111,-45,CmZbtD7UAMPSMHXAey30FpH8xqY=,qqPPpiksGC2Cx/2sb7Rs2muBDQ0=
-107,-45,CmZbtD7UAMPSMHXAey30FpH8xqY=,qqPPpiksGC2Cx/2sb7Rs2muBDQ0=
-102,-46,CmZbtD7UAMPSMHXAey30FpH8xqY=,s/D23EKrFAhcHWrUyO+3djm8eUY=
-104,-46,CmZbtD7UAMPSMHXAey30FpH8xqY=,s/D23EKrFAhcHWrUyO+3djm8eUY=
-110,-45,CmZbtD7UAMPSMHXAey30FpH8xqY=,qqPPpiksGC2Cx/2sb7Rs2muBDQ0=
-106,-45,CmZbtD7UAMPSMHXAey30FpH8xqY=,qqPPpiksGC2Cx/2sb7Rs2muBDQ0=
-103,-46,CmZbtD7UAMPSMHXAey30FpH8xqY=,s/D23EKrFAhcHWrUyO+3djm8eUY=
-104,-47,CmZbtD7UAMPSMHXAey30FpH8xqY=,s/D23EKrFAhcHWrUyO+3djm8eUY=
-105,-45,CmZbtD7UAMPSMHXAey30FpH8xqY=,qqPPpiksGC2Cx/2sb7Rs2muBDQ0=
-105,-46,CmZbtD7UAMPSMHXAey30FpH8xqY=,qqPPpiksGC2Cx/2sb7Rs2muBDQ0=
-101,-48,CmZbtD7UAMPSMHXAey30FpH8xqY=,s/D23EKrFAhcHWrUyO+3djm8eUY=
-103,-48,CmZbtD7UAMPSMHXAey30FpH8xqY=,s/D23EKrFAhcHWrUyO+3djm8eUY=
-110,-47,CmZbtD7UAMPSMHXAey30FpH8xqY=,qqPPpiksGC2Cx/2sb7Rs2muBDQ0=
-97,-47,CmZbtD7UAMPSMHXAey30FpH8xqY=,s/D23EKrFAhcHWrUyO+3djm8eUY=
-111,-47,CmZbtD7UAMPSMHXAey30FpH8xqY=,qqPPpiksGC2Cx/2sb7Rs2muBDQ0=
-100,-46,CmZbtD7UAMPSMHXAey30FpH8xqY=,s/D23EKrFAhcHWrUyO+3djm8eUY=
-99,-46,CmZbtD7UAMPSMHXAey30FpH8xqY=,s/D23EKrFAhcHWrUyO+3djm8eUY=
-99,-45,CmZbtD7UAMPSMHXAey30FpH8xqY=,s/D23EKrFAhcHWrUyO+3djm8eUY=
-112,-46,CmZbtD7UAMPSMHXAey30FpH8xqY=,qqPPpiksGC2Cx/2sb7Rs2muBDQ0=
-98,-45,CmZbtD7UAMPSMHXAey30FpH8xqY=,s/D23EKrFAhcHWrUyO+3djm8eUY=
-100,-45,CmZbtD7UAMPSMHXAey30FpH8xqY=,s/D23EKrFAhcHWrUyO+3djm8eUY=
-102,-48,CmZbtD7UAMPSMHXAey30FpH8xqY=,s/D23EKrFAhcHWrUyO+3djm8eUY=
-98,-46,CmZbtD7UAMPSMHXAey30FpH8xqY=,s/D23EKrFAhcHWrUyO+3djm8eUY=
-109,-47,CmZbtD7UAMPSMHXAey30FpH8xqY=,qqPPpiksGC2Cx/2sb7Rs2muBDQ0=
-97,-48,CmZbtD7UAMPSMHXAey30FpH8xqY=,s/D23EKrFAhcHWrUyO+3djm8eUY=
-100,-47,CmZbtD7UAMPSMHXAey30FpH8xqY=,s/D23EKrFAhcHWrUyO+3djm8eUY=
-98,-47,CmZbtD7UAMPSMHXAey30FpH8xqY=,s/D23EKrFAhcHWrUyO+3djm8eUY=
-99,-47,CmZbtD7UAMPSMHXAey30FpH8xqY=,s/D23EKrFAhcHWrUyO+3djm8eUY=
-102,-35,CmZbtD7UAMPSMHXAey30FpH8xqY=,pi3W0YxuB9ACO6fFLkRESOAke+4=
-101,-33,CmZbtD7UAMPSMHXAey30FpH8xqY=,pi3W0YxuB9ACO6fFLkRESOAke+4=
-101,-34,CmZbtD7UAMPSMHXAey30FpH8xqY=,pi3W0YxuB9ACO6fFLkRESOAke+4=
-103,-36,CmZbtD7UAMPSMHXAey30FpH8xqY=,pi3W0YxuB9ACO6fFLkRESOAke+4=
-102,-36,CmZbtD7UAMPSMHXAey30FpH8xqY=,pi3W0YxuB9ACO6fFLkRESOAke+4=
-102,-34,CmZbtD7UAMPSMHXAey30FpH8xqY=,pi3W0YxuB9ACO6fFLkRESOAke+4=
-105,-33,CmZbtD7UAMPSMHXAey30FpH8xqY=,h8+2BzPdkHvZvAnKviVsVKKRlos=
-98,-48,CmZbtD7UAMPSMHXAey30FpH8xqY=,s/D23EKrFAhcHWrUyO+3djm8eUY=
-103,-35,CmZbtD7UAMPSMHXAey30FpH8xqY=,pi3W0YxuB9ACO6fFLkRESOAke+4=
-99,-48,CmZbtD7UAMPSMHXAey30FpH8xqY=,s/D23EKrFAhcHWrUyO+3djm8eUY=
-100,-48,CmZbtD7UAMPSMHXAey30FpH8xqY=,s/D23EKrFAhcHWrUyO+3djm8eUY=
-103,-34,CmZbtD7UAMPSMHXAey30FpH8xqY=,pi3W0YxuB9ACO6fFLkRESOAke+4=
-101,-35,CmZbtD7UAMPSMHXAey30FpH8xqY=,pi3W0YxuB9ACO6fFLkRESOAke+4=
-102,-33,CmZbtD7UAMPSMHXAey30FpH8xqY=,pi3W0YxuB9ACO6fFLkRESOAke+4=
-101,-36,CmZbtD7UAMPSMHXAey30FpH8xqY=,pi3W0YxuB9ACO6fFLkRESOAke+4=
-104,-33,CmZbtD7UAMPSMHXAey30FpH8xqY=,pi3W0YxuB9ACO6fFLkRESOAke+4=
-104,-34,CmZbtD7UAMPSMHXAey30FpH8xqY=,pi3W0YxuB9ACO6fFLkRESOAke+4=
-104,-36,CmZbtD7UAMPSMHXAey30FpH8xqY=,pi3W0YxuB9ACO6fFLkRESOAke+4=
-104,-35,CmZbtD7UAMPSMHXAey30FpH8xqY=,pi3W0YxuB9ACO6fFLkRESOAke+4=
-106,-34,CmZbtD7UAMPSMHXAey30FpH8xqY=,h8+2BzPdkHvZvAnKviVsVKKRlos=
-103,-33,CmZbtD7UAMPSMHXAey30FpH8xqY=,pi3W0YxuB9ACO6fFLkRESOAke+4=
-108,-33,CmZbtD7UAMPSMHXAey30FpH8xqY=,h8+2BzPdkHvZvAnKviVsVKKRlos=
-105,-34,CmZbtD7UAMPSMHXAey30FpH8xqY=,h8+2BzPdkHvZvAnKviVsVKKRlos=
-108,-34,CmZbtD7UAMPSMHXAey30FpH8xqY=,h8+2BzPdkHvZvAnKviVsVKKRlos=
-107,-33,CmZbtD7UAMPSMHXAey30FpH8xqY=,h8+2BzPdkHvZvAnKviVsVKKRlos=
-106,-33,CmZbtD7UAMPSMHXAey30FpH8xqY=,h8+2BzPdkHvZvAnKviVsVKKRlos=
-107,-34,CmZbtD7UAMPSMHXAey30FpH8xqY=,h8+2BzPdkHvZvAnKviVsVKKRlos=
-100,-44,CmZbtD7UAMPSMHXAey30FpH8xqY=,s/D23EKrFAhcHWrUyO+3djm8eUY=
-105,-35,CmZbtD7UAMPSMHXAey30FpH8xqY=,h8+2BzPdkHvZvAnKviVsVKKRlos=
-108,-36,CmZbtD7UAMPSMHXAey30FpH8xqY=,h8+2BzPdkHvZvAnKviVsVKKRlos=
-97,-41,CmZbtD7UAMPSMHXAey30FpH8xqY=,s/D23EKrFAhcHWrUyO+3djm8eUY=
-97,-42,CmZbtD7UAMPSMHXAey30FpH8xqY=,s/D23EKrFAhcHWrUyO+3djm8eUY=
-107,-35,CmZbtD7UAMPSMHXAey30FpH8xqY=,h8+2BzPdkHvZvAnKviVsVKKRlos=
-97,-38,CmZbtD7UAMPSMHXAey30FpH8xqY=,pi3W0YxuB9ACO6fFLkRESOAke+4=
-99,-44,CmZbtD7UAMPSMHXAey30FpH8xqY=,s/D23EKrFAhcHWrUyO+3djm8eUY=
-98,-39,CmZbtD7UAMPSMHXAey30FpH8xqY=,pi3W0YxuB9ACO6fFLkRESOAke+4=
-97,-34,CmZbtD7UAMPSMHXAey30FpH8xqY=,pi3W0YxuB9ACO6fFLkRESOAke+4=
-97,-43,CmZbtD7UAMPSMHXAey30FpH8xqY=,s/D23EKrFAhcHWrUyO+3djm8eUY=
-97,-33,CmZbtD7UAMPSMHXAey30FpH8xqY=,pi3W0YxuB9ACO6fFLkRESOAke+4=
-98,-35,CmZbtD7UAMPSMHXAey30FpH8xqY=,pi3W0YxuB9ACO6fFLkRESOAke+4=
-100,-34,CmZbtD7UAMPSMHXAey30FpH8xqY=,pi3W0YxuB9ACO6fFLkRESOAke+4=
-98,-36,CmZbtD7UAMPSMHXAey30FpH8xqY=,pi3W0YxuB9ACO6fFLkRESOAke+4=
-100,-40,CmZbtD7UAMPSMHXAey30FpH8xqY=,pi3W0YxuB9ACO6fFLkRESOAke+4=
-106,-36,CmZbtD7UAMPSMHXAey30FpH8xqY=,h8+2BzPdkHvZvAnKviVsVKKRlos=
-107,-36,CmZbtD7UAMPSMHXAey30FpH8xqY=,h8+2BzPdkHvZvAnKviVsVKKRlos=
-105,-36,CmZbtD7UAMPSMHXAey30FpH8xqY=,h8+2BzPdkHvZvAnKviVsVKKRlos=
-108,-35,CmZbtD7UAMPSMHXAey30FpH8xqY=,h8+2BzPdkHvZvAnKviVsVKKRlos=
-97,-44,CmZbtD7UAMPSMHXAey30FpH8xqY=,s/D23EKrFAhcHWrUyO+3djm8eUY=
-106,-35,CmZbtD7UAMPSMHXAey30FpH8xqY=,h8+2BzPdkHvZvAnKviVsVKKRlos=
-97,-35,CmZbtD7UAMPSMHXAey30FpH8xqY=,pi3W0YxuB9ACO6fFLkRESOAke+4=
-100,-43,CmZbtD7UAMPSMHXAey30FpH8xqY=,s/D23EKrFAhcHWrUyO+3djm8eUY=
-99,-34,CmZbtD7UAMPSMHXAey30FpH8xqY=,pi3W0YxuB9ACO6fFLkRESOAke+4=
-98,-34,CmZbtD7UAMPSMHXAey30FpH8xqY=,pi3W0YxuB9ACO6fFLkRESOAke+4=
-100,-35,CmZbtD7UAMPSMHXAey30FpH8xqY=,pi3W0YxuB9ACO6fFLkRESOAke+4=
-98,-44,CmZbtD7UAMPSMHXAey30FpH8xqY=,s/D23EKrFAhcHWrUyO+3djm8eUY=
-97,-36,CmZbtD7UAMPSMHXAey30FpH8xqY=,pi3W0YxuB9ACO6fFLkRESOAke+4=
-97,-37,CmZbtD7UAMPSMHXAey30FpH8xqY=,pi3W0YxuB9ACO6fFLkRESOAke+4=
-99,-40,CmZbtD7UAMPSMHXAey30FpH8xqY=,pi3W0YxuB9ACO6fFLkRESOAke+4=
-99,-36,CmZbtD7UAMPSMHXAey30FpH8xqY=,pi3W0YxuB9ACO6fFLkRESOAke+4=
-100,-36,CmZbtD7UAMPSMHXAey30FpH8xqY=,pi3W0YxuB9ACO6fFLkRESOAke+4=
-109,-33,CmZbtD7UAMPSMHXAey30FpH8xqY=,h8+2BzPdkHvZvAnKviVsVKKRlos=
-98,-40,CmZbtD7UAMPSMHXAey30FpH8xqY=,pi3W0YxuB9ACO6fFLkRESOAke+4=
-110,-33,CmZbtD7UAMPSMHXAey30FpH8xqY=,h8+2BzPdkHvZvAnKviVsVKKRlos=
-111,-33,CmZbtD7UAMPSMHXAey30FpH8xqY=,h8+2BzPdkHvZvAnKviVsVKKRlos=
-112,-33,CmZbtD7UAMPSMHXAey30FpH8xqY=,h8+2BzPdkHvZvAnKviVsVKKRlos=
-100,-38,CmZbtD7UAMPSMHXAey30FpH8xqY=,pi3W0YxuB9ACO6fFLkRESOAke+4=
-111,-36,CmZbtD7UAMPSMHXAey30FpH8xqY=,h8+2BzPdkHvZvAnKviVsVKKRlos=
-99,-33,CmZbtD7UAMPSMHXAey30FpH8xqY=,pi3W0YxuB9ACO6fFLkRESOAke+4=
-99,-35,CmZbtD7UAMPSMHXAey30FpH8xqY=,pi3W0YxuB9ACO6fFLkRESOAke+4=
-100,-37,CmZbtD7UAMPSMHXAey30FpH8xqY=,pi3W0YxuB9ACO6fFLkRESOAke+4=
-100,-33,CmZbtD7UAMPSMHXAey30FpH8xqY=,pi3W0YxuB9ACO6fFLkRESOAke+4=
-99,-37,CmZbtD7UAMPSMHXAey30FpH8xqY=,pi3W0YxuB9ACO6fFLkRESOAke+4=
-98,-33,CmZbtD7UAMPSMHXAey30FpH8xqY=,pi3W0YxuB9ACO6fFLkRESOAke+4=
-100,-39,CmZbtD7UAMPSMHXAey30FpH8xqY=,pi3W0YxuB9ACO6fFLkRESOAke+4=
-98,-41,CmZbtD7UAMPSMHXAey30FpH8xqY=,s/D23EKrFAhcHWrUyO+3djm8eUY=
-99,-43,CmZbtD7UAMPSMHXAey30FpH8xqY=,s/D23EKrFAhcHWrUyO+3djm8eUY=
-98,-43,CmZbtD7UAMPSMHXAey30FpH8xqY=,s/D23EKrFAhcHWrUyO+3djm8eUY=
-97,-39,CmZbtD7UAMPSMHXAey30FpH8xqY=,pi3W0YxuB9ACO6fFLkRESOAke+4=
-100,-42,CmZbtD7UAMPSMHXAey30FpH8xqY=,s/D23EKrFAhcHWrUyO+3djm8eUY=
-109,-36,CmZbtD7UAMPSMHXAey30FpH8xqY=,h8+2BzPdkHvZvAnKviVsVKKRlos=
-110,-36,CmZbtD7UAMPSMHXAey30FpH8xqY=,h8+2BzPdkHvZvAnKviVsVKKRlos=
-112,-35,CmZbtD7UAMPSMHXAey30FpH8xqY=,h8+2BzPdkHvZvAnKviVsVKKRlos=
-111,-35,CmZbtD7UAMPSMHXAey30FpH8xqY=,h8+2BzPdkHvZvAnKviVsVKKRlos=
-112,-36,CmZbtD7UAMPSMHXAey30FpH8xqY=,h8+2BzPdkHvZvAnKviVsVKKRlos=
-99,-42,CmZbtD7UAMPSMHXAey30FpH8xqY=,s/D23EKrFAhcHWrUyO+3djm8eUY=
-99,-41,CmZbtD7UAMPSMHXAey30FpH8xqY=,s/D23EKrFAhcHWrUyO+3djm8eUY=
-99,-38,CmZbtD7UAMPSMHXAey30FpH8xqY=,pi3W0YxuB9ACO6fFLkRESOAke+4=
-110,-35,CmZbtD7UAMPSMHXAey30FpH8xqY=,h8+2BzPdkHvZvAnKviVsVKKRlos=
-98,-38,CmZbtD7UAMPSMHXAey30FpH8xqY=,pi3W0YxuB9ACO6fFLkRESOAke+4=
-97,-40,CmZbtD7UAMPSMHXAey30FpH8xqY=,pi3W0YxuB9ACO6fFLkRESOAke+4=
-98,-37,CmZbtD7UAMPSMHXAey30FpH8xqY=,pi3W0YxuB9ACO6fFLkRESOAke+4=
-98,-42,CmZbtD7UAMPSMHXAey30FpH8xqY=,s/D23EKrFAhcHWrUyO+3djm8eUY=
-109,-35,CmZbtD7UAMPSMHXAey30FpH8xqY=,h8+2BzPdkHvZvAnKviVsVKKRlos=
-99,-39,CmZbtD7UAMPSMHXAey30FpH8xqY=,pi3W0YxuB9ACO6fFLkRESOAke+4=
-110,-34,CmZbtD7UAMPSMHXAey30FpH8xqY=,h8+2BzPdkHvZvAnKviVsVKKRlos=
-100,-41,CmZbtD7UAMPSMHXAey30FpH8xqY=,s/D23EKrFAhcHWrUyO+3djm8eUY=
-109,-34,CmZbtD7UAMPSMHXAey30FpH8xqY=,h8+2BzPdkHvZvAnKviVsVKKRlos=
-112,-34,CmZbtD7UAMPSMHXAey30FpH8xqY=,h8+2BzPdkHvZvAnKviVsVKKRlos=
-111,-34,CmZbtD7UAMPSMHXAey30FpH8xqY=,h8+2BzPdkHvZvAnKviVsVKKRlos=
-105,-59,pGnw/dSiVcL/fYVDLDbpRZTTxeo=,+ON0V/SSjN2PIr3Oil4rRl3ei4M=
-108,-60,pGnw/dSiVcL/fYVDLDbpRZTTxeo=,+ON0V/SSjN2PIr3Oil4rRl3ei4M=
-105,-57,pGnw/dSiVcL/fYVDLDbpRZTTxeo=,+ON0V/SSjN2PIr3Oil4rRl3ei4M=
-105,-58,pGnw/dSiVcL/fYVDLDbpRZTTxeo=,+ON0V/SSjN2PIr3Oil4rRl3ei4M=
-105,-56,pGnw/dSiVcL/fYVDLDbpRZTTxeo=,vtSvxAnSw+pAjaRhrCNB+g7yuRs=
-106,-60,b8tgMllj7JoaSvafyM3spU5vg80=,+ON0V/SSjN2PIr3Oil4rRl3ei4M=
-106,-49,b8tgMllj7JoaSvafyM3spU5vg80=,vtSvxAnSw+pAjaRhrCNB+g7yuRs=
-107,-49,b8tgMllj7JoaSvafyM3spU5vg80=,vtSvxAnSw+pAjaRhrCNB+g7yuRs=
-105,-49,b8tgMllj7JoaSvafyM3spU5vg80=,vtSvxAnSw+pAjaRhrCNB+g7yuRs=
-108,-49,b8tgMllj7JoaSvafyM3spU5vg80=,vtSvxAnSw+pAjaRhrCNB+g7yuRs=
-106,-50,b8tgMllj7JoaSvafyM3spU5vg80=,vtSvxAnSw+pAjaRhrCNB+g7yuRs=
-108,-50,b8tgMllj7JoaSvafyM3spU5vg80=,vtSvxAnSw+pAjaRhrCNB+g7yuRs=
-107,-60,b8tgMllj7JoaSvafyM3spU5vg80=,+ON0V/SSjN2PIr3Oil4rRl3ei4M=
-107,-50,b8tgMllj7JoaSvafyM3spU5vg80=,vtSvxAnSw+pAjaRhrCNB+g7yuRs=
-106,-56,+rnZIOIK3g0wqXlKl0gQdQSqCCY=,vtSvxAnSw+pAjaRhrCNB+g7yuRs=
-106,-52,+rnZIOIK3g0wqXlKl0gQdQSqCCY=,vtSvxAnSw+pAjaRhrCNB+g7yuRs=
-107,-52,+rnZIOIK3g0wqXlKl0gQdQSqCCY=,vtSvxAnSw+pAjaRhrCNB+g7yuRs=
-108,-52,+rnZIOIK3g0wqXlKl0gQdQSqCCY=,vtSvxAnSw+pAjaRhrCNB+g7yuRs=
-103,-57,+rnZIOIK3g0wqXlKl0gQdQSqCCY=,9jitu8bnHPt9GpDTJxzYMmg+Ppg=
-102,-57,+rnZIOIK3g0wqXlKl0gQdQSqCCY=,9jitu8bnHPt9GpDTJxzYMmg+Ppg=
-107,-56,+rnZIOIK3g0wqXlKl0gQdQSqCCY=,vtSvxAnSw+pAjaRhrCNB+g7yuRs=
-104,-57,+rnZIOIK3g0wqXlKl0gQdQSqCCY=,9jitu8bnHPt9GpDTJxzYMmg+Ppg=
-107,-51,+rnZIOIK3g0wqXlKl0gQdQSqCCY=,vtSvxAnSw+pAjaRhrCNB+g7yuRs=
-108,-51,+rnZIOIK3g0wqXlKl0gQdQSqCCY=,vtSvxAnSw+pAjaRhrCNB+g7yuRs=
-101,-49,+rnZIOIK3g0wqXlKl0gQdQSqCCY=,R/hmmhR2xVkx5gHCPpRTTyxAmCY=
-104,-53,+rnZIOIK3g0wqXlKl0gQdQSqCCY=,R/hmmhR2xVkx5gHCPpRTTyxAmCY=
-106,-51,+rnZIOIK3g0wqXlKl0gQdQSqCCY=,vtSvxAnSw+pAjaRhrCNB+g7yuRs=
-105,-50,+rnZIOIK3g0wqXlKl0gQdQSqCCY=,vtSvxAnSw+pAjaRhrCNB+g7yuRs=
-108,-55,+rnZIOIK3g0wqXlKl0gQdQSqCCY=,vtSvxAnSw+pAjaRhrCNB+g7yuRs=
-101,-57,+rnZIOIK3g0wqXlKl0gQdQSqCCY=,9jitu8bnHPt9GpDTJxzYMmg+Ppg=
-105,-52,+rnZIOIK3g0wqXlKl0gQdQSqCCY=,vtSvxAnSw+pAjaRhrCNB+g7yuRs=
-103,-56,IsyJebxwT6azLlQRjhP2/wNAgKg=,R/hmmhR2xVkx5gHCPpRTTyxAmCY=
-105,-51,IsyJebxwT6azLlQRjhP2/wNAgKg=,vtSvxAnSw+pAjaRhrCNB+g7yuRs=
-108,-56,IsyJebxwT6azLlQRjhP2/wNAgKg=,vtSvxAnSw+pAjaRhrCNB+g7yuRs=
-108,-54,IsyJebxwT6azLlQRjhP2/wNAgKg=,vtSvxAnSw+pAjaRhrCNB+g7yuRs=
-107,-55,IsyJebxwT6azLlQRjhP2/wNAgKg=,vtSvxAnSw+pAjaRhrCNB+g7yuRs=
-104,-50,IsyJebxwT6azLlQRjhP2/wNAgKg=,R/hmmhR2xVkx5gHCPpRTTyxAmCY=
-102,-56,IsyJebxwT6azLlQRjhP2/wNAgKg=,R/hmmhR2xVkx5gHCPpRTTyxAmCY=
-106,-54,IsyJebxwT6azLlQRjhP2/wNAgKg=,vtSvxAnSw+pAjaRhrCNB+g7yuRs=
-108,-53,IsyJebxwT6azLlQRjhP2/wNAgKg=,vtSvxAnSw+pAjaRhrCNB+g7yuRs=
-107,-54,IsyJebxwT6azLlQRjhP2/wNAgKg=,vtSvxAnSw+pAjaRhrCNB+g7yuRs=
-106,-55,IsyJebxwT6azLlQRjhP2/wNAgKg=,vtSvxAnSw+pAjaRhrCNB+g7yuRs=
-107,-53,IsyJebxwT6azLlQRjhP2/wNAgKg=,vtSvxAnSw+pAjaRhrCNB+g7yuRs=
-106,-53,IsyJebxwT6azLlQRjhP2/wNAgKg=,vtSvxAnSw+pAjaRhrCNB+g7yuRs=
-105,-53,IsyJebxwT6azLlQRjhP2/wNAgKg=,vtSvxAnSw+pAjaRhrCNB+g7yuRs=
-103,-53,2SVDy4GaVhCmiVjkyFE/jW27N2o=,R/hmmhR2xVkx5gHCPpRTTyxAmCY=
-101,-56,2SVDy4GaVhCmiVjkyFE/jW27N2o=,R/hmmhR2xVkx5gHCPpRTTyxAmCY=
-105,-54,2SVDy4GaVhCmiVjkyFE/jW27N2o=,vtSvxAnSw+pAjaRhrCNB+g7yuRs=
-102,-53,2SVDy4GaVhCmiVjkyFE/jW27N2o=,R/hmmhR2xVkx5gHCPpRTTyxAmCY=
-105,-55,2SVDy4GaVhCmiVjkyFE/jW27N2o=,vtSvxAnSw+pAjaRhrCNB+g7yuRs=
-101,-58,2SVDy4GaVhCmiVjkyFE/jW27N2o=,9jitu8bnHPt9GpDTJxzYMmg+Ppg=
-101,-53,2SVDy4GaVhCmiVjkyFE/jW27N2o=,R/hmmhR2xVkx5gHCPpRTTyxAmCY=
-108,-59,2SVDy4GaVhCmiVjkyFE/jW27N2o=,+ON0V/SSjN2PIr3Oil4rRl3ei4M=
-102,-58,2SVDy4GaVhCmiVjkyFE/jW27N2o=,9jitu8bnHPt9GpDTJxzYMmg+Ppg=
-103,-58,2SVDy4GaVhCmiVjkyFE/jW27N2o=,9jitu8bnHPt9GpDTJxzYMmg+Ppg=
-102,-49,2SVDy4GaVhCmiVjkyFE/jW27N2o=,R/hmmhR2xVkx5gHCPpRTTyxAmCY=
-104,-58,2SVDy4GaVhCmiVjkyFE/jW27N2o=,9jitu8bnHPt9GpDTJxzYMmg+Ppg=
-104,-51,2SVDy4GaVhCmiVjkyFE/jW27N2o=,R/hmmhR2xVkx5gHCPpRTTyxAmCY=
-101,-59,2SVDy4GaVhCmiVjkyFE/jW27N2o=,9jitu8bnHPt9GpDTJxzYMmg+Ppg=
-103,-50,WtmLC4zREaYDQPnedP8XILIMbbs=,R/hmmhR2xVkx5gHCPpRTTyxAmCY=
-107,-59,WtmLC4zREaYDQPnedP8XILIMbbs=,+ON0V/SSjN2PIr3Oil4rRl3ei4M=
-102,-52,WtmLC4zREaYDQPnedP8XILIMbbs=,R/hmmhR2xVkx5gHCPpRTTyxAmCY=
-101,-51,WtmLC4zREaYDQPnedP8XILIMbbs=,R/hmmhR2xVkx5gHCPpRTTyxAmCY=
-101,-50,WtmLC4zREaYDQPnedP8XILIMbbs=,R/hmmhR2xVkx5gHCPpRTTyxAmCY=
-102,-59,WtmLC4zREaYDQPnedP8XILIMbbs=,9jitu8bnHPt9GpDTJxzYMmg+Ppg=
-101,-52,WtmLC4zREaYDQPnedP8XILIMbbs=,R/hmmhR2xVkx5gHCPpRTTyxAmCY=
-103,-51,WtmLC4zREaYDQPnedP8XILIMbbs=,R/hmmhR2xVkx5gHCPpRTTyxAmCY=
-104,-49,WtmLC4zREaYDQPnedP8XILIMbbs=,R/hmmhR2xVkx5gHCPpRTTyxAmCY=
-102,-50,WtmLC4zREaYDQPnedP8XILIMbbs=,R/hmmhR2xVkx5gHCPpRTTyxAmCY=
-103,-52,WtmLC4zREaYDQPnedP8XILIMbbs=,R/hmmhR2xVkx5gHCPpRTTyxAmCY=
-102,-51,WtmLC4zREaYDQPnedP8XILIMbbs=,R/hmmhR2xVkx5gHCPpRTTyxAmCY=
-103,-59,WtmLC4zREaYDQPnedP8XILIMbbs=,9jitu8bnHPt9GpDTJxzYMmg+Ppg=
-108,-58,WtmLC4zREaYDQPnedP8XILIMbbs=,+ON0V/SSjN2PIr3Oil4rRl3ei4M=
-104,-59,WtmLC4zREaYDQPnedP8XILIMbbs=,9jitu8bnHPt9GpDTJxzYMmg+Ppg=
-107,-57,WtmLC4zREaYDQPnedP8XILIMbbs=,+ON0V/SSjN2PIr3Oil4rRl3ei4M=
-106,-57,WtmLC4zREaYDQPnedP8XILIMbbs=,+ON0V/SSjN2PIr3Oil4rRl3ei4M=
-106,-59,WtmLC4zREaYDQPnedP8XILIMbbs=,+ON0V/SSjN2PIr3Oil4rRl3ei4M=
-108,-57,WtmLC4zREaYDQPnedP8XILIMbbs=,+ON0V/SSjN2PIr3Oil4rRl3ei4M=
-104,-54,WtmLC4zREaYDQPnedP8XILIMbbs=,R/hmmhR2xVkx5gHCPpRTTyxAmCY=
-103,-49,WtmLC4zREaYDQPnedP8XILIMbbs=,R/hmmhR2xVkx5gHCPpRTTyxAmCY=
-103,-54,WtmLC4zREaYDQPnedP8XILIMbbs=,R/hmmhR2xVkx5gHCPpRTTyxAmCY=
-104,-55,WtmLC4zREaYDQPnedP8XILIMbbs=,R/hmmhR2xVkx5gHCPpRTTyxAmCY=
-106,-58,WtmLC4zREaYDQPnedP8XILIMbbs=,+ON0V/SSjN2PIr3Oil4rRl3ei4M=
-107,-58,WtmLC4zREaYDQPnedP8XILIMbbs=,+ON0V/SSjN2PIr3Oil4rRl3ei4M=
-103,-60,WtmLC4zREaYDQPnedP8XILIMbbs=,9jitu8bnHPt9GpDTJxzYMmg+Ppg=
-103,-55,WtmLC4zREaYDQPnedP8XILIMbbs=,R/hmmhR2xVkx5gHCPpRTTyxAmCY=
-104,-60,WtmLC4zREaYDQPnedP8XILIMbbs=,9jitu8bnHPt9GpDTJxzYMmg+Ppg=
-101,-55,WtmLC4zREaYDQPnedP8XILIMbbs=,R/hmmhR2xVkx5gHCPpRTTyxAmCY=
-105,-60,WtmLC4zREaYDQPnedP8XILIMbbs=,+ON0V/SSjN2PIr3Oil4rRl3ei4M=
-104,-52,WtmLC4zREaYDQPnedP8XILIMbbs=,R/hmmhR2xVkx5gHCPpRTTyxAmCY=
-104,-56,WtmLC4zREaYDQPnedP8XILIMbbs=,R/hmmhR2xVkx5gHCPpRTTyxAmCY=
-101,-60,WtmLC4zREaYDQPnedP8XILIMbbs=,9jitu8bnHPt9GpDTJxzYMmg+Ppg=
-102,-60,WtmLC4zREaYDQPnedP8XILIMbbs=,9jitu8bnHPt9GpDTJxzYMmg+Ppg=
-102,-54,WtmLC4zREaYDQPnedP8XILIMbbs=,R/hmmhR2xVkx5gHCPpRTTyxAmCY=
-102,-55,WtmLC4zREaYDQPnedP8XILIMbbs=,R/hmmhR2xVkx5gHCPpRTTyxAmCY=
-100,-58,WtmLC4zREaYDQPnedP8XILIMbbs=,9jitu8bnHPt9GpDTJxzYMmg+Ppg=
-100,-59,WtmLC4zREaYDQPnedP8XILIMbbs=,9jitu8bnHPt9GpDTJxzYMmg+Ppg=
-101,-54,WtmLC4zREaYDQPnedP8XILIMbbs=,R/hmmhR2xVkx5gHCPpRTTyxAmCY=
-100,-57,WtmLC4zREaYDQPnedP8XILIMbbs=,9jitu8bnHPt9GpDTJxzYMmg+Ppg=
-99,-60,WtmLC4zREaYDQPnedP8XILIMbbs=,9jitu8bnHPt9GpDTJxzYMmg+Ppg=
-100,-60,WtmLC4zREaYDQPnedP8XILIMbbs=,9jitu8bnHPt9GpDTJxzYMmg+Ppg=
-99,-59,WtmLC4zREaYDQPnedP8XILIMbbs=,9jitu8bnHPt9GpDTJxzYMmg+Ppg=
-97,-58,WtmLC4zREaYDQPnedP8XILIMbbs=,9jitu8bnHPt9GpDTJxzYMmg+Ppg=
-98,-60,WtmLC4zREaYDQPnedP8XILIMbbs=,9jitu8bnHPt9GpDTJxzYMmg+Ppg=
-99,-57,WtmLC4zREaYDQPnedP8XILIMbbs=,9jitu8bnHPt9GpDTJxzYMmg+Ppg=
-98,-57,WtmLC4zREaYDQPnedP8XILIMbbs=,9jitu8bnHPt9GpDTJxzYMmg+Ppg=
-99,-58,WtmLC4zREaYDQPnedP8XILIMbbs=,9jitu8bnHPt9GpDTJxzYMmg+Ppg=
-98,-59,WtmLC4zREaYDQPnedP8XILIMbbs=,9jitu8bnHPt9GpDTJxzYMmg+Ppg=
-97,-60,WtmLC4zREaYDQPnedP8XILIMbbs=,9jitu8bnHPt9GpDTJxzYMmg+Ppg=
-98,-58,WtmLC4zREaYDQPnedP8XILIMbbs=,9jitu8bnHPt9GpDTJxzYMmg+Ppg=
-97,-59,WtmLC4zREaYDQPnedP8XILIMbbs=,9jitu8bnHPt9GpDTJxzYMmg+Ppg=
-104,-64,WtmLC4zREaYDQPnedP8XILIMbbs=,9jitu8bnHPt9GpDTJxzYMmg+Ppg=
-104,-63,WtmLC4zREaYDQPnedP8XILIMbbs=,9jitu8bnHPt9GpDTJxzYMmg+Ppg=
-105,-64,WtmLC4zREaYDQPnedP8XILIMbbs=,+ON0V/SSjN2PIr3Oil4rRl3ei4M=
-112,-57,WtmLC4zREaYDQPnedP8XILIMbbs=,+ON0V/SSjN2PIr3Oil4rRl3ei4M=
-103,-63,WtmLC4zREaYDQPnedP8XILIMbbs=,9jitu8bnHPt9GpDTJxzYMmg+Ppg=
-106,-64,WtmLC4zREaYDQPnedP8XILIMbbs=,+ON0V/SSjN2PIr3Oil4rRl3ei4M=
-108,-63,WtmLC4zREaYDQPnedP8XILIMbbs=,+ON0V/SSjN2PIr3Oil4rRl3ei4M=
-107,-64,WtmLC4zREaYDQPnedP8XILIMbbs=,+ON0V/SSjN2PIr3Oil4rRl3ei4M=
-104,-62,WtmLC4zREaYDQPnedP8XILIMbbs=,9jitu8bnHPt9GpDTJxzYMmg+Ppg=
-102,-63,WtmLC4zREaYDQPnedP8XILIMbbs=,9jitu8bnHPt9GpDTJxzYMmg+Ppg=
-101,-64,WtmLC4zREaYDQPnedP8XILIMbbs=,9jitu8bnHPt9GpDTJxzYMmg+Ppg=
-101,-63,WtmLC4zREaYDQPnedP8XILIMbbs=,9jitu8bnHPt9GpDTJxzYMmg+Ppg=
-97,-57,WtmLC4zREaYDQPnedP8XILIMbbs=,9jitu8bnHPt9GpDTJxzYMmg+Ppg=
-108,-64,WtmLC4zREaYDQPnedP8XILIMbbs=,+ON0V/SSjN2PIr3Oil4rRl3ei4M=
-103,-62,WtmLC4zREaYDQPnedP8XILIMbbs=,9jitu8bnHPt9GpDTJxzYMmg+Ppg=
-102,-62,WtmLC4zREaYDQPnedP8XILIMbbs=,9jitu8bnHPt9GpDTJxzYMmg+Ppg=
-112,-58,WtmLC4zREaYDQPnedP8XILIMbbs=,+ON0V/SSjN2PIr3Oil4rRl3ei4M=
-107,-63,WtmLC4zREaYDQPnedP8XILIMbbs=,+ON0V/SSjN2PIr3Oil4rRl3ei4M=
-102,-64,WtmLC4zREaYDQPnedP8XILIMbbs=,9jitu8bnHPt9GpDTJxzYMmg+Ppg=
-108,-62,WtmLC4zREaYDQPnedP8XILIMbbs=,+ON0V/SSjN2PIr3Oil4rRl3ei4M=
-103,-61,WtmLC4zREaYDQPnedP8XILIMbbs=,9jitu8bnHPt9GpDTJxzYMmg+Ppg=
-97,-56,WtmLC4zREaYDQPnedP8XILIMbbs=,R/hmmhR2xVkx5gHCPpRTTyxAmCY=
-104,-61,WtmLC4zREaYDQPnedP8XILIMbbs=,9jitu8bnHPt9GpDTJxzYMmg+Ppg=
-106,-63,WtmLC4zREaYDQPnedP8XILIMbbs=,+ON0V/SSjN2PIr3Oil4rRl3ei4M=
-102,-61,WtmLC4zREaYDQPnedP8XILIMbbs=,9jitu8bnHPt9GpDTJxzYMmg+Ppg=
-103,-64,WtmLC4zREaYDQPnedP8XILIMbbs=,9jitu8bnHPt9GpDTJxzYMmg+Ppg=
-101,-62,WtmLC4zREaYDQPnedP8XILIMbbs=,9jitu8bnHPt9GpDTJxzYMmg+Ppg=
-112,-59,WtmLC4zREaYDQPnedP8XILIMbbs=,+ON0V/SSjN2PIr3Oil4rRl3ei4M=
-112,-60,WtmLC4zREaYDQPnedP8XILIMbbs=,+ON0V/SSjN2PIr3Oil4rRl3ei4M=
-101,-61,WtmLC4zREaYDQPnedP8XILIMbbs=,9jitu8bnHPt9GpDTJxzYMmg+Ppg=
-105,-63,WtmLC4zREaYDQPnedP8XILIMbbs=,+ON0V/SSjN2PIr3Oil4rRl3ei4M=
-108,-61,WtmLC4zREaYDQPnedP8XILIMbbs=,+ON0V/SSjN2PIr3Oil4rRl3ei4M=
-109,-57,WtmLC4zREaYDQPnedP8XILIMbbs=,+ON0V/SSjN2PIr3Oil4rRl3ei4M=
-106,-62,WtmLC4zREaYDQPnedP8XILIMbbs=,+ON0V/SSjN2PIr3Oil4rRl3ei4M=
-105,-61,WtmLC4zREaYDQPnedP8XILIMbbs=,+ON0V/SSjN2PIr3Oil4rRl3ei4M=
-107,-61,WtmLC4zREaYDQPnedP8XILIMbbs=,+ON0V/SSjN2PIr3Oil4rRl3ei4M=
-106,-61,WtmLC4zREaYDQPnedP8XILIMbbs=,+ON0V/SSjN2PIr3Oil4rRl3ei4M=
-107,-62,WtmLC4zREaYDQPnedP8XILIMbbs=,+ON0V/SSjN2PIr3Oil4rRl3ei4M=
-110,-57,WtmLC4zREaYDQPnedP8XILIMbbs=,+ON0V/SSjN2PIr3Oil4rRl3ei4M=
-111,-55,WtmLC4zREaYDQPnedP8XILIMbbs=,vtSvxAnSw+pAjaRhrCNB+g7yuRs=
-110,-55,WtmLC4zREaYDQPnedP8XILIMbbs=,vtSvxAnSw+pAjaRhrCNB+g7yuRs=
-112,-53,WtmLC4zREaYDQPnedP8XILIMbbs=,vtSvxAnSw+pAjaRhrCNB+g7yuRs=
-111,-60,WtmLC4zREaYDQPnedP8XILIMbbs=,+ON0V/SSjN2PIr3Oil4rRl3ei4M=
-100,-53,WtmLC4zREaYDQPnedP8XILIMbbs=,R/hmmhR2xVkx5gHCPpRTTyxAmCY=
-110,-60,WtmLC4zREaYDQPnedP8XILIMbbs=,+ON0V/SSjN2PIr3Oil4rRl3ei4M=
-105,-62,WtmLC4zREaYDQPnedP8XILIMbbs=,+ON0V/SSjN2PIr3Oil4rRl3ei4M=
-109,-55,WtmLC4zREaYDQPnedP8XILIMbbs=,vtSvxAnSw+pAjaRhrCNB+g7yuRs=
-111,-54,WtmLC4zREaYDQPnedP8XILIMbbs=,vtSvxAnSw+pAjaRhrCNB+g7yuRs=
-110,-54,WtmLC4zREaYDQPnedP8XILIMbbs=,vtSvxAnSw+pAjaRhrCNB+g7yuRs=
-99,-53,WtmLC4zREaYDQPnedP8XILIMbbs=,R/hmmhR2xVkx5gHCPpRTTyxAmCY=
-98,-55,WtmLC4zREaYDQPnedP8XILIMbbs=,R/hmmhR2xVkx5gHCPpRTTyxAmCY=
-99,-56,WtmLC4zREaYDQPnedP8XILIMbbs=,R/hmmhR2xVkx5gHCPpRTTyxAmCY=
-111,-57,WtmLC4zREaYDQPnedP8XILIMbbs=,+ON0V/SSjN2PIr3Oil4rRl3ei4M=
-109,-54,WtmLC4zREaYDQPnedP8XILIMbbs=,vtSvxAnSw+pAjaRhrCNB+g7yuRs=
-100,-54,WtmLC4zREaYDQPnedP8XILIMbbs=,R/hmmhR2xVkx5gHCPpRTTyxAmCY=
-112,-54,WtmLC4zREaYDQPnedP8XILIMbbs=,vtSvxAnSw+pAjaRhrCNB+g7yuRs=
-111,-53,WtmLC4zREaYDQPnedP8XILIMbbs=,vtSvxAnSw+pAjaRhrCNB+g7yuRs=
-110,-53,WtmLC4zREaYDQPnedP8XILIMbbs=,vtSvxAnSw+pAjaRhrCNB+g7yuRs=
-109,-58,WtmLC4zREaYDQPnedP8XILIMbbs=,+ON0V/SSjN2PIr3Oil4rRl3ei4M=
-109,-60,WtmLC4zREaYDQPnedP8XILIMbbs=,+ON0V/SSjN2PIr3Oil4rRl3ei4M=
-112,-55,WtmLC4zREaYDQPnedP8XILIMbbs=,vtSvxAnSw+pAjaRhrCNB+g7yuRs=
-109,-53,WtmLC4zREaYDQPnedP8XILIMbbs=,vtSvxAnSw+pAjaRhrCNB+g7yuRs=
-98,-53,WtmLC4zREaYDQPnedP8XILIMbbs=,R/hmmhR2xVkx5gHCPpRTTyxAmCY=
-110,-56,WtmLC4zREaYDQPnedP8XILIMbbs=,vtSvxAnSw+pAjaRhrCNB+g7yuRs=
-111,-56,WtmLC4zREaYDQPnedP8XILIMbbs=,vtSvxAnSw+pAjaRhrCNB+g7yuRs=
-112,-56,WtmLC4zREaYDQPnedP8XILIMbbs=,vtSvxAnSw+pAjaRhrCNB+g7yuRs=
-111,-59,WtmLC4zREaYDQPnedP8XILIMbbs=,+ON0V/SSjN2PIr3Oil4rRl3ei4M=
-109,-56,WtmLC4zREaYDQPnedP8XILIMbbs=,vtSvxAnSw+pAjaRhrCNB+g7yuRs=
-110,-58,WtmLC4zREaYDQPnedP8XILIMbbs=,+ON0V/SSjN2PIr3Oil4rRl3ei4M=
-109,-59,WtmLC4zREaYDQPnedP8XILIMbbs=,+ON0V/SSjN2PIr3Oil4rRl3ei4M=
-110,-59,WtmLC4zREaYDQPnedP8XILIMbbs=,+ON0V/SSjN2PIr3Oil4rRl3ei4M=
-111,-58,WtmLC4zREaYDQPnedP8XILIMbbs=,+ON0V/SSjN2PIr3Oil4rRl3ei4M=
-100,-55,WtmLC4zREaYDQPnedP8XILIMbbs=,R/hmmhR2xVkx5gHCPpRTTyxAmCY=
-100,-56,WtmLC4zREaYDQPnedP8XILIMbbs=,R/hmmhR2xVkx5gHCPpRTTyxAmCY=
-98,-56,WtmLC4zREaYDQPnedP8XILIMbbs=,R/hmmhR2xVkx5gHCPpRTTyxAmCY=
-99,-54,WtmLC4zREaYDQPnedP8XILIMbbs=,R/hmmhR2xVkx5gHCPpRTTyxAmCY=
-98,-54,WtmLC4zREaYDQPnedP8XILIMbbs=,R/hmmhR2xVkx5gHCPpRTTyxAmCY=
-97,-53,WtmLC4zREaYDQPnedP8XILIMbbs=,R/hmmhR2xVkx5gHCPpRTTyxAmCY=
-99,-55,WtmLC4zREaYDQPnedP8XILIMbbs=,R/hmmhR2xVkx5gHCPpRTTyxAmCY=
-100,-64,WtmLC4zREaYDQPnedP8XILIMbbs=,9jitu8bnHPt9GpDTJxzYMmg+Ppg=
-97,-55,WtmLC4zREaYDQPnedP8XILIMbbs=,R/hmmhR2xVkx5gHCPpRTTyxAmCY=
-97,-54,WtmLC4zREaYDQPnedP8XILIMbbs=,R/hmmhR2xVkx5gHCPpRTTyxAmCY=
-99,-64,WtmLC4zREaYDQPnedP8XILIMbbs=,9jitu8bnHPt9GpDTJxzYMmg+Ppg=
-99,-61,WtmLC4zREaYDQPnedP8XILIMbbs=,9jitu8bnHPt9GpDTJxzYMmg+Ppg=
-99,-63,WtmLC4zREaYDQPnedP8XILIMbbs=,9jitu8bnHPt9GpDTJxzYMmg+Ppg=
-99,-62,WtmLC4zREaYDQPnedP8XILIMbbs=,9jitu8bnHPt9GpDTJxzYMmg+Ppg=
-97,-64,WtmLC4zREaYDQPnedP8XILIMbbs=,9jitu8bnHPt9GpDTJxzYMmg+Ppg=
-100,-63,WtmLC4zREaYDQPnedP8XILIMbbs=,9jitu8bnHPt9GpDTJxzYMmg+Ppg=
-97,-61,WtmLC4zREaYDQPnedP8XILIMbbs=,9jitu8bnHPt9GpDTJxzYMmg+Ppg=
-100,-62,WtmLC4zREaYDQPnedP8XILIMbbs=,9jitu8bnHPt9GpDTJxzYMmg+Ppg=
-98,-62,WtmLC4zREaYDQPnedP8XILIMbbs=,9jitu8bnHPt9GpDTJxzYMmg+Ppg=
-100,-61,WtmLC4zREaYDQPnedP8XILIMbbs=,9jitu8bnHPt9GpDTJxzYMmg+Ppg=
-98,-64,WtmLC4zREaYDQPnedP8XILIMbbs=,9jitu8bnHPt9GpDTJxzYMmg+Ppg=
-98,-61,WtmLC4zREaYDQPnedP8XILIMbbs=,9jitu8bnHPt9GpDTJxzYMmg+Ppg=
-98,-63,WtmLC4zREaYDQPnedP8XILIMbbs=,9jitu8bnHPt9GpDTJxzYMmg+Ppg=
-97,-62,WtmLC4zREaYDQPnedP8XILIMbbs=,9jitu8bnHPt9GpDTJxzYMmg+Ppg=
-97,-63,WtmLC4zREaYDQPnedP8XILIMbbs=,9jitu8bnHPt9GpDTJxzYMmg+Ppg=
-110,-62,WtmLC4zREaYDQPnedP8XILIMbbs=,+ON0V/SSjN2PIr3Oil4rRl3ei4M=
-110,-63,WtmLC4zREaYDQPnedP8XILIMbbs=,+ON0V/SSjN2PIr3Oil4rRl3ei4M=
-109,-62,WtmLC4zREaYDQPnedP8XILIMbbs=,+ON0V/SSjN2PIr3Oil4rRl3ei4M=
-109,-63,WtmLC4zREaYDQPnedP8XILIMbbs=,+ON0V/SSjN2PIr3Oil4rRl3ei4M=
-110,-61,WtmLC4zREaYDQPnedP8XILIMbbs=,+ON0V/SSjN2PIr3Oil4rRl3ei4M=
-111,-62,WtmLC4zREaYDQPnedP8XILIMbbs=,+ON0V/SSjN2PIr3Oil4rRl3ei4M=
-111,-63,WtmLC4zREaYDQPnedP8XILIMbbs=,+ON0V/SSjN2PIr3Oil4rRl3ei4M=
-112,-64,WtmLC4zREaYDQPnedP8XILIMbbs=,+ON0V/SSjN2PIr3Oil4rRl3ei4M=
-111,-61,WtmLC4zREaYDQPnedP8XILIMbbs=,+ON0V/SSjN2PIr3Oil4rRl3ei4M=
-112,-62,WtmLC4zREaYDQPnedP8XILIMbbs=,+ON0V/SSjN2PIr3Oil4rRl3ei4M=
-110,-64,WtmLC4zREaYDQPnedP8XILIMbbs=,+ON0V/SSjN2PIr3Oil4rRl3ei4M=
-111,-64,WtmLC4zREaYDQPnedP8XILIMbbs=,+ON0V/SSjN2PIr3Oil4rRl3ei4M=
-109,-64,WtmLC4zREaYDQPnedP8XILIMbbs=,+ON0V/SSjN2PIr3Oil4rRl3ei4M=
-109,-61,WtmLC4zREaYDQPnedP8XILIMbbs=,+ON0V/SSjN2PIr3Oil4rRl3ei4M=
-112,-61,WtmLC4zREaYDQPnedP8XILIMbbs=,+ON0V/SSjN2PIr3Oil4rRl3ei4M=
-112,-63,WtmLC4zREaYDQPnedP8XILIMbbs=,+ON0V/SSjN2PIr3Oil4rRl3ei4M=
-97,-51,WtmLC4zREaYDQPnedP8XILIMbbs=,R/hmmhR2xVkx5gHCPpRTTyxAmCY=
-112,-49,WtmLC4zREaYDQPnedP8XILIMbbs=,vtSvxAnSw+pAjaRhrCNB+g7yuRs=
-97,-52,WtmLC4zREaYDQPnedP8XILIMbbs=,R/hmmhR2xVkx5gHCPpRTTyxAmCY=
-98,-51,WtmLC4zREaYDQPnedP8XILIMbbs=,R/hmmhR2xVkx5gHCPpRTTyxAmCY=
-112,-50,WtmLC4zREaYDQPnedP8XILIMbbs=,vtSvxAnSw+pAjaRhrCNB+g7yuRs=
-98,-50,WtmLC4zREaYDQPnedP8XILIMbbs=,R/hmmhR2xVkx5gHCPpRTTyxAmCY=
-99,-50,WtmLC4zREaYDQPnedP8XILIMbbs=,R/hmmhR2xVkx5gHCPpRTTyxAmCY=
-98,-52,WtmLC4zREaYDQPnedP8XILIMbbs=,R/hmmhR2xVkx5gHCPpRTTyxAmCY=
-100,-49,WtmLC4zREaYDQPnedP8XILIMbbs=,R/hmmhR2xVkx5gHCPpRTTyxAmCY=
-97,-50,WtmLC4zREaYDQPnedP8XILIMbbs=,R/hmmhR2xVkx5gHCPpRTTyxAmCY=
-100,-50,WtmLC4zREaYDQPnedP8XILIMbbs=,R/hmmhR2xVkx5gHCPpRTTyxAmCY=
-99,-52,WtmLC4zREaYDQPnedP8XILIMbbs=,R/hmmhR2xVkx5gHCPpRTTyxAmCY=
-100,-52,WtmLC4zREaYDQPnedP8XILIMbbs=,R/hmmhR2xVkx5gHCPpRTTyxAmCY=
-112,-51,WtmLC4zREaYDQPnedP8XILIMbbs=,vtSvxAnSw+pAjaRhrCNB+g7yuRs=
-97,-49,WtmLC4zREaYDQPnedP8XILIMbbs=,R/hmmhR2xVkx5gHCPpRTTyxAmCY=
-99,-51,WtmLC4zREaYDQPnedP8XILIMbbs=,R/hmmhR2xVkx5gHCPpRTTyxAmCY=
-109,-49,WtmLC4zREaYDQPnedP8XILIMbbs=,vtSvxAnSw+pAjaRhrCNB+g7yuRs=
-111,-49,WtmLC4zREaYDQPnedP8XILIMbbs=,vtSvxAnSw+pAjaRhrCNB+g7yuRs=
-110,-49,WtmLC4zREaYDQPnedP8XILIMbbs=,vtSvxAnSw+pAjaRhrCNB+g7yuRs=
-110,-52,WtmLC4zREaYDQPnedP8XILIMbbs=,vtSvxAnSw+pAjaRhrCNB+g7yuRs=
-111,-52,WtmLC4zREaYDQPnedP8XILIMbbs=,vtSvxAnSw+pAjaRhrCNB+g7yuRs=
-100,-51,WtmLC4zREaYDQPnedP8XILIMbbs=,R/hmmhR2xVkx5gHCPpRTTyxAmCY=
-109,-52,WtmLC4zREaYDQPnedP8XILIMbbs=,vtSvxAnSw+pAjaRhrCNB+g7yuRs=
-109,-51,WtmLC4zREaYDQPnedP8XILIMbbs=,vtSvxAnSw+pAjaRhrCNB+g7yuRs=
-110,-51,WtmLC4zREaYDQPnedP8XILIMbbs=,vtSvxAnSw+pAjaRhrCNB+g7yuRs=
-111,-51,WtmLC4zREaYDQPnedP8XILIMbbs=,vtSvxAnSw+pAjaRhrCNB+g7yuRs=
-112,-52,WtmLC4zREaYDQPnedP8XILIMbbs=,vtSvxAnSw+pAjaRhrCNB+g7yuRs=
-111,-50,WtmLC4zREaYDQPnedP8XILIMbbs=,vtSvxAnSw+pAjaRhrCNB+g7yuRs=
-110,-50,WtmLC4zREaYDQPnedP8XILIMbbs=,vtSvxAnSw+pAjaRhrCNB+g7yuRs=
-109,-50,WtmLC4zREaYDQPnedP8XILIMbbs=,vtSvxAnSw+pAjaRhrCNB+g7yuRs=
-99,-49,WtmLC4zREaYDQPnedP8XILIMbbs=,R/hmmhR2xVkx5gHCPpRTTyxAmCY=
-98,-49,WtmLC4zREaYDQPnedP8XILIMbbs=,R/hmmhR2xVkx5gHCPpRTTyxAmCY=
-121,-56,Ih2/Zc7KarWzJ8C+++bUEVApoWo=,TQK3L9whCaUbGDV2iW+9ZDINq9M=
-126,-58,Ih2/Zc7KarWzJ8C+++bUEVApoWo=,2KagSegpvHGi8Dr5yGMbFE+CjgQ=
-127,-58,hmrCcGRG4nQwQHEifbmUgoY87GI=,2KagSegpvHGi8Dr5yGMbFE+CjgQ=
-121,-53,hmrCcGRG4nQwQHEifbmUgoY87GI=,TQK3L9whCaUbGDV2iW+9ZDINq9M=
-125,-59,hmrCcGRG4nQwQHEifbmUgoY87GI=,2KagSegpvHGi8Dr5yGMbFE+CjgQ=
-128,-57,hmrCcGRG4nQwQHEifbmUgoY87GI=,2KagSegpvHGi8Dr5yGMbFE+CjgQ=
-126,-56,eHImkz+fSkiRmx4XLlz0guC4TjU=,TQK3L9whCaUbGDV2iW+9ZDINq9M=
-125,-56,eHImkz+fSkiRmx4XLlz0guC4TjU=,TQK3L9whCaUbGDV2iW+9ZDINq9M=
-125,-58,eHImkz+fSkiRmx4XLlz0guC4TjU=,2KagSegpvHGi8Dr5yGMbFE+CjgQ=
-127,-59,eHImkz+fSkiRmx4XLlz0guC4TjU=,2KagSegpvHGi8Dr5yGMbFE+CjgQ=
-127,-56,eHjtaRcoYrkESUWrr1Cd6Y9MnFQ=,TQK3L9whCaUbGDV2iW+9ZDINq9M=
-127,-55,eHjtaRcoYrkESUWrr1Cd6Y9MnFQ=,TQK3L9whCaUbGDV2iW+9ZDINq9M=
-122,-53,eHjtaRcoYrkESUWrr1Cd6Y9MnFQ=,TQK3L9whCaUbGDV2iW+9ZDINq9M=
-127,-60,eHjtaRcoYrkESUWrr1Cd6Y9MnFQ=,2KagSegpvHGi8Dr5yGMbFE+CjgQ=
-126,-59,eHjtaRcoYrkESUWrr1Cd6Y9MnFQ=,2KagSegpvHGi8Dr5yGMbFE+CjgQ=
-126,-60,eHjtaRcoYrkESUWrr1Cd6Y9MnFQ=,2KagSegpvHGi8Dr5yGMbFE+CjgQ=
-125,-60,eHjtaRcoYrkESUWrr1Cd6Y9MnFQ=,2KagSegpvHGi8Dr5yGMbFE+CjgQ=
-123,-53,eHjtaRcoYrkESUWrr1Cd6Y9MnFQ=,TQK3L9whCaUbGDV2iW+9ZDINq9M=
-128,-58,eHjtaRcoYrkESUWrr1Cd6Y9MnFQ=,2KagSegpvHGi8Dr5yGMbFE+CjgQ=
-126,-55,eHjtaRcoYrkESUWrr1Cd6Y9MnFQ=,TQK3L9whCaUbGDV2iW+9ZDINq9M=
-124,-53,eHjtaRcoYrkESUWrr1Cd6Y9MnFQ=,TQK3L9whCaUbGDV2iW+9ZDINq9M=
-125,-55,eHjtaRcoYrkESUWrr1Cd6Y9MnFQ=,TQK3L9whCaUbGDV2iW+9ZDINq9M=
-125,-54,eHjtaRcoYrkESUWrr1Cd6Y9MnFQ=,TQK3L9whCaUbGDV2iW+9ZDINq9M=
-121,-57,eHjtaRcoYrkESUWrr1Cd6Y9MnFQ=,2KagSegpvHGi8Dr5yGMbFE+CjgQ=
-121,-54,eHjtaRcoYrkESUWrr1Cd6Y9MnFQ=,TQK3L9whCaUbGDV2iW+9ZDINq9M=
-127,-54,cBWcAjLlA6Mq4DzZ85CK1uXJyTU=,TQK3L9whCaUbGDV2iW+9ZDINq9M=
-126,-57,cBWcAjLlA6Mq4DzZ85CK1uXJyTU=,2KagSegpvHGi8Dr5yGMbFE+CjgQ=
-128,-59,cBWcAjLlA6Mq4DzZ85CK1uXJyTU=,2KagSegpvHGi8Dr5yGMbFE+CjgQ=
-126,-54,cBWcAjLlA6Mq4DzZ85CK1uXJyTU=,TQK3L9whCaUbGDV2iW+9ZDINq9M=
-125,-57,cBWcAjLlA6Mq4DzZ85CK1uXJyTU=,2KagSegpvHGi8Dr5yGMbFE+CjgQ=
-124,-60,cBWcAjLlA6Mq4DzZ85CK1uXJyTU=,2KagSegpvHGi8Dr5yGMbFE+CjgQ=
-122,-54,cBWcAjLlA6Mq4DzZ85CK1uXJyTU=,TQK3L9whCaUbGDV2iW+9ZDINq9M=
-121,-60,cBWcAjLlA6Mq4DzZ85CK1uXJyTU=,2KagSegpvHGi8Dr5yGMbFE+CjgQ=
-127,-57,cBWcAjLlA6Mq4DzZ85CK1uXJyTU=,2KagSegpvHGi8Dr5yGMbFE+CjgQ=
-127,-53,cBWcAjLlA6Mq4DzZ85CK1uXJyTU=,TQK3L9whCaUbGDV2iW+9ZDINq9M=
-123,-54,cBWcAjLlA6Mq4DzZ85CK1uXJyTU=,TQK3L9whCaUbGDV2iW+9ZDINq9M=
-119,-59,cBWcAjLlA6Mq4DzZ85CK1uXJyTU=,FeFIrdK4xX9kjVFadR/H4Y9Gh1s=
-123,-60,CMSa0gTLHAZ1EDTeeFoY40oETas=,2KagSegpvHGi8Dr5yGMbFE+CjgQ=
-120,-59,CMSa0gTLHAZ1EDTeeFoY40oETas=,FeFIrdK4xX9kjVFadR/H4Y9Gh1s=
-126,-53,CMSa0gTLHAZ1EDTeeFoY40oETas=,TQK3L9whCaUbGDV2iW+9ZDINq9M=
-128,-55,CMSa0gTLHAZ1EDTeeFoY40oETas=,TQK3L9whCaUbGDV2iW+9ZDINq9M=
-118,-59,CMSa0gTLHAZ1EDTeeFoY40oETas=,FeFIrdK4xX9kjVFadR/H4Y9Gh1s=
-122,-60,CMSa0gTLHAZ1EDTeeFoY40oETas=,2KagSegpvHGi8Dr5yGMbFE+CjgQ=
-121,-59,CMSa0gTLHAZ1EDTeeFoY40oETas=,2KagSegpvHGi8Dr5yGMbFE+CjgQ=
-122,-57,CMSa0gTLHAZ1EDTeeFoY40oETas=,2KagSegpvHGi8Dr5yGMbFE+CjgQ=
-121,-58,CMSa0gTLHAZ1EDTeeFoY40oETas=,2KagSegpvHGi8Dr5yGMbFE+CjgQ=
-128,-60,CMSa0gTLHAZ1EDTeeFoY40oETas=,2KagSegpvHGi8Dr5yGMbFE+CjgQ=
-128,-56,CMSa0gTLHAZ1EDTeeFoY40oETas=,TQK3L9whCaUbGDV2iW+9ZDINq9M=
-125,-53,CMSa0gTLHAZ1EDTeeFoY40oETas=,TQK3L9whCaUbGDV2iW+9ZDINq9M=
-122,-56,CMSa0gTLHAZ1EDTeeFoY40oETas=,TQK3L9whCaUbGDV2iW+9ZDINq9M=
-121,-55,CMSa0gTLHAZ1EDTeeFoY40oETas=,TQK3L9whCaUbGDV2iW+9ZDINq9M=
-122,-55,CMSa0gTLHAZ1EDTeeFoY40oETas=,TQK3L9whCaUbGDV2iW+9ZDINq9M=
-117,-59,CMSa0gTLHAZ1EDTeeFoY40oETas=,FeFIrdK4xX9kjVFadR/H4Y9Gh1s=
-124,-56,CMSa0gTLHAZ1EDTeeFoY40oETas=,TQK3L9whCaUbGDV2iW+9ZDINq9M=
-124,-54,CMSa0gTLHAZ1EDTeeFoY40oETas=,TQK3L9whCaUbGDV2iW+9ZDINq9M=
-128,-54,CMSa0gTLHAZ1EDTeeFoY40oETas=,TQK3L9whCaUbGDV2iW+9ZDINq9M=
-123,-56,CMSa0gTLHAZ1EDTeeFoY40oETas=,TQK3L9whCaUbGDV2iW+9ZDINq9M=
-123,-55,CMSa0gTLHAZ1EDTeeFoY40oETas=,TQK3L9whCaUbGDV2iW+9ZDINq9M=
-128,-53,CMSa0gTLHAZ1EDTeeFoY40oETas=,TQK3L9whCaUbGDV2iW+9ZDINq9M=
-123,-57,CMSa0gTLHAZ1EDTeeFoY40oETas=,2KagSegpvHGi8Dr5yGMbFE+CjgQ=
-119,-55,CMSa0gTLHAZ1EDTeeFoY40oETas=,nYReejcBuQcn3Zx60zD3DtAsHfg=
-120,-58,CMSa0gTLHAZ1EDTeeFoY40oETas=,FeFIrdK4xX9kjVFadR/H4Y9Gh1s=
-124,-59,CMSa0gTLHAZ1EDTeeFoY40oETas=,2KagSegpvHGi8Dr5yGMbFE+CjgQ=
-119,-54,CMSa0gTLHAZ1EDTeeFoY40oETas=,nYReejcBuQcn3Zx60zD3DtAsHfg=
-122,-59,CMSa0gTLHAZ1EDTeeFoY40oETas=,2KagSegpvHGi8Dr5yGMbFE+CjgQ=
-118,-53,CMSa0gTLHAZ1EDTeeFoY40oETas=,nYReejcBuQcn3Zx60zD3DtAsHfg=
-117,-53,CMSa0gTLHAZ1EDTeeFoY40oETas=,nYReejcBuQcn3Zx60zD3DtAsHfg=
-124,-55,CMSa0gTLHAZ1EDTeeFoY40oETas=,TQK3L9whCaUbGDV2iW+9ZDINq9M=
-120,-55,CMSa0gTLHAZ1EDTeeFoY40oETas=,nYReejcBuQcn3Zx60zD3DtAsHfg=
-118,-55,CMSa0gTLHAZ1EDTeeFoY40oETas=,nYReejcBuQcn3Zx60zD3DtAsHfg=
-120,-54,CMSa0gTLHAZ1EDTeeFoY40oETas=,nYReejcBuQcn3Zx60zD3DtAsHfg=
-117,-55,CMSa0gTLHAZ1EDTeeFoY40oETas=,nYReejcBuQcn3Zx60zD3DtAsHfg=
-118,-56,CMSa0gTLHAZ1EDTeeFoY40oETas=,nYReejcBuQcn3Zx60zD3DtAsHfg=
-118,-54,CMSa0gTLHAZ1EDTeeFoY40oETas=,nYReejcBuQcn3Zx60zD3DtAsHfg=
-123,-59,CMSa0gTLHAZ1EDTeeFoY40oETas=,2KagSegpvHGi8Dr5yGMbFE+CjgQ=
-119,-56,CMSa0gTLHAZ1EDTeeFoY40oETas=,nYReejcBuQcn3Zx60zD3DtAsHfg=
-120,-56,CMSa0gTLHAZ1EDTeeFoY40oETas=,nYReejcBuQcn3Zx60zD3DtAsHfg=
-118,-60,CMSa0gTLHAZ1EDTeeFoY40oETas=,FeFIrdK4xX9kjVFadR/H4Y9Gh1s=
-119,-53,CMSa0gTLHAZ1EDTeeFoY40oETas=,nYReejcBuQcn3Zx60zD3DtAsHfg=
-124,-58,CMSa0gTLHAZ1EDTeeFoY40oETas=,2KagSegpvHGi8Dr5yGMbFE+CjgQ=
-120,-53,CMSa0gTLHAZ1EDTeeFoY40oETas=,nYReejcBuQcn3Zx60zD3DtAsHfg=
-123,-58,CMSa0gTLHAZ1EDTeeFoY40oETas=,2KagSegpvHGi8Dr5yGMbFE+CjgQ=
-119,-60,CMSa0gTLHAZ1EDTeeFoY40oETas=,FeFIrdK4xX9kjVFadR/H4Y9Gh1s=
-117,-60,CMSa0gTLHAZ1EDTeeFoY40oETas=,FeFIrdK4xX9kjVFadR/H4Y9Gh1s=
-120,-60,CMSa0gTLHAZ1EDTeeFoY40oETas=,FeFIrdK4xX9kjVFadR/H4Y9Gh1s=
-122,-58,CMSa0gTLHAZ1EDTeeFoY40oETas=,2KagSegpvHGi8Dr5yGMbFE+CjgQ=
-119,-58,CMSa0gTLHAZ1EDTeeFoY40oETas=,FeFIrdK4xX9kjVFadR/H4Y9Gh1s=
-117,-56,CMSa0gTLHAZ1EDTeeFoY40oETas=,nYReejcBuQcn3Zx60zD3DtAsHfg=
-124,-57,CMSa0gTLHAZ1EDTeeFoY40oETas=,2KagSegpvHGi8Dr5yGMbFE+CjgQ=
-117,-54,CMSa0gTLHAZ1EDTeeFoY40oETas=,nYReejcBuQcn3Zx60zD3DtAsHfg=
-119,-57,CMSa0gTLHAZ1EDTeeFoY40oETas=,FeFIrdK4xX9kjVFadR/H4Y9Gh1s=
-117,-57,CMSa0gTLHAZ1EDTeeFoY40oETas=,FeFIrdK4xX9kjVFadR/H4Y9Gh1s=
-118,-57,CMSa0gTLHAZ1EDTeeFoY40oETas=,FeFIrdK4xX9kjVFadR/H4Y9Gh1s=
-120,-57,CMSa0gTLHAZ1EDTeeFoY40oETas=,FeFIrdK4xX9kjVFadR/H4Y9Gh1s=
-117,-58,CMSa0gTLHAZ1EDTeeFoY40oETas=,FeFIrdK4xX9kjVFadR/H4Y9Gh1s=
-118,-58,CMSa0gTLHAZ1EDTeeFoY40oETas=,FeFIrdK4xX9kjVFadR/H4Y9Gh1s=
-115,-60,CMSa0gTLHAZ1EDTeeFoY40oETas=,FeFIrdK4xX9kjVFadR/H4Y9Gh1s=
-115,-57,CMSa0gTLHAZ1EDTeeFoY40oETas=,FeFIrdK4xX9kjVFadR/H4Y9Gh1s=
-115,-54,CMSa0gTLHAZ1EDTeeFoY40oETas=,nYReejcBuQcn3Zx60zD3DtAsHfg=
-114,-55,CMSa0gTLHAZ1EDTeeFoY40oETas=,nYReejcBuQcn3Zx60zD3DtAsHfg=
-114,-57,CMSa0gTLHAZ1EDTeeFoY40oETas=,FeFIrdK4xX9kjVFadR/H4Y9Gh1s=
-113,-57,CMSa0gTLHAZ1EDTeeFoY40oETas=,FeFIrdK4xX9kjVFadR/H4Y9Gh1s=
-115,-55,CMSa0gTLHAZ1EDTeeFoY40oETas=,nYReejcBuQcn3Zx60zD3DtAsHfg=
-116,-55,CMSa0gTLHAZ1EDTeeFoY40oETas=,nYReejcBuQcn3Zx60zD3DtAsHfg=
-113,-55,CMSa0gTLHAZ1EDTeeFoY40oETas=,nYReejcBuQcn3Zx60zD3DtAsHfg=
-114,-56,CMSa0gTLHAZ1EDTeeFoY40oETas=,nYReejcBuQcn3Zx60zD3DtAsHfg=
-116,-60,CMSa0gTLHAZ1EDTeeFoY40oETas=,FeFIrdK4xX9kjVFadR/H4Y9Gh1s=
-116,-56,CMSa0gTLHAZ1EDTeeFoY40oETas=,nYReejcBuQcn3Zx60zD3DtAsHfg=
-115,-56,CMSa0gTLHAZ1EDTeeFoY40oETas=,nYReejcBuQcn3Zx60zD3DtAsHfg=
-114,-53,CMSa0gTLHAZ1EDTeeFoY40oETas=,nYReejcBuQcn3Zx60zD3DtAsHfg=
-115,-53,CMSa0gTLHAZ1EDTeeFoY40oETas=,nYReejcBuQcn3Zx60zD3DtAsHfg=
-116,-54,CMSa0gTLHAZ1EDTeeFoY40oETas=,nYReejcBuQcn3Zx60zD3DtAsHfg=
-113,-56,CMSa0gTLHAZ1EDTeeFoY40oETas=,nYReejcBuQcn3Zx60zD3DtAsHfg=
-114,-58,CMSa0gTLHAZ1EDTeeFoY40oETas=,FeFIrdK4xX9kjVFadR/H4Y9Gh1s=
-115,-59,CMSa0gTLHAZ1EDTeeFoY40oETas=,FeFIrdK4xX9kjVFadR/H4Y9Gh1s=
-113,-58,CMSa0gTLHAZ1EDTeeFoY40oETas=,FeFIrdK4xX9kjVFadR/H4Y9Gh1s=
-115,-58,CMSa0gTLHAZ1EDTeeFoY40oETas=,FeFIrdK4xX9kjVFadR/H4Y9Gh1s=
-116,-53,CMSa0gTLHAZ1EDTeeFoY40oETas=,nYReejcBuQcn3Zx60zD3DtAsHfg=
-116,-58,CMSa0gTLHAZ1EDTeeFoY40oETas=,FeFIrdK4xX9kjVFadR/H4Y9Gh1s=
-114,-54,CMSa0gTLHAZ1EDTeeFoY40oETas=,nYReejcBuQcn3Zx60zD3DtAsHfg=
-114,-60,CMSa0gTLHAZ1EDTeeFoY40oETas=,FeFIrdK4xX9kjVFadR/H4Y9Gh1s=
-116,-57,CMSa0gTLHAZ1EDTeeFoY40oETas=,FeFIrdK4xX9kjVFadR/H4Y9Gh1s=
-116,-59,CMSa0gTLHAZ1EDTeeFoY40oETas=,FeFIrdK4xX9kjVFadR/H4Y9Gh1s=
-113,-54,CMSa0gTLHAZ1EDTeeFoY40oETas=,nYReejcBuQcn3Zx60zD3DtAsHfg=
-113,-60,CMSa0gTLHAZ1EDTeeFoY40oETas=,FeFIrdK4xX9kjVFadR/H4Y9Gh1s=
-113,-53,CMSa0gTLHAZ1EDTeeFoY40oETas=,nYReejcBuQcn3Zx60zD3DtAsHfg=
-114,-59,CMSa0gTLHAZ1EDTeeFoY40oETas=,FeFIrdK4xX9kjVFadR/H4Y9Gh1s=
-119,-63,CMSa0gTLHAZ1EDTeeFoY40oETas=,FeFIrdK4xX9kjVFadR/H4Y9Gh1s=
-118,-63,CMSa0gTLHAZ1EDTeeFoY40oETas=,FeFIrdK4xX9kjVFadR/H4Y9Gh1s=
-113,-59,CMSa0gTLHAZ1EDTeeFoY40oETas=,FeFIrdK4xX9kjVFadR/H4Y9Gh1s=
-119,-62,CMSa0gTLHAZ1EDTeeFoY40oETas=,FeFIrdK4xX9kjVFadR/H4Y9Gh1s=
-120,-62,CMSa0gTLHAZ1EDTeeFoY40oETas=,FeFIrdK4xX9kjVFadR/H4Y9Gh1s=
-118,-62,CMSa0gTLHAZ1EDTeeFoY40oETas=,FeFIrdK4xX9kjVFadR/H4Y9Gh1s=
-117,-62,CMSa0gTLHAZ1EDTeeFoY40oETas=,FeFIrdK4xX9kjVFadR/H4Y9Gh1s=
-122,-63,CMSa0gTLHAZ1EDTeeFoY40oETas=,2KagSegpvHGi8Dr5yGMbFE+CjgQ=
-117,-63,CMSa0gTLHAZ1EDTeeFoY40oETas=,FeFIrdK4xX9kjVFadR/H4Y9Gh1s=
-120,-64,CMSa0gTLHAZ1EDTeeFoY40oETas=,FeFIrdK4xX9kjVFadR/H4Y9Gh1s=
-120,-61,CMSa0gTLHAZ1EDTeeFoY40oETas=,FeFIrdK4xX9kjVFadR/H4Y9Gh1s=
-118,-61,CMSa0gTLHAZ1EDTeeFoY40oETas=,FeFIrdK4xX9kjVFadR/H4Y9Gh1s=
-120,-63,CMSa0gTLHAZ1EDTeeFoY40oETas=,FeFIrdK4xX9kjVFadR/H4Y9Gh1s=
-123,-63,CMSa0gTLHAZ1EDTeeFoY40oETas=,2KagSegpvHGi8Dr5yGMbFE+CjgQ=
-119,-61,CMSa0gTLHAZ1EDTeeFoY40oETas=,FeFIrdK4xX9kjVFadR/H4Y9Gh1s=
-118,-64,CMSa0gTLHAZ1EDTeeFoY40oETas=,FeFIrdK4xX9kjVFadR/H4Y9Gh1s=
-117,-64,CMSa0gTLHAZ1EDTeeFoY40oETas=,FeFIrdK4xX9kjVFadR/H4Y9Gh1s=
-124,-63,CMSa0gTLHAZ1EDTeeFoY40oETas=,2KagSegpvHGi8Dr5yGMbFE+CjgQ=
-117,-61,CMSa0gTLHAZ1EDTeeFoY40oETas=,FeFIrdK4xX9kjVFadR/H4Y9Gh1s=
-119,-64,CMSa0gTLHAZ1EDTeeFoY40oETas=,FeFIrdK4xX9kjVFadR/H4Y9Gh1s=
-124,-62,CMSa0gTLHAZ1EDTeeFoY40oETas=,2KagSegpvHGi8Dr5yGMbFE+CjgQ=
-121,-63,CMSa0gTLHAZ1EDTeeFoY40oETas=,2KagSegpvHGi8Dr5yGMbFE+CjgQ=
-124,-64,CMSa0gTLHAZ1EDTeeFoY40oETas=,2KagSegpvHGi8Dr5yGMbFE+CjgQ=
-122,-62,CMSa0gTLHAZ1EDTeeFoY40oETas=,2KagSegpvHGi8Dr5yGMbFE+CjgQ=
-123,-61,CMSa0gTLHAZ1EDTeeFoY40oETas=,2KagSegpvHGi8Dr5yGMbFE+CjgQ=
-121,-62,CMSa0gTLHAZ1EDTeeFoY40oETas=,2KagSegpvHGi8Dr5yGMbFE+CjgQ=
-124,-61,CMSa0gTLHAZ1EDTeeFoY40oETas=,2KagSegpvHGi8Dr5yGMbFE+CjgQ=
-123,-62,CMSa0gTLHAZ1EDTeeFoY40oETas=,2KagSegpvHGi8Dr5yGMbFE+CjgQ=
-121,-61,CMSa0gTLHAZ1EDTeeFoY40oETas=,2KagSegpvHGi8Dr5yGMbFE+CjgQ=
-122,-61,CMSa0gTLHAZ1EDTeeFoY40oETas=,2KagSegpvHGi8Dr5yGMbFE+CjgQ=
-121,-64,CMSa0gTLHAZ1EDTeeFoY40oETas=,2KagSegpvHGi8Dr5yGMbFE+CjgQ=
-123,-50,CMSa0gTLHAZ1EDTeeFoY40oETas=,TQK3L9whCaUbGDV2iW+9ZDINq9M=
-122,-64,CMSa0gTLHAZ1EDTeeFoY40oETas=,2KagSegpvHGi8Dr5yGMbFE+CjgQ=
-121,-49,CMSa0gTLHAZ1EDTeeFoY40oETas=,TQK3L9whCaUbGDV2iW+9ZDINq9M=
-121,-50,CMSa0gTLHAZ1EDTeeFoY40oETas=,TQK3L9whCaUbGDV2iW+9ZDINq9M=
-122,-50,CMSa0gTLHAZ1EDTeeFoY40oETas=,TQK3L9whCaUbGDV2iW+9ZDINq9M=
-123,-64,CMSa0gTLHAZ1EDTeeFoY40oETas=,2KagSegpvHGi8Dr5yGMbFE+CjgQ=
-119,-51,CMSa0gTLHAZ1EDTeeFoY40oETas=,nYReejcBuQcn3Zx60zD3DtAsHfg=
-118,-51,CMSa0gTLHAZ1EDTeeFoY40oETas=,nYReejcBuQcn3Zx60zD3DtAsHfg=
-118,-50,CMSa0gTLHAZ1EDTeeFoY40oETas=,nYReejcBuQcn3Zx60zD3DtAsHfg=
-117,-49,CMSa0gTLHAZ1EDTeeFoY40oETas=,nYReejcBuQcn3Zx60zD3DtAsHfg=
-121,-51,CMSa0gTLHAZ1EDTeeFoY40oETas=,TQK3L9whCaUbGDV2iW+9ZDINq9M=
-124,-50,CMSa0gTLHAZ1EDTeeFoY40oETas=,TQK3L9whCaUbGDV2iW+9ZDINq9M=
-119,-50,CMSa0gTLHAZ1EDTeeFoY40oETas=,nYReejcBuQcn3Zx60zD3DtAsHfg=
-117,-50,CMSa0gTLHAZ1EDTeeFoY40oETas=,nYReejcBuQcn3Zx60zD3DtAsHfg=
-117,-52,CMSa0gTLHAZ1EDTeeFoY40oETas=,nYReejcBuQcn3Zx60zD3DtAsHfg=
-119,-52,CMSa0gTLHAZ1EDTeeFoY40oETas=,nYReejcBuQcn3Zx60zD3DtAsHfg=
-122,-51,CMSa0gTLHAZ1EDTeeFoY40oETas=,TQK3L9whCaUbGDV2iW+9ZDINq9M=
-118,-52,CMSa0gTLHAZ1EDTeeFoY40oETas=,nYReejcBuQcn3Zx60zD3DtAsHfg=
-123,-49,CMSa0gTLHAZ1EDTeeFoY40oETas=,TQK3L9whCaUbGDV2iW+9ZDINq9M=
-117,-51,CMSa0gTLHAZ1EDTeeFoY40oETas=,nYReejcBuQcn3Zx60zD3DtAsHfg=
-120,-50,CMSa0gTLHAZ1EDTeeFoY40oETas=,nYReejcBuQcn3Zx60zD3DtAsHfg=
-120,-51,CMSa0gTLHAZ1EDTeeFoY40oETas=,nYReejcBuQcn3Zx60zD3DtAsHfg=
-120,-52,CMSa0gTLHAZ1EDTeeFoY40oETas=,nYReejcBuQcn3Zx60zD3DtAsHfg=
-123,-51,CMSa0gTLHAZ1EDTeeFoY40oETas=,TQK3L9whCaUbGDV2iW+9ZDINq9M=
-124,-49,CMSa0gTLHAZ1EDTeeFoY40oETas=,TQK3L9whCaUbGDV2iW+9ZDINq9M=
-123,-52,CMSa0gTLHAZ1EDTeeFoY40oETas=,TQK3L9whCaUbGDV2iW+9ZDINq9M=
-122,-49,CMSa0gTLHAZ1EDTeeFoY40oETas=,TQK3L9whCaUbGDV2iW+9ZDINq9M=
-118,-49,CMSa0gTLHAZ1EDTeeFoY40oETas=,nYReejcBuQcn3Zx60zD3DtAsHfg=
-120,-49,CMSa0gTLHAZ1EDTeeFoY40oETas=,nYReejcBuQcn3Zx60zD3DtAsHfg=
-119,-49,CMSa0gTLHAZ1EDTeeFoY40oETas=,nYReejcBuQcn3Zx60zD3DtAsHfg=
-124,-52,CMSa0gTLHAZ1EDTeeFoY40oETas=,TQK3L9whCaUbGDV2iW+9ZDINq9M=
-121,-52,CMSa0gTLHAZ1EDTeeFoY40oETas=,TQK3L9whCaUbGDV2iW+9ZDINq9M=
-122,-52,CMSa0gTLHAZ1EDTeeFoY40oETas=,TQK3L9whCaUbGDV2iW+9ZDINq9M=
-124,-51,CMSa0gTLHAZ1EDTeeFoY40oETas=,TQK3L9whCaUbGDV2iW+9ZDINq9M=
-125,-62,CMSa0gTLHAZ1EDTeeFoY40oETas=,2KagSegpvHGi8Dr5yGMbFE+CjgQ=
-127,-62,CMSa0gTLHAZ1EDTeeFoY40oETas=,2KagSegpvHGi8Dr5yGMbFE+CjgQ=
-128,-61,CMSa0gTLHAZ1EDTeeFoY40oETas=,2KagSegpvHGi8Dr5yGMbFE+CjgQ=
-125,-64,CMSa0gTLHAZ1EDTeeFoY40oETas=,2KagSegpvHGi8Dr5yGMbFE+CjgQ=
-125,-63,CMSa0gTLHAZ1EDTeeFoY40oETas=,2KagSegpvHGi8Dr5yGMbFE+CjgQ=
-126,-63,CMSa0gTLHAZ1EDTeeFoY40oETas=,2KagSegpvHGi8Dr5yGMbFE+CjgQ=
-128,-64,CMSa0gTLHAZ1EDTeeFoY40oETas=,2KagSegpvHGi8Dr5yGMbFE+CjgQ=
-128,-62,CMSa0gTLHAZ1EDTeeFoY40oETas=,2KagSegpvHGi8Dr5yGMbFE+CjgQ=
-125,-61,CMSa0gTLHAZ1EDTeeFoY40oETas=,2KagSegpvHGi8Dr5yGMbFE+CjgQ=
-126,-62,CMSa0gTLHAZ1EDTeeFoY40oETas=,2KagSegpvHGi8Dr5yGMbFE+CjgQ=
-127,-61,CMSa0gTLHAZ1EDTeeFoY40oETas=,2KagSegpvHGi8Dr5yGMbFE+CjgQ=
-127,-63,CMSa0gTLHAZ1EDTeeFoY40oETas=,2KagSegpvHGi8Dr5yGMbFE+CjgQ=
-126,-64,CMSa0gTLHAZ1EDTeeFoY40oETas=,2KagSegpvHGi8Dr5yGMbFE+CjgQ=
-128,-63,CMSa0gTLHAZ1EDTeeFoY40oETas=,2KagSegpvHGi8Dr5yGMbFE+CjgQ=
-126,-61,CMSa0gTLHAZ1EDTeeFoY40oETas=,2KagSegpvHGi8Dr5yGMbFE+CjgQ=
-127,-64,CMSa0gTLHAZ1EDTeeFoY40oETas=,2KagSegpvHGi8Dr5yGMbFE+CjgQ=
-116,-52,CMSa0gTLHAZ1EDTeeFoY40oETas=,nYReejcBuQcn3Zx60zD3DtAsHfg=
-116,-49,CMSa0gTLHAZ1EDTeeFoY40oETas=,nYReejcBuQcn3Zx60zD3DtAsHfg=
-114,-52,CMSa0gTLHAZ1EDTeeFoY40oETas=,nYReejcBuQcn3Zx60zD3DtAsHfg=
-113,-61,CMSa0gTLHAZ1EDTeeFoY40oETas=,FeFIrdK4xX9kjVFadR/H4Y9Gh1s=
-115,-52,CMSa0gTLHAZ1EDTeeFoY40oETas=,nYReejcBuQcn3Zx60zD3DtAsHfg=
-113,-49,CMSa0gTLHAZ1EDTeeFoY40oETas=,nYReejcBuQcn3Zx60zD3DtAsHfg=
-113,-52,CMSa0gTLHAZ1EDTeeFoY40oETas=,nYReejcBuQcn3Zx60zD3DtAsHfg=
-114,-51,CMSa0gTLHAZ1EDTeeFoY40oETas=,nYReejcBuQcn3Zx60zD3DtAsHfg=
-116,-50,CMSa0gTLHAZ1EDTeeFoY40oETas=,nYReejcBuQcn3Zx60zD3DtAsHfg=
-128,-49,CMSa0gTLHAZ1EDTeeFoY40oETas=,TQK3L9whCaUbGDV2iW+9ZDINq9M=
-127,-50,CMSa0gTLHAZ1EDTeeFoY40oETas=,TQK3L9whCaUbGDV2iW+9ZDINq9M=
-113,-51,CMSa0gTLHAZ1EDTeeFoY40oETas=,nYReejcBuQcn3Zx60zD3DtAsHfg=
-114,-50,CMSa0gTLHAZ1EDTeeFoY40oETas=,nYReejcBuQcn3Zx60zD3DtAsHfg=
-113,-62,CMSa0gTLHAZ1EDTeeFoY40oETas=,FeFIrdK4xX9kjVFadR/H4Y9Gh1s=
-114,-49,CMSa0gTLHAZ1EDTeeFoY40oETas=,nYReejcBuQcn3Zx60zD3DtAsHfg=
-113,-64,CMSa0gTLHAZ1EDTeeFoY40oETas=,FeFIrdK4xX9kjVFadR/H4Y9Gh1s=
-126,-50,CMSa0gTLHAZ1EDTeeFoY40oETas=,TQK3L9whCaUbGDV2iW+9ZDINq9M=
-114,-62,CMSa0gTLHAZ1EDTeeFoY40oETas=,FeFIrdK4xX9kjVFadR/H4Y9Gh1s=
-127,-49,CMSa0gTLHAZ1EDTeeFoY40oETas=,TQK3L9whCaUbGDV2iW+9ZDINq9M=
-125,-49,CMSa0gTLHAZ1EDTeeFoY40oETas=,TQK3L9whCaUbGDV2iW+9ZDINq9M=
-115,-62,CMSa0gTLHAZ1EDTeeFoY40oETas=,FeFIrdK4xX9kjVFadR/H4Y9Gh1s=
-115,-51,CMSa0gTLHAZ1EDTeeFoY40oETas=,nYReejcBuQcn3Zx60zD3DtAsHfg=
-116,-63,CMSa0gTLHAZ1EDTeeFoY40oETas=,FeFIrdK4xX9kjVFadR/H4Y9Gh1s=
-114,-63,CMSa0gTLHAZ1EDTeeFoY40oETas=,FeFIrdK4xX9kjVFadR/H4Y9Gh1s=
-116,-61,CMSa0gTLHAZ1EDTeeFoY40oETas=,FeFIrdK4xX9kjVFadR/H4Y9Gh1s=
-113,-63,CMSa0gTLHAZ1EDTeeFoY40oETas=,FeFIrdK4xX9kjVFadR/H4Y9Gh1s=
-114,-61,CMSa0gTLHAZ1EDTeeFoY40oETas=,FeFIrdK4xX9kjVFadR/H4Y9Gh1s=
-113,-50,CMSa0gTLHAZ1EDTeeFoY40oETas=,nYReejcBuQcn3Zx60zD3DtAsHfg=
-125,-52,CMSa0gTLHAZ1EDTeeFoY40oETas=,TQK3L9whCaUbGDV2iW+9ZDINq9M=
-125,-51,CMSa0gTLHAZ1EDTeeFoY40oETas=,TQK3L9whCaUbGDV2iW+9ZDINq9M=
-125,-50,CMSa0gTLHAZ1EDTeeFoY40oETas=,TQK3L9whCaUbGDV2iW+9ZDINq9M=
-127,-51,CMSa0gTLHAZ1EDTeeFoY40oETas=,TQK3L9whCaUbGDV2iW+9ZDINq9M=
-116,-51,CMSa0gTLHAZ1EDTeeFoY40oETas=,nYReejcBuQcn3Zx60zD3DtAsHfg=
-116,-62,CMSa0gTLHAZ1EDTeeFoY40oETas=,FeFIrdK4xX9kjVFadR/H4Y9Gh1s=
-128,-52,CMSa0gTLHAZ1EDTeeFoY40oETas=,TQK3L9whCaUbGDV2iW+9ZDINq9M=
-127,-52,CMSa0gTLHAZ1EDTeeFoY40oETas=,TQK3L9whCaUbGDV2iW+9ZDINq9M=
-115,-50,CMSa0gTLHAZ1EDTeeFoY40oETas=,nYReejcBuQcn3Zx60zD3DtAsHfg=
-115,-63,CMSa0gTLHAZ1EDTeeFoY40oETas=,FeFIrdK4xX9kjVFadR/H4Y9Gh1s=
-126,-49,CMSa0gTLHAZ1EDTeeFoY40oETas=,TQK3L9whCaUbGDV2iW+9ZDINq9M=
-114,-64,CMSa0gTLHAZ1EDTeeFoY40oETas=,FeFIrdK4xX9kjVFadR/H4Y9Gh1s=
-116,-64,CMSa0gTLHAZ1EDTeeFoY40oETas=,FeFIrdK4xX9kjVFadR/H4Y9Gh1s=
-115,-61,CMSa0gTLHAZ1EDTeeFoY40oETas=,FeFIrdK4xX9kjVFadR/H4Y9Gh1s=
-115,-49,CMSa0gTLHAZ1EDTeeFoY40oETas=,nYReejcBuQcn3Zx60zD3DtAsHfg=
-126,-51,CMSa0gTLHAZ1EDTeeFoY40oETas=,TQK3L9whCaUbGDV2iW+9ZDINq9M=
-126,-52,CMSa0gTLHAZ1EDTeeFoY40oETas=,TQK3L9whCaUbGDV2iW+9ZDINq9M=
-115,-64,CMSa0gTLHAZ1EDTeeFoY40oETas=,FeFIrdK4xX9kjVFadR/H4Y9Gh1s=
-128,-51,CMSa0gTLHAZ1EDTeeFoY40oETas=,TQK3L9whCaUbGDV2iW+9ZDINq9M=
-128,-50,CMSa0gTLHAZ1EDTeeFoY40oETas=,TQK3L9whCaUbGDV2iW+9ZDINq9M=
-113,-38,3I4B7J6KQI8sjNfy4UTRgSXA87Q=,m/cCep7yrc3OFpoi83mJ+N2DfXc=
-116,-37,qTIuuUZFU0l0DSc2BAE4unLjLJ8=,m/cCep7yrc3OFpoi83mJ+N2DfXc=
-115,-38,qTIuuUZFU0l0DSc2BAE4unLjLJ8=,m/cCep7yrc3OFpoi83mJ+N2DfXc=
-114,-38,qTIuuUZFU0l0DSc2BAE4unLjLJ8=,m/cCep7yrc3OFpoi83mJ+N2DfXc=
-116,-38,qTIuuUZFU0l0DSc2BAE4unLjLJ8=,m/cCep7yrc3OFpoi83mJ+N2DfXc=
-115,-44,qTIuuUZFU0l0DSc2BAE4unLjLJ8=,4vizPC0vVxhBEki+pYXidUcJoXo=
-116,-39,qTIuuUZFU0l0DSc2BAE4unLjLJ8=,m/cCep7yrc3OFpoi83mJ+N2DfXc=
-115,-43,qTIuuUZFU0l0DSc2BAE4unLjLJ8=,4vizPC0vVxhBEki+pYXidUcJoXo=
-113,-41,qTIuuUZFU0l0DSc2BAE4unLjLJ8=,4vizPC0vVxhBEki+pYXidUcJoXo=
-113,-42,U8MA86oAUzhLf4sZytj33Mtjw+c=,4vizPC0vVxhBEki+pYXidUcJoXo=
-116,-43,U8MA86oAUzhLf4sZytj33Mtjw+c=,4vizPC0vVxhBEki+pYXidUcJoXo=
-116,-44,U8MA86oAUzhLf4sZytj33Mtjw+c=,4vizPC0vVxhBEki+pYXidUcJoXo=
-116,-42,U8MA86oAUzhLf4sZytj33Mtjw+c=,4vizPC0vVxhBEki+pYXidUcJoXo=
-115,-39,U8MA86oAUzhLf4sZytj33Mtjw+c=,m/cCep7yrc3OFpoi83mJ+N2DfXc=
-116,-41,U8MA86oAUzhLf4sZytj33Mtjw+c=,4vizPC0vVxhBEki+pYXidUcJoXo=
-115,-41,SGt5V8211Y72eZqxQpgjOLrdQ8w=,4vizPC0vVxhBEki+pYXidUcJoXo=
-114,-41,SGt5V8211Y72eZqxQpgjOLrdQ8w=,4vizPC0vVxhBEki+pYXidUcJoXo=
-113,-44,SGt5V8211Y72eZqxQpgjOLrdQ8w=,4vizPC0vVxhBEki+pYXidUcJoXo=
-113,-43,SGt5V8211Y72eZqxQpgjOLrdQ8w=,4vizPC0vVxhBEki+pYXidUcJoXo=
-114,-42,SGt5V8211Y72eZqxQpgjOLrdQ8w=,4vizPC0vVxhBEki+pYXidUcJoXo=
-113,-39,SGt5V8211Y72eZqxQpgjOLrdQ8w=,m/cCep7yrc3OFpoi83mJ+N2DfXc=
-114,-37,SGt5V8211Y72eZqxQpgjOLrdQ8w=,m/cCep7yrc3OFpoi83mJ+N2DfXc=
-114,-43,SGt5V8211Y72eZqxQpgjOLrdQ8w=,4vizPC0vVxhBEki+pYXidUcJoXo=
-114,-44,SGt5V8211Y72eZqxQpgjOLrdQ8w=,4vizPC0vVxhBEki+pYXidUcJoXo=
-113,-40,SGt5V8211Y72eZqxQpgjOLrdQ8w=,m/cCep7yrc3OFpoi83mJ+N2DfXc=
-115,-42,SGt5V8211Y72eZqxQpgjOLrdQ8w=,4vizPC0vVxhBEki+pYXidUcJoXo=
-115,-37,SGt5V8211Y72eZqxQpgjOLrdQ8w=,m/cCep7yrc3OFpoi83mJ+N2DfXc=
-113,-37,SGt5V8211Y72eZqxQpgjOLrdQ8w=,m/cCep7yrc3OFpoi83mJ+N2DfXc=
-114,-39,SGt5V8211Y72eZqxQpgjOLrdQ8w=,m/cCep7yrc3OFpoi83mJ+N2DfXc=
-116,-40,SGt5V8211Y72eZqxQpgjOLrdQ8w=,m/cCep7yrc3OFpoi83mJ+N2DfXc=
-120,-40,SGt5V8211Y72eZqxQpgjOLrdQ8w=,m/cCep7yrc3OFpoi83mJ+N2DfXc=
-114,-40,SGt5V8211Y72eZqxQpgjOLrdQ8w=,m/cCep7yrc3OFpoi83mJ+N2DfXc=
-115,-40,SGt5V8211Y72eZqxQpgjOLrdQ8w=,m/cCep7yrc3OFpoi83mJ+N2DfXc=
-124,-39,z4O2ZV4FppyrmKZp3OZg+0pP7lE=,G9abL2QxeTDgywm5YPw4h6RrGUQ=
-124,-37,z4O2ZV4FppyrmKZp3OZg+0pP7lE=,G9abL2QxeTDgywm5YPw4h6RrGUQ=
-123,-38,z4O2ZV4FppyrmKZp3OZg+0pP7lE=,G9abL2QxeTDgywm5YPw4h6RrGUQ=
-122,-39,z4O2ZV4FppyrmKZp3OZg+0pP7lE=,G9abL2QxeTDgywm5YPw4h6RrGUQ=
-123,-39,z4O2ZV4FppyrmKZp3OZg+0pP7lE=,G9abL2QxeTDgywm5YPw4h6RrGUQ=
-123,-37,z4O2ZV4FppyrmKZp3OZg+0pP7lE=,G9abL2QxeTDgywm5YPw4h6RrGUQ=
-124,-38,z4O2ZV4FppyrmKZp3OZg+0pP7lE=,G9abL2QxeTDgywm5YPw4h6RrGUQ=
-122,-38,z4O2ZV4FppyrmKZp3OZg+0pP7lE=,G9abL2QxeTDgywm5YPw4h6RrGUQ=
-121,-37,z4O2ZV4FppyrmKZp3OZg+0pP7lE=,G9abL2QxeTDgywm5YPw4h6RrGUQ=
-122,-37,z4O2ZV4FppyrmKZp3OZg+0pP7lE=,G9abL2QxeTDgywm5YPw4h6RrGUQ=
-121,-38,z4O2ZV4FppyrmKZp3OZg+0pP7lE=,G9abL2QxeTDgywm5YPw4h6RrGUQ=
-117,-44,z4O2ZV4FppyrmKZp3OZg+0pP7lE=,4vizPC0vVxhBEki+pYXidUcJoXo=
-121,-39,z4O2ZV4FppyrmKZp3OZg+0pP7lE=,G9abL2QxeTDgywm5YPw4h6RrGUQ=
-119,-44,z4O2ZV4FppyrmKZp3OZg+0pP7lE=,4vizPC0vVxhBEki+pYXidUcJoXo=
-124,-41,z4O2ZV4FppyrmKZp3OZg+0pP7lE=,F+fH5pr4BpLt5fZwsEr5MTUU2n0=
-119,-43,vUEV4VTmeJ9hb6jaabnzgym/DeU=,4vizPC0vVxhBEki+pYXidUcJoXo=
-118,-43,vUEV4VTmeJ9hb6jaabnzgym/DeU=,4vizPC0vVxhBEki+pYXidUcJoXo=
-121,-40,vUEV4VTmeJ9hb6jaabnzgym/DeU=,G9abL2QxeTDgywm5YPw4h6RrGUQ=
-117,-42,vUEV4VTmeJ9hb6jaabnzgym/DeU=,4vizPC0vVxhBEki+pYXidUcJoXo=
-120,-42,vUEV4VTmeJ9hb6jaabnzgym/DeU=,4vizPC0vVxhBEki+pYXidUcJoXo=
-120,-44,vUEV4VTmeJ9hb6jaabnzgym/DeU=,4vizPC0vVxhBEki+pYXidUcJoXo=
-124,-40,vUEV4VTmeJ9hb6jaabnzgym/DeU=,G9abL2QxeTDgywm5YPw4h6RrGUQ=
-119,-38,vUEV4VTmeJ9hb6jaabnzgym/DeU=,m/cCep7yrc3OFpoi83mJ+N2DfXc=
-118,-44,vUEV4VTmeJ9hb6jaabnzgym/DeU=,4vizPC0vVxhBEki+pYXidUcJoXo=
-117,-43,vUEV4VTmeJ9hb6jaabnzgym/DeU=,4vizPC0vVxhBEki+pYXidUcJoXo=
-120,-41,vUEV4VTmeJ9hb6jaabnzgym/DeU=,4vizPC0vVxhBEki+pYXidUcJoXo=
-123,-40,vUEV4VTmeJ9hb6jaabnzgym/DeU=,G9abL2QxeTDgywm5YPw4h6RrGUQ=
-118,-42,vUEV4VTmeJ9hb6jaabnzgym/DeU=,4vizPC0vVxhBEki+pYXidUcJoXo=
-117,-41,vUEV4VTmeJ9hb6jaabnzgym/DeU=,4vizPC0vVxhBEki+pYXidUcJoXo=
-119,-42,vUEV4VTmeJ9hb6jaabnzgym/DeU=,4vizPC0vVxhBEki+pYXidUcJoXo=
-121,-42,vUEV4VTmeJ9hb6jaabnzgym/DeU=,F+fH5pr4BpLt5fZwsEr5MTUU2n0=
-122,-42,vUEV4VTmeJ9hb6jaabnzgym/DeU=,F+fH5pr4BpLt5fZwsEr5MTUU2n0=
-118,-41,vUEV4VTmeJ9hb6jaabnzgym/DeU=,4vizPC0vVxhBEki+pYXidUcJoXo=
-122,-43,vUEV4VTmeJ9hb6jaabnzgym/DeU=,F+fH5pr4BpLt5fZwsEr5MTUU2n0=
-124,-42,vUEV4VTmeJ9hb6jaabnzgym/DeU=,F+fH5pr4BpLt5fZwsEr5MTUU2n0=
-122,-40,vUEV4VTmeJ9hb6jaabnzgym/DeU=,G9abL2QxeTDgywm5YPw4h6RrGUQ=
-123,-43,vUEV4VTmeJ9hb6jaabnzgym/DeU=,F+fH5pr4BpLt5fZwsEr5MTUU2n0=
-121,-43,vUEV4VTmeJ9hb6jaabnzgym/DeU=,F+fH5pr4BpLt5fZwsEr5MTUU2n0=
-119,-41,vUEV4VTmeJ9hb6jaabnzgym/DeU=,4vizPC0vVxhBEki+pYXidUcJoXo=
-123,-42,vUEV4VTmeJ9hb6jaabnzgym/DeU=,F+fH5pr4BpLt5fZwsEr5MTUU2n0=
-117,-37,vUEV4VTmeJ9hb6jaabnzgym/DeU=,m/cCep7yrc3OFpoi83mJ+N2DfXc=
-117,-40,vUEV4VTmeJ9hb6jaabnzgym/DeU=,m/cCep7yrc3OFpoi83mJ+N2DfXc=
-121,-44,vUEV4VTmeJ9hb6jaabnzgym/DeU=,F+fH5pr4BpLt5fZwsEr5MTUU2n0=
-120,-43,vUEV4VTmeJ9hb6jaabnzgym/DeU=,4vizPC0vVxhBEki+pYXidUcJoXo=
-123,-44,vUEV4VTmeJ9hb6jaabnzgym/DeU=,F+fH5pr4BpLt5fZwsEr5MTUU2n0=
-123,-41,vUEV4VTmeJ9hb6jaabnzgym/DeU=,F+fH5pr4BpLt5fZwsEr5MTUU2n0=
-118,-37,vUEV4VTmeJ9hb6jaabnzgym/DeU=,m/cCep7yrc3OFpoi83mJ+N2DfXc=
-121,-41,vUEV4VTmeJ9hb6jaabnzgym/DeU=,F+fH5pr4BpLt5fZwsEr5MTUU2n0=
-117,-39,vUEV4VTmeJ9hb6jaabnzgym/DeU=,m/cCep7yrc3OFpoi83mJ+N2DfXc=
-122,-44,vUEV4VTmeJ9hb6jaabnzgym/DeU=,F+fH5pr4BpLt5fZwsEr5MTUU2n0=
-120,-38,vUEV4VTmeJ9hb6jaabnzgym/DeU=,m/cCep7yrc3OFpoi83mJ+N2DfXc=
-119,-37,vUEV4VTmeJ9hb6jaabnzgym/DeU=,m/cCep7yrc3OFpoi83mJ+N2DfXc=
-122,-41,vUEV4VTmeJ9hb6jaabnzgym/DeU=,F+fH5pr4BpLt5fZwsEr5MTUU2n0=
-118,-40,vUEV4VTmeJ9hb6jaabnzgym/DeU=,m/cCep7yrc3OFpoi83mJ+N2DfXc=
-117,-38,vUEV4VTmeJ9hb6jaabnzgym/DeU=,m/cCep7yrc3OFpoi83mJ+N2DfXc=
-120,-37,vUEV4VTmeJ9hb6jaabnzgym/DeU=,m/cCep7yrc3OFpoi83mJ+N2DfXc=
-124,-44,vUEV4VTmeJ9hb6jaabnzgym/DeU=,F+fH5pr4BpLt5fZwsEr5MTUU2n0=
-118,-39,vUEV4VTmeJ9hb6jaabnzgym/DeU=,m/cCep7yrc3OFpoi83mJ+N2DfXc=
-118,-38,vUEV4VTmeJ9hb6jaabnzgym/DeU=,m/cCep7yrc3OFpoi83mJ+N2DfXc=
-119,-39,vUEV4VTmeJ9hb6jaabnzgym/DeU=,m/cCep7yrc3OFpoi83mJ+N2DfXc=
-119,-40,vUEV4VTmeJ9hb6jaabnzgym/DeU=,m/cCep7yrc3OFpoi83mJ+N2DfXc=
-120,-39,vUEV4VTmeJ9hb6jaabnzgym/DeU=,m/cCep7yrc3OFpoi83mJ+N2DfXc=
-124,-43,vUEV4VTmeJ9hb6jaabnzgym/DeU=,F+fH5pr4BpLt5fZwsEr5MTUU2n0=
-122,-48,vUEV4VTmeJ9hb6jaabnzgym/DeU=,F+fH5pr4BpLt5fZwsEr5MTUU2n0=
-121,-48,vUEV4VTmeJ9hb6jaabnzgym/DeU=,F+fH5pr4BpLt5fZwsEr5MTUU2n0=
-121,-47,vUEV4VTmeJ9hb6jaabnzgym/DeU=,F+fH5pr4BpLt5fZwsEr5MTUU2n0=
-122,-47,vUEV4VTmeJ9hb6jaabnzgym/DeU=,F+fH5pr4BpLt5fZwsEr5MTUU2n0=
-123,-48,vUEV4VTmeJ9hb6jaabnzgym/DeU=,F+fH5pr4BpLt5fZwsEr5MTUU2n0=
-121,-45,vUEV4VTmeJ9hb6jaabnzgym/DeU=,F+fH5pr4BpLt5fZwsEr5MTUU2n0=
-119,-47,vUEV4VTmeJ9hb6jaabnzgym/DeU=,4vizPC0vVxhBEki+pYXidUcJoXo=
-118,-47,vUEV4VTmeJ9hb6jaabnzgym/DeU=,4vizPC0vVxhBEki+pYXidUcJoXo=
-120,-48,vUEV4VTmeJ9hb6jaabnzgym/DeU=,4vizPC0vVxhBEki+pYXidUcJoXo=
-124,-46,vUEV4VTmeJ9hb6jaabnzgym/DeU=,F+fH5pr4BpLt5fZwsEr5MTUU2n0=
-123,-47,vUEV4VTmeJ9hb6jaabnzgym/DeU=,F+fH5pr4BpLt5fZwsEr5MTUU2n0=
-124,-48,vUEV4VTmeJ9hb6jaabnzgym/DeU=,F+fH5pr4BpLt5fZwsEr5MTUU2n0=
-123,-46,vUEV4VTmeJ9hb6jaabnzgym/DeU=,F+fH5pr4BpLt5fZwsEr5MTUU2n0=
-121,-46,vUEV4VTmeJ9hb6jaabnzgym/DeU=,F+fH5pr4BpLt5fZwsEr5MTUU2n0=
-124,-47,vUEV4VTmeJ9hb6jaabnzgym/DeU=,F+fH5pr4BpLt5fZwsEr5MTUU2n0=
-122,-45,vUEV4VTmeJ9hb6jaabnzgym/DeU=,F+fH5pr4BpLt5fZwsEr5MTUU2n0=
-122,-46,vUEV4VTmeJ9hb6jaabnzgym/DeU=,F+fH5pr4BpLt5fZwsEr5MTUU2n0=
-117,-47,vUEV4VTmeJ9hb6jaabnzgym/DeU=,4vizPC0vVxhBEki+pYXidUcJoXo=
-119,-46,vUEV4VTmeJ9hb6jaabnzgym/DeU=,4vizPC0vVxhBEki+pYXidUcJoXo=
-120,-45,vUEV4VTmeJ9hb6jaabnzgym/DeU=,4vizPC0vVxhBEki+pYXidUcJoXo=
-118,-46,vUEV4VTmeJ9hb6jaabnzgym/DeU=,4vizPC0vVxhBEki+pYXidUcJoXo=
-124,-45,vUEV4VTmeJ9hb6jaabnzgym/DeU=,F+fH5pr4BpLt5fZwsEr5MTUU2n0=
-118,-45,vUEV4VTmeJ9hb6jaabnzgym/DeU=,4vizPC0vVxhBEki+pYXidUcJoXo=
-119,-48,vUEV4VTmeJ9hb6jaabnzgym/DeU=,4vizPC0vVxhBEki+pYXidUcJoXo=
-123,-45,vUEV4VTmeJ9hb6jaabnzgym/DeU=,F+fH5pr4BpLt5fZwsEr5MTUU2n0=
-117,-45,vUEV4VTmeJ9hb6jaabnzgym/DeU=,4vizPC0vVxhBEki+pYXidUcJoXo=
-118,-48,vUEV4VTmeJ9hb6jaabnzgym/DeU=,4vizPC0vVxhBEki+pYXidUcJoXo=
-117,-46,vUEV4VTmeJ9hb6jaabnzgym/DeU=,4vizPC0vVxhBEki+pYXidUcJoXo=
-119,-45,vUEV4VTmeJ9hb6jaabnzgym/DeU=,4vizPC0vVxhBEki+pYXidUcJoXo=
-117,-48,vUEV4VTmeJ9hb6jaabnzgym/DeU=,4vizPC0vVxhBEki+pYXidUcJoXo=
-120,-47,vUEV4VTmeJ9hb6jaabnzgym/DeU=,4vizPC0vVxhBEki+pYXidUcJoXo=
-120,-46,vUEV4VTmeJ9hb6jaabnzgym/DeU=,4vizPC0vVxhBEki+pYXidUcJoXo=
-127,-46,vUEV4VTmeJ9hb6jaabnzgym/DeU=,F+fH5pr4BpLt5fZwsEr5MTUU2n0=
-128,-47,vUEV4VTmeJ9hb6jaabnzgym/DeU=,F+fH5pr4BpLt5fZwsEr5MTUU2n0=
-126,-46,vUEV4VTmeJ9hb6jaabnzgym/DeU=,F+fH5pr4BpLt5fZwsEr5MTUU2n0=
-128,-48,vUEV4VTmeJ9hb6jaabnzgym/DeU=,F+fH5pr4BpLt5fZwsEr5MTUU2n0=
-125,-46,vUEV4VTmeJ9hb6jaabnzgym/DeU=,F+fH5pr4BpLt5fZwsEr5MTUU2n0=
-128,-41,vUEV4VTmeJ9hb6jaabnzgym/DeU=,F+fH5pr4BpLt5fZwsEr5MTUU2n0=
-127,-45,vUEV4VTmeJ9hb6jaabnzgym/DeU=,F+fH5pr4BpLt5fZwsEr5MTUU2n0=
-125,-44,vUEV4VTmeJ9hb6jaabnzgym/DeU=,F+fH5pr4BpLt5fZwsEr5MTUU2n0=
-128,-45,vUEV4VTmeJ9hb6jaabnzgym/DeU=,F+fH5pr4BpLt5fZwsEr5MTUU2n0=
-127,-44,vUEV4VTmeJ9hb6jaabnzgym/DeU=,F+fH5pr4BpLt5fZwsEr5MTUU2n0=
-125,-41,vUEV4VTmeJ9hb6jaabnzgym/DeU=,F+fH5pr4BpLt5fZwsEr5MTUU2n0=
-126,-41,vUEV4VTmeJ9hb6jaabnzgym/DeU=,F+fH5pr4BpLt5fZwsEr5MTUU2n0=
-126,-44,vUEV4VTmeJ9hb6jaabnzgym/DeU=,F+fH5pr4BpLt5fZwsEr5MTUU2n0=
-128,-46,vUEV4VTmeJ9hb6jaabnzgym/DeU=,F+fH5pr4BpLt5fZwsEr5MTUU2n0=
-126,-39,vUEV4VTmeJ9hb6jaabnzgym/DeU=,G9abL2QxeTDgywm5YPw4h6RrGUQ=
-128,-42,vUEV4VTmeJ9hb6jaabnzgym/DeU=,F+fH5pr4BpLt5fZwsEr5MTUU2n0=
-127,-48,vUEV4VTmeJ9hb6jaabnzgym/DeU=,F+fH5pr4BpLt5fZwsEr5MTUU2n0=
-128,-40,vUEV4VTmeJ9hb6jaabnzgym/DeU=,G9abL2QxeTDgywm5YPw4h6RrGUQ=
-125,-38,vUEV4VTmeJ9hb6jaabnzgym/DeU=,G9abL2QxeTDgywm5YPw4h6RrGUQ=
-125,-42,vUEV4VTmeJ9hb6jaabnzgym/DeU=,F+fH5pr4BpLt5fZwsEr5MTUU2n0=
-127,-41,vUEV4VTmeJ9hb6jaabnzgym/DeU=,F+fH5pr4BpLt5fZwsEr5MTUU2n0=
-125,-39,vUEV4VTmeJ9hb6jaabnzgym/DeU=,G9abL2QxeTDgywm5YPw4h6RrGUQ=
-126,-45,vUEV4VTmeJ9hb6jaabnzgym/DeU=,F+fH5pr4BpLt5fZwsEr5MTUU2n0=
-125,-45,vUEV4VTmeJ9hb6jaabnzgym/DeU=,F+fH5pr4BpLt5fZwsEr5MTUU2n0=
-126,-42,vUEV4VTmeJ9hb6jaabnzgym/DeU=,F+fH5pr4BpLt5fZwsEr5MTUU2n0=
-125,-37,vUEV4VTmeJ9hb6jaabnzgym/DeU=,G9abL2QxeTDgywm5YPw4h6RrGUQ=
-127,-40,vUEV4VTmeJ9hb6jaabnzgym/DeU=,G9abL2QxeTDgywm5YPw4h6RrGUQ=
-126,-48,vUEV4VTmeJ9hb6jaabnzgym/DeU=,F+fH5pr4BpLt5fZwsEr5MTUU2n0=
-125,-47,vUEV4VTmeJ9hb6jaabnzgym/DeU=,F+fH5pr4BpLt5fZwsEr5MTUU2n0=
-127,-39,vUEV4VTmeJ9hb6jaabnzgym/DeU=,G9abL2QxeTDgywm5YPw4h6RrGUQ=
-127,-47,vUEV4VTmeJ9hb6jaabnzgym/DeU=,F+fH5pr4BpLt5fZwsEr5MTUU2n0=
-128,-43,vUEV4VTmeJ9hb6jaabnzgym/DeU=,F+fH5pr4BpLt5fZwsEr5MTUU2n0=
-128,-37,vUEV4VTmeJ9hb6jaabnzgym/DeU=,G9abL2QxeTDgywm5YPw4h6RrGUQ=
-125,-48,vUEV4VTmeJ9hb6jaabnzgym/DeU=,F+fH5pr4BpLt5fZwsEr5MTUU2n0=
-126,-47,vUEV4VTmeJ9hb6jaabnzgym/DeU=,F+fH5pr4BpLt5fZwsEr5MTUU2n0=
-126,-37,vUEV4VTmeJ9hb6jaabnzgym/DeU=,G9abL2QxeTDgywm5YPw4h6RrGUQ=
-128,-44,vUEV4VTmeJ9hb6jaabnzgym/DeU=,F+fH5pr4BpLt5fZwsEr5MTUU2n0=
-127,-38,vUEV4VTmeJ9hb6jaabnzgym/DeU=,G9abL2QxeTDgywm5YPw4h6RrGUQ=
-127,-42,vUEV4VTmeJ9hb6jaabnzgym/DeU=,F+fH5pr4BpLt5fZwsEr5MTUU2n0=
-127,-43,vUEV4VTmeJ9hb6jaabnzgym/DeU=,F+fH5pr4BpLt5fZwsEr5MTUU2n0=
-126,-38,vUEV4VTmeJ9hb6jaabnzgym/DeU=,G9abL2QxeTDgywm5YPw4h6RrGUQ=
-127,-37,vUEV4VTmeJ9hb6jaabnzgym/DeU=,G9abL2QxeTDgywm5YPw4h6RrGUQ=
-125,-43,vUEV4VTmeJ9hb6jaabnzgym/DeU=,F+fH5pr4BpLt5fZwsEr5MTUU2n0=
-128,-39,vUEV4VTmeJ9hb6jaabnzgym/DeU=,G9abL2QxeTDgywm5YPw4h6RrGUQ=
-125,-40,vUEV4VTmeJ9hb6jaabnzgym/DeU=,G9abL2QxeTDgywm5YPw4h6RrGUQ=
-126,-43,vUEV4VTmeJ9hb6jaabnzgym/DeU=,F+fH5pr4BpLt5fZwsEr5MTUU2n0=
-128,-38,vUEV4VTmeJ9hb6jaabnzgym/DeU=,G9abL2QxeTDgywm5YPw4h6RrGUQ=
-126,-40,vUEV4VTmeJ9hb6jaabnzgym/DeU=,G9abL2QxeTDgywm5YPw4h6RrGUQ=
-126,-36,vUEV4VTmeJ9hb6jaabnzgym/DeU=,G9abL2QxeTDgywm5YPw4h6RrGUQ=
-127,-35,vUEV4VTmeJ9hb6jaabnzgym/DeU=,G9abL2QxeTDgywm5YPw4h6RrGUQ=
-125,-36,vUEV4VTmeJ9hb6jaabnzgym/DeU=,G9abL2QxeTDgywm5YPw4h6RrGUQ=
-125,-33,vUEV4VTmeJ9hb6jaabnzgym/DeU=,G9abL2QxeTDgywm5YPw4h6RrGUQ=
-128,-33,vUEV4VTmeJ9hb6jaabnzgym/DeU=,G9abL2QxeTDgywm5YPw4h6RrGUQ=
-126,-35,vUEV4VTmeJ9hb6jaabnzgym/DeU=,G9abL2QxeTDgywm5YPw4h6RrGUQ=
-126,-33,vUEV4VTmeJ9hb6jaabnzgym/DeU=,G9abL2QxeTDgywm5YPw4h6RrGUQ=
-127,-33,vUEV4VTmeJ9hb6jaabnzgym/DeU=,G9abL2QxeTDgywm5YPw4h6RrGUQ=
-125,-35,vUEV4VTmeJ9hb6jaabnzgym/DeU=,G9abL2QxeTDgywm5YPw4h6RrGUQ=
-127,-34,vUEV4VTmeJ9hb6jaabnzgym/DeU=,G9abL2QxeTDgywm5YPw4h6RrGUQ=
-127,-36,vUEV4VTmeJ9hb6jaabnzgym/DeU=,G9abL2QxeTDgywm5YPw4h6RrGUQ=
-128,-34,vUEV4VTmeJ9hb6jaabnzgym/DeU=,G9abL2QxeTDgywm5YPw4h6RrGUQ=
-128,-35,vUEV4VTmeJ9hb6jaabnzgym/DeU=,G9abL2QxeTDgywm5YPw4h6RrGUQ=
-126,-34,vUEV4VTmeJ9hb6jaabnzgym/DeU=,G9abL2QxeTDgywm5YPw4h6RrGUQ=
-125,-34,vUEV4VTmeJ9hb6jaabnzgym/DeU=,G9abL2QxeTDgywm5YPw4h6RrGUQ=
-128,-36,vUEV4VTmeJ9hb6jaabnzgym/DeU=,G9abL2QxeTDgywm5YPw4h6RrGUQ=
-115,-46,vUEV4VTmeJ9hb6jaabnzgym/DeU=,4vizPC0vVxhBEki+pYXidUcJoXo=
-116,-47,vUEV4VTmeJ9hb6jaabnzgym/DeU=,4vizPC0vVxhBEki+pYXidUcJoXo=
-116,-45,vUEV4VTmeJ9hb6jaabnzgym/DeU=,4vizPC0vVxhBEki+pYXidUcJoXo=
-115,-45,vUEV4VTmeJ9hb6jaabnzgym/DeU=,4vizPC0vVxhBEki+pYXidUcJoXo=
-114,-46,vUEV4VTmeJ9hb6jaabnzgym/DeU=,4vizPC0vVxhBEki+pYXidUcJoXo=
-113,-45,vUEV4VTmeJ9hb6jaabnzgym/DeU=,4vizPC0vVxhBEki+pYXidUcJoXo=
-116,-46,vUEV4VTmeJ9hb6jaabnzgym/DeU=,4vizPC0vVxhBEki+pYXidUcJoXo=
-116,-48,vUEV4VTmeJ9hb6jaabnzgym/DeU=,4vizPC0vVxhBEki+pYXidUcJoXo=
-115,-47,vUEV4VTmeJ9hb6jaabnzgym/DeU=,4vizPC0vVxhBEki+pYXidUcJoXo=
-113,-47,vUEV4VTmeJ9hb6jaabnzgym/DeU=,4vizPC0vVxhBEki+pYXidUcJoXo=
-114,-47,vUEV4VTmeJ9hb6jaabnzgym/DeU=,4vizPC0vVxhBEki+pYXidUcJoXo=
-114,-45,vUEV4VTmeJ9hb6jaabnzgym/DeU=,4vizPC0vVxhBEki+pYXidUcJoXo=
-113,-46,vUEV4VTmeJ9hb6jaabnzgym/DeU=,4vizPC0vVxhBEki+pYXidUcJoXo=
-113,-48,vUEV4VTmeJ9hb6jaabnzgym/DeU=,4vizPC0vVxhBEki+pYXidUcJoXo=
-122,-33,vUEV4VTmeJ9hb6jaabnzgym/DeU=,G9abL2QxeTDgywm5YPw4h6RrGUQ=
-123,-33,vUEV4VTmeJ9hb6jaabnzgym/DeU=,G9abL2QxeTDgywm5YPw4h6RrGUQ=
-114,-48,vUEV4VTmeJ9hb6jaabnzgym/DeU=,4vizPC0vVxhBEki+pYXidUcJoXo=
-124,-33,vUEV4VTmeJ9hb6jaabnzgym/DeU=,G9abL2QxeTDgywm5YPw4h6RrGUQ=
-121,-34,vUEV4VTmeJ9hb6jaabnzgym/DeU=,G9abL2QxeTDgywm5YPw4h6RrGUQ=
-114,-36,vUEV4VTmeJ9hb6jaabnzgym/DeU=,m/cCep7yrc3OFpoi83mJ+N2DfXc=
-118,-35,vUEV4VTmeJ9hb6jaabnzgym/DeU=,m/cCep7yrc3OFpoi83mJ+N2DfXc=
-122,-34,vUEV4VTmeJ9hb6jaabnzgym/DeU=,G9abL2QxeTDgywm5YPw4h6RrGUQ=
-120,-34,vUEV4VTmeJ9hb6jaabnzgym/DeU=,m/cCep7yrc3OFpoi83mJ+N2DfXc=
-119,-35,vUEV4VTmeJ9hb6jaabnzgym/DeU=,m/cCep7yrc3OFpoi83mJ+N2DfXc=
-117,-35,vUEV4VTmeJ9hb6jaabnzgym/DeU=,m/cCep7yrc3OFpoi83mJ+N2DfXc=
-119,-34,vUEV4VTmeJ9hb6jaabnzgym/DeU=,m/cCep7yrc3OFpoi83mJ+N2DfXc=
-116,-35,vUEV4VTmeJ9hb6jaabnzgym/DeU=,m/cCep7yrc3OFpoi83mJ+N2DfXc=
-123,-34,vUEV4VTmeJ9hb6jaabnzgym/DeU=,G9abL2QxeTDgywm5YPw4h6RrGUQ=
-114,-35,vUEV4VTmeJ9hb6jaabnzgym/DeU=,m/cCep7yrc3OFpoi83mJ+N2DfXc=
-114,-34,vUEV4VTmeJ9hb6jaabnzgym/DeU=,m/cCep7yrc3OFpoi83mJ+N2DfXc=
-124,-34,vUEV4VTmeJ9hb6jaabnzgym/DeU=,G9abL2QxeTDgywm5YPw4h6RrGUQ=
-114,-33,vUEV4VTmeJ9hb6jaabnzgym/DeU=,m/cCep7yrc3OFpoi83mJ+N2DfXc=
-115,-48,vUEV4VTmeJ9hb6jaabnzgym/DeU=,4vizPC0vVxhBEki+pYXidUcJoXo=
-116,-33,vUEV4VTmeJ9hb6jaabnzgym/DeU=,m/cCep7yrc3OFpoi83mJ+N2DfXc=
-117,-36,vUEV4VTmeJ9hb6jaabnzgym/DeU=,m/cCep7yrc3OFpoi83mJ+N2DfXc=
-120,-35,vUEV4VTmeJ9hb6jaabnzgym/DeU=,m/cCep7yrc3OFpoi83mJ+N2DfXc=
-115,-36,vUEV4VTmeJ9hb6jaabnzgym/DeU=,m/cCep7yrc3OFpoi83mJ+N2DfXc=
-118,-34,vUEV4VTmeJ9hb6jaabnzgym/DeU=,m/cCep7yrc3OFpoi83mJ+N2DfXc=
-117,-34,vUEV4VTmeJ9hb6jaabnzgym/DeU=,m/cCep7yrc3OFpoi83mJ+N2DfXc=
-124,-36,vUEV4VTmeJ9hb6jaabnzgym/DeU=,G9abL2QxeTDgywm5YPw4h6RrGUQ=
-116,-34,vUEV4VTmeJ9hb6jaabnzgym/DeU=,m/cCep7yrc3OFpoi83mJ+N2DfXc=
-116,-36,vUEV4VTmeJ9hb6jaabnzgym/DeU=,m/cCep7yrc3OFpoi83mJ+N2DfXc=
-115,-35,vUEV4VTmeJ9hb6jaabnzgym/DeU=,m/cCep7yrc3OFpoi83mJ+N2DfXc=
-121,-33,vUEV4VTmeJ9hb6jaabnzgym/DeU=,G9abL2QxeTDgywm5YPw4h6RrGUQ=
-118,-36,vUEV4VTmeJ9hb6jaabnzgym/DeU=,m/cCep7yrc3OFpoi83mJ+N2DfXc=
-124,-35,vUEV4VTmeJ9hb6jaabnzgym/DeU=,G9abL2QxeTDgywm5YPw4h6RrGUQ=
-122,-35,vUEV4VTmeJ9hb6jaabnzgym/DeU=,G9abL2QxeTDgywm5YPw4h6RrGUQ=
-123,-35,vUEV4VTmeJ9hb6jaabnzgym/DeU=,G9abL2QxeTDgywm5YPw4h6RrGUQ=
-123,-36,vUEV4VTmeJ9hb6jaabnzgym/DeU=,G9abL2QxeTDgywm5YPw4h6RrGUQ=
-115,-34,vUEV4VTmeJ9hb6jaabnzgym/DeU=,m/cCep7yrc3OFpoi83mJ+N2DfXc=
-122,-36,vUEV4VTmeJ9hb6jaabnzgym/DeU=,G9abL2QxeTDgywm5YPw4h6RrGUQ=
-119,-36,vUEV4VTmeJ9hb6jaabnzgym/DeU=,m/cCep7yrc3OFpoi83mJ+N2DfXc=
-120,-33,vUEV4VTmeJ9hb6jaabnzgym/DeU=,m/cCep7yrc3OFpoi83mJ+N2DfXc=
-121,-35,vUEV4VTmeJ9hb6jaabnzgym/DeU=,G9abL2QxeTDgywm5YPw4h6RrGUQ=
-121,-36,vUEV4VTmeJ9hb6jaabnzgym/DeU=,G9abL2QxeTDgywm5YPw4h6RrGUQ=
-113,-35,vUEV4VTmeJ9hb6jaabnzgym/DeU=,m/cCep7yrc3OFpoi83mJ+N2DfXc=
-115,-33,vUEV4VTmeJ9hb6jaabnzgym/DeU=,m/cCep7yrc3OFpoi83mJ+N2DfXc=
-120,-36,vUEV4VTmeJ9hb6jaabnzgym/DeU=,m/cCep7yrc3OFpoi83mJ+N2DfXc=
-113,-36,vUEV4VTmeJ9hb6jaabnzgym/DeU=,m/cCep7yrc3OFpoi83mJ+N2DfXc=
-119,-33,vUEV4VTmeJ9hb6jaabnzgym/DeU=,m/cCep7yrc3OFpoi83mJ+N2DfXc=
-117,-33,vUEV4VTmeJ9hb6jaabnzgym/DeU=,m/cCep7yrc3OFpoi83mJ+N2DfXc=
-113,-34,vUEV4VTmeJ9hb6jaabnzgym/DeU=,m/cCep7yrc3OFpoi83mJ+N2DfXc=
-118,-33,vUEV4VTmeJ9hb6jaabnzgym/DeU=,m/cCep7yrc3OFpoi83mJ+N2DfXc=
-113,-33,vUEV4VTmeJ9hb6jaabnzgym/DeU=,m/cCep7yrc3OFpoi83mJ+N2DfXc=
