132,41,gUTGq5mZr1jTCxjF/r8ob92zHFY=,H6esHIuzDbWkDRY1vquWtgVurS4=
136,40,gUTGq5mZr1jTCxjF/r8ob92zHFY=,22+5G2g5AWUo7ZRRVo6w7oa5CuQ=
133,41,gUTGq5mZr1jTCxjF/r8ob92zHFY=,H6esHIuzDbWkDRY1vquWtgVurS4=
134,41,gUTGq5mZr1jTCxjF/r8ob92zHFY=,H6esHIuzDbWkDRY1vquWtgVurS4=
132,42,gUTGq5mZr1jTCxjF/r8ob92zHFY=,H6esHIuzDbWkDRY1vquWtgVurS4=
133,42,gUTGq5mZr1jTCxjF/r8ob92zHFY=,H6esHIuzDbWkDRY1vquWtgVurS4=
134,42,3j+fXa7vB4caMVe3HAeEjHeYUyE=,H6esHIuzDbWkDRY1vquWtgVurS4=
137,40,3j+fXa7vB4caMVe3HAeEjHeYUyE=,22+5G2g5AWUo7ZRRVo6w7oa5CuQ=
132,43,3j+fXa7vB4caMVe3HAeEjHeYUyE=,H6esHIuzDbWkDRY1vquWtgVurS4=
133,43,3j+fXa7vB4caMVe3HAeEjHeYUyE=,H6esHIuzDbWkDRY1vquWtgVurS4=
138,40,3j+fXa7vB4caMVe3HAeEjHeYUyE=,22+5G2g5AWUo7ZRRVo6w7oa5CuQ=
134,43,3j+fXa7vB4caMVe3HAeEjHeYUyE=,H6esHIuzDbWkDRY1vquWtgVurS4=
132,40,3j+fXa7vB4caMVe3HAeEjHeYUyE=,H6esHIuzDbWkDRY1vquWtgVurS4=
135,39,3j+fXa7vB4caMVe3HAeEjHeYUyE=,XplkVcOf73T3aN1gQzP9EIkGcYw=
137,36,3j+fXa7vB4caMVe3HAeEjHeYUyE=,0Nu0vJFohBb08La0/9OXhMkjCAs=
138,36,3j+fXa7vB4caMVe3HAeEjHeYUyE=,0Nu0vJFohBb08La0/9OXhMkjCAs=
134,40,3j+fXa7vB4caMVe3HAeEjHeYUyE=,H6esHIuzDbWkDRY1vquWtgVurS4=
133,40,3j+fXa7vB4caMVe3HAeEjHeYUyE=,H6esHIuzDbWkDRY1vquWtgVurS4=
136,36,3j+fXa7vB4caMVe3HAeEjHeYUyE=,0Nu0vJFohBb08La0/9OXhMkjCAs=
139,36,3j+fXa7vB4caMVe3HAeEjHeYUyE=,0Nu0vJFohBb08La0/9OXhMkjCAs=
135,41,3j+fXa7vB4caMVe3HAeEjHeYUyE=,H6esHIuzDbWkDRY1vquWtgVurS4=
140,38,3j+fXa7vB4caMVe3HAeEjHeYUyE=,0Nu0vJFohBb08La0/9OXhMkjCAs=
135,37,3j+fXa7vB4caMVe3HAeEjHeYUyE=,XplkVcOf73T3aN1gQzP9EIkGcYw=
141,38,3j+fXa7vB4caMVe3HAeEjHeYUyE=,0Nu0vJFohBb08La0/9OXhMkjCAs=
140,36,3j+fXa7vB4caMVe3HAeEjHeYUyE=,0Nu0vJFohBb08La0/9OXhMkjCAs=
135,42,3j+fXa7vB4caMVe3HAeEjHeYUyE=,H6esHIuzDbWkDRY1vquWtgVurS4=
140,40,3j+fXa7vB4caMVe3HAeEjHeYUyE=,22+5G2g5AWUo7ZRRVo6w7oa5CuQ=
136,37,3j+fXa7vB4caMVe3HAeEjHeYUyE=,0Nu0vJFohBb08La0/9OXhMkjCAs=
142,38,3j+fXa7vB4caMVe3HAeEjHeYUyE=,0Nu0vJFohBb08La0/9OXhMkjCAs=
143,38,3j+fXa7vB4caMVe3HAeEjHeYUyE=,0Nu0vJFohBb08La0/9OXhMkjCAs=
142,36,3j+fXa7vB4caMVe3HAeEjHeYUyE=,0Nu0vJFohBb08La0/9OXhMkjCAs=
139,40,3j+fXa7vB4caMVe3HAeEjHeYUyE=,22+5G2g5AWUo7ZRRVo6w7oa5CuQ=
143,39,3j+fXa7vB4caMVe3HAeEjHeYUyE=,0Nu0vJFohBb08La0/9OXhMkjCAs=
136,42,3j+fXa7vB4caMVe3HAeEjHeYUyE=,22+5G2g5AWUo7ZRRVo6w7oa5CuQ=
135,36,3j+fXa7vB4caMVe3HAeEjHeYUyE=,XplkVcOf73T3aN1gQzP9EIkGcYw=
138,42,3j+fXa7vB4caMVe3HAeEjHeYUyE=,22+5G2g5AWUo7ZRRVo6w7oa5CuQ=
137,42,3j+fXa7vB4caMVe3HAeEjHeYUyE=,22+5G2g5AWUo7ZRRVo6w7oa5CuQ=
141,36,3j+fXa7vB4caMVe3HAeEjHeYUyE=,0Nu0vJFohBb08La0/9OXhMkjCAs=
139,42,3j+fXa7vB4caMVe3HAeEjHeYUyE=,22+5G2g5AWUo7ZRRVo6w7oa5CuQ=
137,37,3j+fXa7vB4caMVe3HAeEjHeYUyE=,0Nu0vJFohBb08La0/9OXhMkjCAs=
138,37,3j+fXa7vB4caMVe3HAeEjHeYUyE=,0Nu0vJFohBb08La0/9OXhMkjCAs=
139,37,C2atualFxcyyql8wKEbkRSyTM4c=,0Nu0vJFohBb08La0/9OXhMkjCAs=
141,41,C2atualFxcyyql8wKEbkRSyTM4c=,22+5G2g5AWUo7ZRRVo6w7oa5CuQ=
140,41,C2atualFxcyyql8wKEbkRSyTM4c=,22+5G2g5AWUo7ZRRVo6w7oa5CuQ=
143,36,C2atualFxcyyql8wKEbkRSyTM4c=,0Nu0vJFohBb08La0/9OXhMkjCAs=
135,38,C2atualFxcyyql8wKEbkRSyTM4c=,XplkVcOf73T3aN1gQzP9EIkGcYw=
142,41,C2atualFxcyyql8wKEbkRSyTM4c=,22+5G2g5AWUo7ZRRVo6w7oa5CuQ=
134,38,C2atualFxcyyql8wKEbkRSyTM4c=,XplkVcOf73T3aN1gQzP9EIkGcYw=
134,36,C2atualFxcyyql8wKEbkRSyTM4c=,XplkVcOf73T3aN1gQzP9EIkGcYw=
133,39,C2atualFxcyyql8wKEbkRSyTM4c=,XplkVcOf73T3aN1gQzP9EIkGcYw=
143,41,C2atualFxcyyql8wKEbkRSyTM4c=,22+5G2g5AWUo7ZRRVo6w7oa5CuQ=
132,37,C2atualFxcyyql8wKEbkRSyTM4c=,XplkVcOf73T3aN1gQzP9EIkGcYw=
142,39,C2atualFxcyyql8wKEbkRSyTM4c=,0Nu0vJFohBb08La0/9OXhMkjCAs=
142,40,C2atualFxcyyql8wKEbkRSyTM4c=,22+5G2g5AWUo7ZRRVo6w7oa5CuQ=
140,37,C2atualFxcyyql8wKEbkRSyTM4c=,0Nu0vJFohBb08La0/9OXhMkjCAs=
141,37,C2atualFxcyyql8wKEbkRSyTM4c=,0Nu0vJFohBb08La0/9OXhMkjCAs=
135,43,C2atualFxcyyql8wKEbkRSyTM4c=,H6esHIuzDbWkDRY1vquWtgVurS4=
134,37,C2atualFxcyyql8wKEbkRSyTM4c=,XplkVcOf73T3aN1gQzP9EIkGcYw=
142,37,C2atualFxcyyql8wKEbkRSyTM4c=,0Nu0vJFohBb08La0/9OXhMkjCAs=
136,43,C2atualFxcyyql8wKEbkRSyTM4c=,22+5G2g5AWUo7ZRRVo6w7oa5CuQ=
132,38,C2atualFxcyyql8wKEbkRSyTM4c=,XplkVcOf73T3aN1gQzP9EIkGcYw=
133,38,C2atualFxcyyql8wKEbkRSyTM4c=,XplkVcOf73T3aN1gQzP9EIkGcYw=
137,43,C2atualFxcyyql8wKEbkRSyTM4c=,22+5G2g5AWUo7ZRRVo6w7oa5CuQ=
141,42,C2atualFxcyyql8wKEbkRSyTM4c=,22+5G2g5AWUo7ZRRVo6w7oa5CuQ=
133,37,C2atualFxcyyql8wKEbkRSyTM4c=,XplkVcOf73T3aN1gQzP9EIkGcYw=
138,43,C2atualFxcyyql8wKEbkRSyTM4c=,22+5G2g5AWUo7ZRRVo6w7oa5CuQ=
139,43,C2atualFxcyyql8wKEbkRSyTM4c=,22+5G2g5AWUo7ZRRVo6w7oa5CuQ=
140,42,C2atualFxcyyql8wKEbkRSyTM4c=,22+5G2g5AWUo7ZRRVo6w7oa5CuQ=
136,38,C2atualFxcyyql8wKEbkRSyTM4c=,0Nu0vJFohBb08La0/9OXhMkjCAs=
132,39,C2atualFxcyyql8wKEbkRSyTM4c=,XplkVcOf73T3aN1gQzP9EIkGcYw=
142,42,C2atualFxcyyql8wKEbkRSyTM4c=,22+5G2g5AWUo7ZRRVo6w7oa5CuQ=
138,38,C2atualFxcyyql8wKEbkRSyTM4c=,0Nu0vJFohBb08La0/9OXhMkjCAs=
137,38,C2atualFxcyyql8wKEbkRSyTM4c=,0Nu0vJFohBb08La0/9OXhMkjCAs=
132,36,C2atualFxcyyql8wKEbkRSyTM4c=,XplkVcOf73T3aN1gQzP9EIkGcYw=
139,38,C2atualFxcyyql8wKEbkRSyTM4c=,0Nu0vJFohBb08La0/9OXhMkjCAs=
136,39,C2atualFxcyyql8wKEbkRSyTM4c=,0Nu0vJFohBb08La0/9OXhMkjCAs=
133,36,C2atualFxcyyql8wKEbkRSyTM4c=,XplkVcOf73T3aN1gQzP9EIkGcYw=
134,39,C2atualFxcyyql8wKEbkRSyTM4c=,XplkVcOf73T3aN1gQzP9EIkGcYw=
139,41,C2atualFxcyyql8wKEbkRSyTM4c=,22+5G2g5AWUo7ZRRVo6w7oa5CuQ=
138,41,C2atualFxcyyql8wKEbkRSyTM4c=,22+5G2g5AWUo7ZRRVo6w7oa5CuQ=
139,39,C2atualFxcyyql8wKEbkRSyTM4c=,0Nu0vJFohBb08La0/9OXhMkjCAs=
135,40,C2atualFxcyyql8wKEbkRSyTM4c=,H6esHIuzDbWkDRY1vquWtgVurS4=
138,39,C2atualFxcyyql8wKEbkRSyTM4c=,0Nu0vJFohBb08La0/9OXhMkjCAs=
137,41,C2atualFxcyyql8wKEbkRSyTM4c=,22+5G2g5AWUo7ZRRVo6w7oa5CuQ=
136,41,C2atualFxcyyql8wKEbkRSyTM4c=,22+5G2g5AWUo7ZRRVo6w7oa5CuQ=
137,39,C2atualFxcyyql8wKEbkRSyTM4c=,0Nu0vJFohBb08La0/9OXhMkjCAs=
141,40,C2atualFxcyyql8wKEbkRSyTM4c=,22+5G2g5AWUo7ZRRVo6w7oa5CuQ=
141,39,C2atualFxcyyql8wKEbkRSyTM4c=,0Nu0vJFohBb08La0/9OXhMkjCAs=
140,43,C2atualFxcyyql8wKEbkRSyTM4c=,22+5G2g5AWUo7ZRRVo6w7oa5CuQ=
143,37,C2atualFxcyyql8wKEbkRSyTM4c=,0Nu0vJFohBb08La0/9OXhMkjCAs=
143,42,C2atualFxcyyql8wKEbkRSyTM4c=,22+5G2g5AWUo7ZRRVo6w7oa5CuQ=
141,43,C2atualFxcyyql8wKEbkRSyTM4c=,22+5G2g5AWUo7ZRRVo6w7oa5CuQ=
142,43,C2atualFxcyyql8wKEbkRSyTM4c=,22+5G2g5AWUo7ZRRVo6w7oa5CuQ=
140,39,C2atualFxcyyql8wKEbkRSyTM4c=,0Nu0vJFohBb08La0/9OXhMkjCAs=
143,40,C2atualFxcyyql8wKEbkRSyTM4c=,22+5G2g5AWUo7ZRRVo6w7oa5CuQ=
143,43,C2atualFxcyyql8wKEbkRSyTM4c=,22+5G2g5AWUo7ZRRVo6w7oa5CuQ=
143,47,C2atualFxcyyql8wKEbkRSyTM4c=,22+5G2g5AWUo7ZRRVo6w7oa5CuQ=
141,46,C2atualFxcyyql8wKEbkRSyTM4c=,22+5G2g5AWUo7ZRRVo6w7oa5CuQ=
143,46,C2atualFxcyyql8wKEbkRSyTM4c=,22+5G2g5AWUo7ZRRVo6w7oa5CuQ=
140,45,C2atualFxcyyql8wKEbkRSyTM4c=,22+5G2g5AWUo7ZRRVo6w7oa5CuQ=
143,45,C2atualFxcyyql8wKEbkRSyTM4c=,22+5G2g5AWUo7ZRRVo6w7oa5CuQ=
142,47,C2atualFxcyyql8wKEbkRSyTM4c=,22+5G2g5AWUo7ZRRVo6w7oa5CuQ=
140,44,C2atualFxcyyql8wKEbkRSyTM4c=,22+5G2g5AWUo7ZRRVo6w7oa5CuQ=
141,47,C2atualFxcyyql8wKEbkRSyTM4c=,22+5G2g5AWUo7ZRRVo6w7oa5CuQ=
140,46,C2atualFxcyyql8wKEbkRSyTM4c=,22+5G2g5AWUo7ZRRVo6w7oa5CuQ=
140,47,C2atualFxcyyql8wKEbkRSyTM4c=,22+5G2g5AWUo7ZRRVo6w7oa5CuQ=
141,45,C2atualFxcyyql8wKEbkRSyTM4c=,22+5G2g5AWUo7ZRRVo6w7oa5CuQ=
142,45,C2atualFxcyyql8wKEbkRSyTM4c=,22+5G2g5AWUo7ZRRVo6w7oa5CuQ=
142,46,C2atualFxcyyql8wKEbkRSyTM4c=,22+5G2g5AWUo7ZRRVo6w7oa5CuQ=
143,44,C2atualFxcyyql8wKEbkRSyTM4c=,22+5G2g5AWUo7ZRRVo6w7oa5CuQ=
142,44,C2atualFxcyyql8wKEbkRSyTM4c=,22+5G2g5AWUo7ZRRVo6w7oa5CuQ=
141,44,C2atualFxcyyql8wKEbkRSyTM4c=,22+5G2g5AWUo7ZRRVo6w7oa5CuQ=
139,44,C2atualFxcyyql8wKEbkRSyTM4c=,22+5G2g5AWUo7ZRRVo6w7oa5CuQ=
136,45,C2atualFxcyyql8wKEbkRSyTM4c=,22+5G2g5AWUo7ZRRVo6w7oa5CuQ=
137,45,C2atualFxcyyql8wKEbkRSyTM4c=,22+5G2g5AWUo7ZRRVo6w7oa5CuQ=
138,45,C2atualFxcyyql8wKEbkRSyTM4c=,22+5G2g5AWUo7ZRRVo6w7oa5CuQ=
135,45,C2atualFxcyyql8wKEbkRSyTM4c=,H6esHIuzDbWkDRY1vquWtgVurS4=
139,45,C2atualFxcyyql8wKEbkRSyTM4c=,22+5G2g5AWUo7ZRRVo6w7oa5CuQ=
134,47,C2atualFxcyyql8wKEbkRSyTM4c=,H6esHIuzDbWkDRY1vquWtgVurS4=
135,47,C2atualFxcyyql8wKEbkRSyTM4c=,H6esHIuzDbWkDRY1vquWtgVurS4=
133,47,C2atualFxcyyql8wKEbkRSyTM4c=,H6esHIuzDbWkDRY1vquWtgVurS4=
136,47,C2atualFxcyyql8wKEbkRSyTM4c=,22+5G2g5AWUo7ZRRVo6w7oa5CuQ=
132,44,C2atualFxcyyql8wKEbkRSyTM4c=,H6esHIuzDbWkDRY1vquWtgVurS4=
132,47,C2atualFxcyyql8wKEbkRSyTM4c=,H6esHIuzDbWkDRY1vquWtgVurS4=
133,44,C2atualFxcyyql8wKEbkRSyTM4c=,H6esHIuzDbWkDRY1vquWtgVurS4=
134,44,C2atualFxcyyql8wKEbkRSyTM4c=,H6esHIuzDbWkDRY1vquWtgVurS4=
132,45,C2atualFxcyyql8wKEbkRSyTM4c=,H6esHIuzDbWkDRY1vquWtgVurS4=
133,45,C2atualFxcyyql8wKEbkRSyTM4c=,H6esHIuzDbWkDRY1vquWtgVurS4=
132,46,C2atualFxcyyql8wKEbkRSyTM4c=,H6esHIuzDbWkDRY1vquWtgVurS4=
136,46,C2atualFxcyyql8wKEbkRSyTM4c=,22+5G2g5AWUo7ZRRVo6w7oa5CuQ=
134,45,C2atualFxcyyql8wKEbkRSyTM4c=,H6esHIuzDbWkDRY1vquWtgVurS4=
137,44,C2atualFxcyyql8wKEbkRSyTM4c=,22+5G2g5AWUo7ZRRVo6w7oa5CuQ=
133,46,C2atualFxcyyql8wKEbkRSyTM4c=,H6esHIuzDbWkDRY1vquWtgVurS4=
138,44,C2atualFxcyyql8wKEbkRSyTM4c=,22+5G2g5AWUo7ZRRVo6w7oa5CuQ=
134,46,C2atualFxcyyql8wKEbkRSyTM4c=,H6esHIuzDbWkDRY1vquWtgVurS4=
135,44,C2atualFxcyyql8wKEbkRSyTM4c=,H6esHIuzDbWkDRY1vquWtgVurS4=
136,44,C2atualFxcyyql8wKEbkRSyTM4c=,22+5G2g5AWUo7ZRRVo6w7oa5CuQ=
139,47,C2atualFxcyyql8wKEbkRSyTM4c=,22+5G2g5AWUo7ZRRVo6w7oa5CuQ=
137,47,C2atualFxcyyql8wKEbkRSyTM4c=,22+5G2g5AWUo7ZRRVo6w7oa5CuQ=
139,46,C2atualFxcyyql8wKEbkRSyTM4c=,22+5G2g5AWUo7ZRRVo6w7oa5CuQ=
135,46,C2atualFxcyyql8wKEbkRSyTM4c=,H6esHIuzDbWkDRY1vquWtgVurS4=
138,46,C2atualFxcyyql8wKEbkRSyTM4c=,22+5G2g5AWUo7ZRRVo6w7oa5CuQ=
138,47,C2atualFxcyyql8wKEbkRSyTM4c=,22+5G2g5AWUo7ZRRVo6w7oa5CuQ=
137,46,C2atualFxcyyql8wKEbkRSyTM4c=,22+5G2g5AWUo7ZRRVo6w7oa5CuQ=
128,46,C2atualFxcyyql8wKEbkRSyTM4c=,H6esHIuzDbWkDRY1vquWtgVurS4=
129,37,C2atualFxcyyql8wKEbkRSyTM4c=,XplkVcOf73T3aN1gQzP9EIkGcYw=
128,39,C2atualFxcyyql8wKEbkRSyTM4c=,XplkVcOf73T3aN1gQzP9EIkGcYw=
130,42,C2atualFxcyyql8wKEbkRSyTM4c=,H6esHIuzDbWkDRY1vquWtgVurS4=
130,41,C2atualFxcyyql8wKEbkRSyTM4c=,H6esHIuzDbWkDRY1vquWtgVurS4=
130,37,C2atualFxcyyql8wKEbkRSyTM4c=,XplkVcOf73T3aN1gQzP9EIkGcYw=
130,43,C2atualFxcyyql8wKEbkRSyTM4c=,H6esHIuzDbWkDRY1vquWtgVurS4=
129,43,C2atualFxcyyql8wKEbkRSyTM4c=,H6esHIuzDbWkDRY1vquWtgVurS4=
131,42,C2atualFxcyyql8wKEbkRSyTM4c=,H6esHIuzDbWkDRY1vquWtgVurS4=
131,37,C2atualFxcyyql8wKEbkRSyTM4c=,XplkVcOf73T3aN1gQzP9EIkGcYw=
129,42,C2atualFxcyyql8wKEbkRSyTM4c=,H6esHIuzDbWkDRY1vquWtgVurS4=
129,41,C2atualFxcyyql8wKEbkRSyTM4c=,H6esHIuzDbWkDRY1vquWtgVurS4=
131,41,C2atualFxcyyql8wKEbkRSyTM4c=,H6esHIuzDbWkDRY1vquWtgVurS4=
129,38,C2atualFxcyyql8wKEbkRSyTM4c=,XplkVcOf73T3aN1gQzP9EIkGcYw=
128,36,C2atualFxcyyql8wKEbkRSyTM4c=,XplkVcOf73T3aN1gQzP9EIkGcYw=
128,47,C2atualFxcyyql8wKEbkRSyTM4c=,H6esHIuzDbWkDRY1vquWtgVurS4=
130,44,C2atualFxcyyql8wKEbkRSyTM4c=,H6esHIuzDbWkDRY1vquWtgVurS4=
129,44,C2atualFxcyyql8wKEbkRSyTM4c=,H6esHIuzDbWkDRY1vquWtgVurS4=
129,45,C2atualFxcyyql8wKEbkRSyTM4c=,H6esHIuzDbWkDRY1vquWtgVurS4=
131,44,C2atualFxcyyql8wKEbkRSyTM4c=,H6esHIuzDbWkDRY1vquWtgVurS4=
131,43,C2atualFxcyyql8wKEbkRSyTM4c=,H6esHIuzDbWkDRY1vquWtgVurS4=
130,45,C2atualFxcyyql8wKEbkRSyTM4c=,H6esHIuzDbWkDRY1vquWtgVurS4=
131,45,C2atualFxcyyql8wKEbkRSyTM4c=,H6esHIuzDbWkDRY1vquWtgVurS4=
131,38,C2atualFxcyyql8wKEbkRSyTM4c=,XplkVcOf73T3aN1gQzP9EIkGcYw=
129,40,C2atualFxcyyql8wKEbkRSyTM4c=,H6esHIuzDbWkDRY1vquWtgVurS4=
130,38,C2atualFxcyyql8wKEbkRSyTM4c=,XplkVcOf73T3aN1gQzP9EIkGcYw=
129,46,C2atualFxcyyql8wKEbkRSyTM4c=,H6esHIuzDbWkDRY1vquWtgVurS4=
128,38,C2atualFxcyyql8wKEbkRSyTM4c=,XplkVcOf73T3aN1gQzP9EIkGcYw=
130,36,C2atualFxcyyql8wKEbkRSyTM4c=,XplkVcOf73T3aN1gQzP9EIkGcYw=
128,40,C2atualFxcyyql8wKEbkRSyTM4c=,H6esHIuzDbWkDRY1vquWtgVurS4=
131,36,C2atualFxcyyql8wKEbkRSyTM4c=,XplkVcOf73T3aN1gQzP9EIkGcYw=
131,46,C2atualFxcyyql8wKEbkRSyTM4c=,H6esHIuzDbWkDRY1vquWtgVurS4=
130,46,C2atualFxcyyql8wKEbkRSyTM4c=,H6esHIuzDbWkDRY1vquWtgVurS4=
129,39,C2atualFxcyyql8wKEbkRSyTM4c=,XplkVcOf73T3aN1gQzP9EIkGcYw=
131,47,C2atualFxcyyql8wKEbkRSyTM4c=,H6esHIuzDbWkDRY1vquWtgVurS4=
131,40,C2atualFxcyyql8wKEbkRSyTM4c=,H6esHIuzDbWkDRY1vquWtgVurS4=
130,39,C2atualFxcyyql8wKEbkRSyTM4c=,XplkVcOf73T3aN1gQzP9EIkGcYw=
129,36,C2atualFxcyyql8wKEbkRSyTM4c=,XplkVcOf73T3aN1gQzP9EIkGcYw=
130,40,C2atualFxcyyql8wKEbkRSyTM4c=,H6esHIuzDbWkDRY1vquWtgVurS4=
130,47,C2atualFxcyyql8wKEbkRSyTM4c=,H6esHIuzDbWkDRY1vquWtgVurS4=
128,45,C2atualFxcyyql8wKEbkRSyTM4c=,H6esHIuzDbWkDRY1vquWtgVurS4=
129,47,C2atualFxcyyql8wKEbkRSyTM4c=,H6esHIuzDbWkDRY1vquWtgVurS4=
128,37,C2atualFxcyyql8wKEbkRSyTM4c=,XplkVcOf73T3aN1gQzP9EIkGcYw=
131,39,C2atualFxcyyql8wKEbkRSyTM4c=,XplkVcOf73T3aN1gQzP9EIkGcYw=
128,44,C2atualFxcyyql8wKEbkRSyTM4c=,H6esHIuzDbWkDRY1vquWtgVurS4=
128,43,C2atualFxcyyql8wKEbkRSyTM4c=,H6esHIuzDbWkDRY1vquWtgVurS4=
128,42,C2atualFxcyyql8wKEbkRSyTM4c=,H6esHIuzDbWkDRY1vquWtgVurS4=
128,32,C2atualFxcyyql8wKEbkRSyTM4c=,XplkVcOf73T3aN1gQzP9EIkGcYw=
130,34,C2atualFxcyyql8wKEbkRSyTM4c=,XplkVcOf73T3aN1gQzP9EIkGcYw=
130,33,C2atualFxcyyql8wKEbkRSyTM4c=,XplkVcOf73T3aN1gQzP9EIkGcYw=
129,33,C2atualFxcyyql8wKEbkRSyTM4c=,XplkVcOf73T3aN1gQzP9EIkGcYw=
128,41,C2atualFxcyyql8wKEbkRSyTM4c=,H6esHIuzDbWkDRY1vquWtgVurS4=
131,34,C2atualFxcyyql8wKEbkRSyTM4c=,XplkVcOf73T3aN1gQzP9EIkGcYw=
129,35,C2atualFxcyyql8wKEbkRSyTM4c=,XplkVcOf73T3aN1gQzP9EIkGcYw=
128,34,C2atualFxcyyql8wKEbkRSyTM4c=,XplkVcOf73T3aN1gQzP9EIkGcYw=
130,35,C2atualFxcyyql8wKEbkRSyTM4c=,XplkVcOf73T3aN1gQzP9EIkGcYw=
129,34,C2atualFxcyyql8wKEbkRSyTM4c=,XplkVcOf73T3aN1gQzP9EIkGcYw=
135,32,C2atualFxcyyql8wKEbkRSyTM4c=,XplkVcOf73T3aN1gQzP9EIkGcYw=
128,33,C2atualFxcyyql8wKEbkRSyTM4c=,XplkVcOf73T3aN1gQzP9EIkGcYw=
128,35,C2atualFxcyyql8wKEbkRSyTM4c=,XplkVcOf73T3aN1gQzP9EIkGcYw=
131,35,C2atualFxcyyql8wKEbkRSyTM4c=,XplkVcOf73T3aN1gQzP9EIkGcYw=
131,33,C2atualFxcyyql8wKEbkRSyTM4c=,XplkVcOf73T3aN1gQzP9EIkGcYw=
130,32,C2atualFxcyyql8wKEbkRSyTM4c=,XplkVcOf73T3aN1gQzP9EIkGcYw=
140,33,C2atualFxcyyql8wKEbkRSyTM4c=,0Nu0vJFohBb08La0/9OXhMkjCAs=
133,32,C2atualFxcyyql8wKEbkRSyTM4c=,XplkVcOf73T3aN1gQzP9EIkGcYw=
143,32,C2atualFxcyyql8wKEbkRSyTM4c=,0Nu0vJFohBb08La0/9OXhMkjCAs=
141,33,C2atualFxcyyql8wKEbkRSyTM4c=,0Nu0vJFohBb08La0/9OXhMkjCAs=
129,32,C2atualFxcyyql8wKEbkRSyTM4c=,XplkVcOf73T3aN1gQzP9EIkGcYw=
136,33,C2atualFxcyyql8wKEbkRSyTM4c=,0Nu0vJFohBb08La0/9OXhMkjCAs=
139,33,C2atualFxcyyql8wKEbkRSyTM4c=,0Nu0vJFohBb08La0/9OXhMkjCAs=
137,33,C2atualFxcyyql8wKEbkRSyTM4c=,0Nu0vJFohBb08La0/9OXhMkjCAs=
143,33,C2atualFxcyyql8wKEbkRSyTM4c=,0Nu0vJFohBb08La0/9OXhMkjCAs=
142,33,C2atualFxcyyql8wKEbkRSyTM4c=,0Nu0vJFohBb08La0/9OXhMkjCAs=
132,32,C2atualFxcyyql8wKEbkRSyTM4c=,XplkVcOf73T3aN1gQzP9EIkGcYw=
132,34,C2atualFxcyyql8wKEbkRSyTM4c=,XplkVcOf73T3aN1gQzP9EIkGcYw=
142,32,C2atualFxcyyql8wKEbkRSyTM4c=,0Nu0vJFohBb08La0/9OXhMkjCAs=
132,33,C2atualFxcyyql8wKEbkRSyTM4c=,XplkVcOf73T3aN1gQzP9EIkGcYw=
133,33,C2atualFxcyyql8wKEbkRSyTM4c=,XplkVcOf73T3aN1gQzP9EIkGcYw=
134,34,C2atualFxcyyql8wKEbkRSyTM4c=,XplkVcOf73T3aN1gQzP9EIkGcYw=
131,32,C2atualFxcyyql8wKEbkRSyTM4c=,XplkVcOf73T3aN1gQzP9EIkGcYw=
138,33,C2atualFxcyyql8wKEbkRSyTM4c=,0Nu0vJFohBb08La0/9OXhMkjCAs=
133,34,C2atualFxcyyql8wKEbkRSyTM4c=,XplkVcOf73T3aN1gQzP9EIkGcYw=
136,34,C2atualFxcyyql8wKEbkRSyTM4c=,0Nu0vJFohBb08La0/9OXhMkjCAs=
132,35,C2atualFxcyyql8wKEbkRSyTM4c=,XplkVcOf73T3aN1gQzP9EIkGcYw=
141,34,C2atualFxcyyql8wKEbkRSyTM4c=,0Nu0vJFohBb08La0/9OXhMkjCAs=
134,32,C2atualFxcyyql8wKEbkRSyTM4c=,XplkVcOf73T3aN1gQzP9EIkGcYw=
142,34,C2atualFxcyyql8wKEbkRSyTM4c=,0Nu0vJFohBb08La0/9OXhMkjCAs=
140,34,C2atualFxcyyql8wKEbkRSyTM4c=,0Nu0vJFohBb08La0/9OXhMkjCAs=
141,32,C2atualFxcyyql8wKEbkRSyTM4c=,0Nu0vJFohBb08La0/9OXhMkjCAs=
137,34,C2atualFxcyyql8wKEbkRSyTM4c=,0Nu0vJFohBb08La0/9OXhMkjCAs=
138,34,C2atualFxcyyql8wKEbkRSyTM4c=,0Nu0vJFohBb08La0/9OXhMkjCAs=
134,33,C2atualFxcyyql8wKEbkRSyTM4c=,XplkVcOf73T3aN1gQzP9EIkGcYw=
139,34,C2atualFxcyyql8wKEbkRSyTM4c=,0Nu0vJFohBb08La0/9OXhMkjCAs=
143,34,C2atualFxcyyql8wKEbkRSyTM4c=,0Nu0vJFohBb08La0/9OXhMkjCAs=
133,35,C2atualFxcyyql8wKEbkRSyTM4c=,XplkVcOf73T3aN1gQzP9EIkGcYw=
135,34,C2atualFxcyyql8wKEbkRSyTM4c=,XplkVcOf73T3aN1gQzP9EIkGcYw=
134,35,C2atualFxcyyql8wKEbkRSyTM4c=,XplkVcOf73T3aN1gQzP9EIkGcYw=
140,35,C2atualFxcyyql8wKEbkRSyTM4c=,0Nu0vJFohBb08La0/9OXhMkjCAs=
136,35,C2atualFxcyyql8wKEbkRSyTM4c=,0Nu0vJFohBb08La0/9OXhMkjCAs=
141,35,C2atualFxcyyql8wKEbkRSyTM4c=,0Nu0vJFohBb08La0/9OXhMkjCAs=
140,32,C2atualFxcyyql8wKEbkRSyTM4c=,0Nu0vJFohBb08La0/9OXhMkjCAs=
137,35,C2atualFxcyyql8wKEbkRSyTM4c=,0Nu0vJFohBb08La0/9OXhMkjCAs=
142,35,C2atualFxcyyql8wKEbkRSyTM4c=,0Nu0vJFohBb08La0/9OXhMkjCAs=
143,35,C2atualFxcyyql8wKEbkRSyTM4c=,0Nu0vJFohBb08La0/9OXhMkjCAs=
135,35,C2atualFxcyyql8wKEbkRSyTM4c=,XplkVcOf73T3aN1gQzP9EIkGcYw=
138,35,C2atualFxcyyql8wKEbkRSyTM4c=,0Nu0vJFohBb08La0/9OXhMkjCAs=
135,33,C2atualFxcyyql8wKEbkRSyTM4c=,XplkVcOf73T3aN1gQzP9EIkGcYw=
139,35,C2atualFxcyyql8wKEbkRSyTM4c=,0Nu0vJFohBb08La0/9OXhMkjCAs=
138,32,C2atualFxcyyql8wKEbkRSyTM4c=,0Nu0vJFohBb08La0/9OXhMkjCAs=
139,32,C2atualFxcyyql8wKEbkRSyTM4c=,0Nu0vJFohBb08La0/9OXhMkjCAs=
136,32,C2atualFxcyyql8wKEbkRSyTM4c=,0Nu0vJFohBb08La0/9OXhMkjCAs=
137,32,C2atualFxcyyql8wKEbkRSyTM4c=,0Nu0vJFohBb08La0/9OXhMkjCAs=
143,55,LRGerjBtdEjR4nQgGRpPsP06KO8=,Gp221KbYJD0EN74KNEGW7He3gBo=
143,54,LRGerjBtdEjR4nQgGRpPsP06KO8=,Gp221KbYJD0EN74KNEGW7He3gBo=
142,54,LRGerjBtdEjR4nQgGRpPsP06KO8=,Gp221KbYJD0EN74KNEGW7He3gBo=
140,52,LRGerjBtdEjR4nQgGRpPsP06KO8=,Gp221KbYJD0EN74KNEGW7He3gBo=
142,52,LRGerjBtdEjR4nQgGRpPsP06KO8=,Gp221KbYJD0EN74KNEGW7He3gBo=
141,52,LRGerjBtdEjR4nQgGRpPsP06KO8=,Gp221KbYJD0EN74KNEGW7He3gBo=
142,55,LRGerjBtdEjR4nQgGRpPsP06KO8=,Gp221KbYJD0EN74KNEGW7He3gBo=
143,56,LTJpnPmdQRytI922ZFCwYkFMDf8=,MMXXbg9r9hXqI7SaVz2QBp4AtC8=
143,52,LTJpnPmdQRytI922ZFCwYkFMDf8=,Gp221KbYJD0EN74KNEGW7He3gBo=
141,57,LTJpnPmdQRytI922ZFCwYkFMDf8=,MMXXbg9r9hXqI7SaVz2QBp4AtC8=
140,55,LTJpnPmdQRytI922ZFCwYkFMDf8=,Gp221KbYJD0EN74KNEGW7He3gBo=
141,55,LTJpnPmdQRytI922ZFCwYkFMDf8=,Gp221KbYJD0EN74KNEGW7He3gBo=
140,57,LTJpnPmdQRytI922ZFCwYkFMDf8=,MMXXbg9r9hXqI7SaVz2QBp4AtC8=
140,54,LTJpnPmdQRytI922ZFCwYkFMDf8=,Gp221KbYJD0EN74KNEGW7He3gBo=
141,54,LTJpnPmdQRytI922ZFCwYkFMDf8=,Gp221KbYJD0EN74KNEGW7He3gBo=
143,53,LTJpnPmdQRytI922ZFCwYkFMDf8=,Gp221KbYJD0EN74KNEGW7He3gBo=
142,58,LTJpnPmdQRytI922ZFCwYkFMDf8=,MMXXbg9r9hXqI7SaVz2QBp4AtC8=
140,59,LTJpnPmdQRytI922ZFCwYkFMDf8=,MMXXbg9r9hXqI7SaVz2QBp4AtC8=
143,59,LTJpnPmdQRytI922ZFCwYkFMDf8=,MMXXbg9r9hXqI7SaVz2QBp4AtC8=
140,53,LTJpnPmdQRytI922ZFCwYkFMDf8=,Gp221KbYJD0EN74KNEGW7He3gBo=
141,59,LTJpnPmdQRytI922ZFCwYkFMDf8=,MMXXbg9r9hXqI7SaVz2QBp4AtC8=
140,58,LTJpnPmdQRytI922ZFCwYkFMDf8=,MMXXbg9r9hXqI7SaVz2QBp4AtC8=
142,53,LTJpnPmdQRytI922ZFCwYkFMDf8=,Gp221KbYJD0EN74KNEGW7He3gBo=
141,53,LTJpnPmdQRytI922ZFCwYkFMDf8=,Gp221KbYJD0EN74KNEGW7He3gBo=
141,56,LTJpnPmdQRytI922ZFCwYkFMDf8=,MMXXbg9r9hXqI7SaVz2QBp4AtC8=
142,59,LTJpnPmdQRytI922ZFCwYkFMDf8=,MMXXbg9r9hXqI7SaVz2QBp4AtC8=
141,58,LTJpnPmdQRytI922ZFCwYkFMDf8=,MMXXbg9r9hXqI7SaVz2QBp4AtC8=
142,57,LTJpnPmdQRytI922ZFCwYkFMDf8=,MMXXbg9r9hXqI7SaVz2QBp4AtC8=
140,56,LTJpnPmdQRytI922ZFCwYkFMDf8=,MMXXbg9r9hXqI7SaVz2QBp4AtC8=
142,56,LTJpnPmdQRytI922ZFCwYkFMDf8=,MMXXbg9r9hXqI7SaVz2QBp4AtC8=
143,57,LTJpnPmdQRytI922ZFCwYkFMDf8=,MMXXbg9r9hXqI7SaVz2QBp4AtC8=
143,58,LTJpnPmdQRytI922ZFCwYkFMDf8=,MMXXbg9r9hXqI7SaVz2QBp4AtC8=
134,55,LTJpnPmdQRytI922ZFCwYkFMDf8=,vX5xBuyUa4ZS4QMxbWHmF8lFgYE=
135,55,LTJpnPmdQRytI922ZFCwYkFMDf8=,vX5xBuyUa4ZS4QMxbWHmF8lFgYE=
136,55,LTJpnPmdQRytI922ZFCwYkFMDf8=,Gp221KbYJD0EN74KNEGW7He3gBo=
134,56,TNj1esAz7zihMeczmw9iXF8N/v4=,0+fPadxVIEiGOdleTLm3kP586RU=
133,55,TNj1esAz7zihMeczmw9iXF8N/v4=,vX5xBuyUa4ZS4QMxbWHmF8lFgYE=
137,58,TNj1esAz7zihMeczmw9iXF8N/v4=,MMXXbg9r9hXqI7SaVz2QBp4AtC8=
138,58,TNj1esAz7zihMeczmw9iXF8N/v4=,MMXXbg9r9hXqI7SaVz2QBp4AtC8=
132,57,TNj1esAz7zihMeczmw9iXF8N/v4=,0+fPadxVIEiGOdleTLm3kP586RU=
139,58,TNj1esAz7zihMeczmw9iXF8N/v4=,MMXXbg9r9hXqI7SaVz2QBp4AtC8=
138,59,TNj1esAz7zihMeczmw9iXF8N/v4=,MMXXbg9r9hXqI7SaVz2QBp4AtC8=
136,57,TNj1esAz7zihMeczmw9iXF8N/v4=,MMXXbg9r9hXqI7SaVz2QBp4AtC8=
139,59,TNj1esAz7zihMeczmw9iXF8N/v4=,MMXXbg9r9hXqI7SaVz2QBp4AtC8=
137,57,TNj1esAz7zihMeczmw9iXF8N/v4=,MMXXbg9r9hXqI7SaVz2QBp4AtC8=
137,59,TNj1esAz7zihMeczmw9iXF8N/v4=,MMXXbg9r9hXqI7SaVz2QBp4AtC8=
134,57,TNj1esAz7zihMeczmw9iXF8N/v4=,0+fPadxVIEiGOdleTLm3kP586RU=
139,54,TNj1esAz7zihMeczmw9iXF8N/v4=,Gp221KbYJD0EN74KNEGW7He3gBo=
135,56,TNj1esAz7zihMeczmw9iXF8N/v4=,0+fPadxVIEiGOdleTLm3kP586RU=
132,58,TNj1esAz7zihMeczmw9iXF8N/v4=,0+fPadxVIEiGOdleTLm3kP586RU=
133,58,TNj1esAz7zihMeczmw9iXF8N/v4=,0+fPadxVIEiGOdleTLm3kP586RU=
133,57,TNj1esAz7zihMeczmw9iXF8N/v4=,0+fPadxVIEiGOdleTLm3kP586RU=
134,58,u7RxP1+NnIxkGhH9Sv9y0hsoK6Q=,0+fPadxVIEiGOdleTLm3kP586RU=
132,59,u7RxP1+NnIxkGhH9Sv9y0hsoK6Q=,0+fPadxVIEiGOdleTLm3kP586RU=
135,57,u7RxP1+NnIxkGhH9Sv9y0hsoK6Q=,0+fPadxVIEiGOdleTLm3kP586RU=
138,57,u7RxP1+NnIxkGhH9Sv9y0hsoK6Q=,MMXXbg9r9hXqI7SaVz2QBp4AtC8=
139,57,u7RxP1+NnIxkGhH9Sv9y0hsoK6Q=,MMXXbg9r9hXqI7SaVz2QBp4AtC8=
133,56,u7RxP1+NnIxkGhH9Sv9y0hsoK6Q=,0+fPadxVIEiGOdleTLm3kP586RU=
135,58,u7RxP1+NnIxkGhH9Sv9y0hsoK6Q=,0+fPadxVIEiGOdleTLm3kP586RU=
136,56,u7RxP1+NnIxkGhH9Sv9y0hsoK6Q=,MMXXbg9r9hXqI7SaVz2QBp4AtC8=
132,55,u7RxP1+NnIxkGhH9Sv9y0hsoK6Q=,vX5xBuyUa4ZS4QMxbWHmF8lFgYE=
138,54,u7RxP1+NnIxkGhH9Sv9y0hsoK6Q=,Gp221KbYJD0EN74KNEGW7He3gBo=
133,59,u7RxP1+NnIxkGhH9Sv9y0hsoK6Q=,0+fPadxVIEiGOdleTLm3kP586RU=
137,56,u7RxP1+NnIxkGhH9Sv9y0hsoK6Q=,MMXXbg9r9hXqI7SaVz2QBp4AtC8=
134,59,u7RxP1+NnIxkGhH9Sv9y0hsoK6Q=,0+fPadxVIEiGOdleTLm3kP586RU=
132,56,u7RxP1+NnIxkGhH9Sv9y0hsoK6Q=,0+fPadxVIEiGOdleTLm3kP586RU=
135,59,u7RxP1+NnIxkGhH9Sv9y0hsoK6Q=,0+fPadxVIEiGOdleTLm3kP586RU=
138,56,u7RxP1+NnIxkGhH9Sv9y0hsoK6Q=,MMXXbg9r9hXqI7SaVz2QBp4AtC8=
139,56,u7RxP1+NnIxkGhH9Sv9y0hsoK6Q=,MMXXbg9r9hXqI7SaVz2QBp4AtC8=
136,59,u7RxP1+NnIxkGhH9Sv9y0hsoK6Q=,MMXXbg9r9hXqI7SaVz2QBp4AtC8=
136,58,u7RxP1+NnIxkGhH9Sv9y0hsoK6Q=,MMXXbg9r9hXqI7SaVz2QBp4AtC8=
137,54,u7RxP1+NnIxkGhH9Sv9y0hsoK6Q=,Gp221KbYJD0EN74KNEGW7He3gBo=
134,54,u7RxP1+NnIxkGhH9Sv9y0hsoK6Q=,vX5xBuyUa4ZS4QMxbWHmF8lFgYE=
132,53,u7RxP1+NnIxkGhH9Sv9y0hsoK6Q=,vX5xBuyUa4ZS4QMxbWHmF8lFgYE=
132,54,u7RxP1+NnIxkGhH9Sv9y0hsoK6Q=,vX5xBuyUa4ZS4QMxbWHmF8lFgYE=
134,53,u7RxP1+NnIxkGhH9Sv9y0hsoK6Q=,vX5xBuyUa4ZS4QMxbWHmF8lFgYE=
136,54,u7RxP1+NnIxkGhH9Sv9y0hsoK6Q=,Gp221KbYJD0EN74KNEGW7He3gBo=
133,53,u7RxP1+NnIxkGhH9Sv9y0hsoK6Q=,vX5xBuyUa4ZS4QMxbWHmF8lFgYE=
134,52,u7RxP1+NnIxkGhH9Sv9y0hsoK6Q=,vX5xBuyUa4ZS4QMxbWHmF8lFgYE=
135,54,u7RxP1+NnIxkGhH9Sv9y0hsoK6Q=,vX5xBuyUa4ZS4QMxbWHmF8lFgYE=
133,52,u7RxP1+NnIxkGhH9Sv9y0hsoK6Q=,vX5xBuyUa4ZS4QMxbWHmF8lFgYE=
132,52,u7RxP1+NnIxkGhH9Sv9y0hsoK6Q=,vX5xBuyUa4ZS4QMxbWHmF8lFgYE=
138,55,u7RxP1+NnIxkGhH9Sv9y0hsoK6Q=,Gp221KbYJD0EN74KNEGW7He3gBo=
135,52,u7RxP1+NnIxkGhH9Sv9y0hsoK6Q=,vX5xBuyUa4ZS4QMxbWHmF8lFgYE=
139,55,u7RxP1+NnIxkGhH9Sv9y0hsoK6Q=,Gp221KbYJD0EN74KNEGW7He3gBo=
133,54,u7RxP1+NnIxkGhH9Sv9y0hsoK6Q=,vX5xBuyUa4ZS4QMxbWHmF8lFgYE=
137,55,u7RxP1+NnIxkGhH9Sv9y0hsoK6Q=,Gp221KbYJD0EN74KNEGW7He3gBo=
136,52,u7RxP1+NnIxkGhH9Sv9y0hsoK6Q=,Gp221KbYJD0EN74KNEGW7He3gBo=
138,52,u7RxP1+NnIxkGhH9Sv9y0hsoK6Q=,Gp221KbYJD0EN74KNEGW7He3gBo=
137,52,u7RxP1+NnIxkGhH9Sv9y0hsoK6Q=,Gp221KbYJD0EN74KNEGW7He3gBo=
139,53,u7RxP1+NnIxkGhH9Sv9y0hsoK6Q=,Gp221KbYJD0EN74KNEGW7He3gBo=
139,52,u7RxP1+NnIxkGhH9Sv9y0hsoK6Q=,Gp221KbYJD0EN74KNEGW7He3gBo=
135,53,u7RxP1+NnIxkGhH9Sv9y0hsoK6Q=,vX5xBuyUa4ZS4QMxbWHmF8lFgYE=
136,53,u7RxP1+NnIxkGhH9Sv9y0hsoK6Q=,Gp221KbYJD0EN74KNEGW7He3gBo=
137,53,u7RxP1+NnIxkGhH9Sv9y0hsoK6Q=,Gp221KbYJD0EN74KNEGW7He3gBo=
138,53,u7RxP1+NnIxkGhH9Sv9y0hsoK6Q=,Gp221KbYJD0EN74KNEGW7He3gBo=
135,63,u7RxP1+NnIxkGhH9Sv9y0hsoK6Q=,0+fPadxVIEiGOdleTLm3kP586RU=
133,60,u7RxP1+NnIxkGhH9Sv9y0hsoK6Q=,0+fPadxVIEiGOdleTLm3kP586RU=
143,63,u7RxP1+NnIxkGhH9Sv9y0hsoK6Q=,MMXXbg9r9hXqI7SaVz2QBp4AtC8=
132,60,u7RxP1+NnIxkGhH9Sv9y0hsoK6Q=,0+fPadxVIEiGOdleTLm3kP586RU=
134,60,u7RxP1+NnIxkGhH9Sv9y0hsoK6Q=,0+fPadxVIEiGOdleTLm3kP586RU=
140,60,u7RxP1+NnIxkGhH9Sv9y0hsoK6Q=,MMXXbg9r9hXqI7SaVz2QBp4AtC8=
137,60,u7RxP1+NnIxkGhH9Sv9y0hsoK6Q=,MMXXbg9r9hXqI7SaVz2QBp4AtC8=
141,60,u7RxP1+NnIxkGhH9Sv9y0hsoK6Q=,MMXXbg9r9hXqI7SaVz2QBp4AtC8=
141,63,u7RxP1+NnIxkGhH9Sv9y0hsoK6Q=,MMXXbg9r9hXqI7SaVz2QBp4AtC8=
142,63,u7RxP1+NnIxkGhH9Sv9y0hsoK6Q=,MMXXbg9r9hXqI7SaVz2QBp4AtC8=
142,60,u7RxP1+NnIxkGhH9Sv9y0hsoK6Q=,MMXXbg9r9hXqI7SaVz2QBp4AtC8=
139,60,u7RxP1+NnIxkGhH9Sv9y0hsoK6Q=,MMXXbg9r9hXqI7SaVz2QBp4AtC8=
134,63,u7RxP1+NnIxkGhH9Sv9y0hsoK6Q=,0+fPadxVIEiGOdleTLm3kP586RU=
138,60,u7RxP1+NnIxkGhH9Sv9y0hsoK6Q=,MMXXbg9r9hXqI7SaVz2QBp4AtC8=
139,61,u7RxP1+NnIxkGhH9Sv9y0hsoK6Q=,MMXXbg9r9hXqI7SaVz2QBp4AtC8=
135,60,u7RxP1+NnIxkGhH9Sv9y0hsoK6Q=,0+fPadxVIEiGOdleTLm3kP586RU=
140,63,u7RxP1+NnIxkGhH9Sv9y0hsoK6Q=,MMXXbg9r9hXqI7SaVz2QBp4AtC8=
138,61,u7RxP1+NnIxkGhH9Sv9y0hsoK6Q=,MMXXbg9r9hXqI7SaVz2QBp4AtC8=
140,61,u7RxP1+NnIxkGhH9Sv9y0hsoK6Q=,MMXXbg9r9hXqI7SaVz2QBp4AtC8=
132,61,u7RxP1+NnIxkGhH9Sv9y0hsoK6Q=,0+fPadxVIEiGOdleTLm3kP586RU=
137,61,u7RxP1+NnIxkGhH9Sv9y0hsoK6Q=,MMXXbg9r9hXqI7SaVz2QBp4AtC8=
141,61,u7RxP1+NnIxkGhH9Sv9y0hsoK6Q=,MMXXbg9r9hXqI7SaVz2QBp4AtC8=
142,61,u7RxP1+NnIxkGhH9Sv9y0hsoK6Q=,MMXXbg9r9hXqI7SaVz2QBp4AtC8=
133,61,u7RxP1+NnIxkGhH9Sv9y0hsoK6Q=,0+fPadxVIEiGOdleTLm3kP586RU=
138,62,u7RxP1+NnIxkGhH9Sv9y0hsoK6Q=,MMXXbg9r9hXqI7SaVz2QBp4AtC8=
134,61,u7RxP1+NnIxkGhH9Sv9y0hsoK6Q=,0+fPadxVIEiGOdleTLm3kP586RU=
137,62,u7RxP1+NnIxkGhH9Sv9y0hsoK6Q=,MMXXbg9r9hXqI7SaVz2QBp4AtC8=
133,63,u7RxP1+NnIxkGhH9Sv9y0hsoK6Q=,0+fPadxVIEiGOdleTLm3kP586RU=
134,62,u7RxP1+NnIxkGhH9Sv9y0hsoK6Q=,0+fPadxVIEiGOdleTLm3kP586RU=
132,63,u7RxP1+NnIxkGhH9Sv9y0hsoK6Q=,0+fPadxVIEiGOdleTLm3kP586RU=
135,62,u7RxP1+NnIxkGhH9Sv9y0hsoK6Q=,0+fPadxVIEiGOdleTLm3kP586RU=
133,62,u7RxP1+NnIxkGhH9Sv9y0hsoK6Q=,0+fPadxVIEiGOdleTLm3kP586RU=
132,62,u7RxP1+NnIxkGhH9Sv9y0hsoK6Q=,0+fPadxVIEiGOdleTLm3kP586RU=
139,63,u7RxP1+NnIxkGhH9Sv9y0hsoK6Q=,MMXXbg9r9hXqI7SaVz2QBp4AtC8=
135,61,u7RxP1+NnIxkGhH9Sv9y0hsoK6Q=,0+fPadxVIEiGOdleTLm3kP586RU=
142,62,u7RxP1+NnIxkGhH9Sv9y0hsoK6Q=,MMXXbg9r9hXqI7SaVz2QBp4AtC8=
141,62,u7RxP1+NnIxkGhH9Sv9y0hsoK6Q=,MMXXbg9r9hXqI7SaVz2QBp4AtC8=
139,62,u7RxP1+NnIxkGhH9Sv9y0hsoK6Q=,MMXXbg9r9hXqI7SaVz2QBp4AtC8=
143,60,u7RxP1+NnIxkGhH9Sv9y0hsoK6Q=,MMXXbg9r9hXqI7SaVz2QBp4AtC8=
140,62,u7RxP1+NnIxkGhH9Sv9y0hsoK6Q=,MMXXbg9r9hXqI7SaVz2QBp4AtC8=
143,62,u7RxP1+NnIxkGhH9Sv9y0hsoK6Q=,MMXXbg9r9hXqI7SaVz2QBp4AtC8=
143,61,u7RxP1+NnIxkGhH9Sv9y0hsoK6Q=,MMXXbg9r9hXqI7SaVz2QBp4AtC8=
136,61,u7RxP1+NnIxkGhH9Sv9y0hsoK6Q=,MMXXbg9r9hXqI7SaVz2QBp4AtC8=
136,60,u7RxP1+NnIxkGhH9Sv9y0hsoK6Q=,MMXXbg9r9hXqI7SaVz2QBp4AtC8=
138,63,u7RxP1+NnIxkGhH9Sv9y0hsoK6Q=,MMXXbg9r9hXqI7SaVz2QBp4AtC8=
128,52,u7RxP1+NnIxkGhH9Sv9y0hsoK6Q=,vX5xBuyUa4ZS4QMxbWHmF8lFgYE=
128,53,u7RxP1+NnIxkGhH9Sv9y0hsoK6Q=,vX5xBuyUa4ZS4QMxbWHmF8lFgYE=
136,63,u7RxP1+NnIxkGhH9Sv9y0hsoK6Q=,MMXXbg9r9hXqI7SaVz2QBp4AtC8=
128,54,u7RxP1+NnIxkGhH9Sv9y0hsoK6Q=,vX5xBuyUa4ZS4QMxbWHmF8lFgYE=
129,52,u7RxP1+NnIxkGhH9Sv9y0hsoK6Q=,vX5xBuyUa4ZS4QMxbWHmF8lFgYE=
130,53,u7RxP1+NnIxkGhH9Sv9y0hsoK6Q=,vX5xBuyUa4ZS4QMxbWHmF8lFgYE=
129,53,u7RxP1+NnIxkGhH9Sv9y0hsoK6Q=,vX5xBuyUa4ZS4QMxbWHmF8lFgYE=
130,54,u7RxP1+NnIxkGhH9Sv9y0hsoK6Q=,vX5xBuyUa4ZS4QMxbWHmF8lFgYE=
136,62,u7RxP1+NnIxkGhH9Sv9y0hsoK6Q=,MMXXbg9r9hXqI7SaVz2QBp4AtC8=
131,53,u7RxP1+NnIxkGhH9Sv9y0hsoK6Q=,vX5xBuyUa4ZS4QMxbWHmF8lFgYE=
131,54,u7RxP1+NnIxkGhH9Sv9y0hsoK6Q=,vX5xBuyUa4ZS4QMxbWHmF8lFgYE=
129,54,u7RxP1+NnIxkGhH9Sv9y0hsoK6Q=,vX5xBuyUa4ZS4QMxbWHmF8lFgYE=
130,52,u7RxP1+NnIxkGhH9Sv9y0hsoK6Q=,vX5xBuyUa4ZS4QMxbWHmF8lFgYE=
137,63,u7RxP1+NnIxkGhH9Sv9y0hsoK6Q=,MMXXbg9r9hXqI7SaVz2QBp4AtC8=
131,52,u7RxP1+NnIxkGhH9Sv9y0hsoK6Q=,vX5xBuyUa4ZS4QMxbWHmF8lFgYE=
129,56,u7RxP1+NnIxkGhH9Sv9y0hsoK6Q=,0+fPadxVIEiGOdleTLm3kP586RU=
129,57,u7RxP1+NnIxkGhH9Sv9y0hsoK6Q=,0+fPadxVIEiGOdleTLm3kP586RU=
130,57,u7RxP1+NnIxkGhH9Sv9y0hsoK6Q=,0+fPadxVIEiGOdleTLm3kP586RU=
130,58,u7RxP1+NnIxkGhH9Sv9y0hsoK6Q=,0+fPadxVIEiGOdleTLm3kP586RU=
129,58,u7RxP1+NnIxkGhH9Sv9y0hsoK6Q=,0+fPadxVIEiGOdleTLm3kP586RU=
128,55,u7RxP1+NnIxkGhH9Sv9y0hsoK6Q=,vX5xBuyUa4ZS4QMxbWHmF8lFgYE=
131,58,u7RxP1+NnIxkGhH9Sv9y0hsoK6Q=,0+fPadxVIEiGOdleTLm3kP586RU=
130,59,u7RxP1+NnIxkGhH9Sv9y0hsoK6Q=,0+fPadxVIEiGOdleTLm3kP586RU=
131,57,u7RxP1+NnIxkGhH9Sv9y0hsoK6Q=,0+fPadxVIEiGOdleTLm3kP586RU=
130,56,u7RxP1+NnIxkGhH9Sv9y0hsoK6Q=,0+fPadxVIEiGOdleTLm3kP586RU=
129,59,u7RxP1+NnIxkGhH9Sv9y0hsoK6Q=,0+fPadxVIEiGOdleTLm3kP586RU=
130,55,u7RxP1+NnIxkGhH9Sv9y0hsoK6Q=,vX5xBuyUa4ZS4QMxbWHmF8lFgYE=
129,55,u7RxP1+NnIxkGhH9Sv9y0hsoK6Q=,vX5xBuyUa4ZS4QMxbWHmF8lFgYE=
131,56,u7RxP1+NnIxkGhH9Sv9y0hsoK6Q=,0+fPadxVIEiGOdleTLm3kP586RU=
128,57,u7RxP1+NnIxkGhH9Sv9y0hsoK6Q=,0+fPadxVIEiGOdleTLm3kP586RU=
128,56,u7RxP1+NnIxkGhH9Sv9y0hsoK6Q=,0+fPadxVIEiGOdleTLm3kP586RU=
131,59,u7RxP1+NnIxkGhH9Sv9y0hsoK6Q=,0+fPadxVIEiGOdleTLm3kP586RU=
131,55,u7RxP1+NnIxkGhH9Sv9y0hsoK6Q=,vX5xBuyUa4ZS4QMxbWHmF8lFgYE=
128,59,u7RxP1+NnIxkGhH9Sv9y0hsoK6Q=,0+fPadxVIEiGOdleTLm3kP586RU=
128,58,u7RxP1+NnIxkGhH9Sv9y0hsoK6Q=,0+fPadxVIEiGOdleTLm3kP586RU=
129,60,u7RxP1+NnIxkGhH9Sv9y0hsoK6Q=,0+fPadxVIEiGOdleTLm3kP586RU=
131,60,u7RxP1+NnIxkGhH9Sv9y0hsoK6Q=,0+fPadxVIEiGOdleTLm3kP586RU=
131,62,u7RxP1+NnIxkGhH9Sv9y0hsoK6Q=,0+fPadxVIEiGOdleTLm3kP586RU=
130,62,u7RxP1+NnIxkGhH9Sv9y0hsoK6Q=,0+fPadxVIEiGOdleTLm3kP586RU=
131,61,u7RxP1+NnIxkGhH9Sv9y0hsoK6Q=,0+fPadxVIEiGOdleTLm3kP586RU=
129,63,u7RxP1+NnIxkGhH9Sv9y0hsoK6Q=,0+fPadxVIEiGOdleTLm3kP586RU=
129,62,u7RxP1+NnIxkGhH9Sv9y0hsoK6Q=,0+fPadxVIEiGOdleTLm3kP586RU=
129,61,u7RxP1+NnIxkGhH9Sv9y0hsoK6Q=,0+fPadxVIEiGOdleTLm3kP586RU=
131,63,u7RxP1+NnIxkGhH9Sv9y0hsoK6Q=,0+fPadxVIEiGOdleTLm3kP586RU=
128,60,u7RxP1+NnIxkGhH9Sv9y0hsoK6Q=,0+fPadxVIEiGOdleTLm3kP586RU=
130,60,u7RxP1+NnIxkGhH9Sv9y0hsoK6Q=,0+fPadxVIEiGOdleTLm3kP586RU=
128,63,u7RxP1+NnIxkGhH9Sv9y0hsoK6Q=,0+fPadxVIEiGOdleTLm3kP586RU=
130,63,u7RxP1+NnIxkGhH9Sv9y0hsoK6Q=,0+fPadxVIEiGOdleTLm3kP586RU=
130,61,u7RxP1+NnIxkGhH9Sv9y0hsoK6Q=,0+fPadxVIEiGOdleTLm3kP586RU=
128,62,u7RxP1+NnIxkGhH9Sv9y0hsoK6Q=,0+fPadxVIEiGOdleTLm3kP586RU=
128,61,u7RxP1+NnIxkGhH9Sv9y0hsoK6Q=,0+fPadxVIEiGOdleTLm3kP586RU=
129,48,u7RxP1+NnIxkGhH9Sv9y0hsoK6Q=,vX5xBuyUa4ZS4QMxbWHmF8lFgYE=
128,48,u7RxP1+NnIxkGhH9Sv9y0hsoK6Q=,vX5xBuyUa4ZS4QMxbWHmF8lFgYE=
130,48,u7RxP1+NnIxkGhH9Sv9y0hsoK6Q=,vX5xBuyUa4ZS4QMxbWHmF8lFgYE=
135,48,u7RxP1+NnIxkGhH9Sv9y0hsoK6Q=,vX5xBuyUa4ZS4QMxbWHmF8lFgYE=
134,48,u7RxP1+NnIxkGhH9Sv9y0hsoK6Q=,vX5xBuyUa4ZS4QMxbWHmF8lFgYE=
136,48,u7RxP1+NnIxkGhH9Sv9y0hsoK6Q=,Gp221KbYJD0EN74KNEGW7He3gBo=
133,48,u7RxP1+NnIxkGhH9Sv9y0hsoK6Q=,vX5xBuyUa4ZS4QMxbWHmF8lFgYE=
141,51,u7RxP1+NnIxkGhH9Sv9y0hsoK6Q=,Gp221KbYJD0EN74KNEGW7He3gBo=
132,48,u7RxP1+NnIxkGhH9Sv9y0hsoK6Q=,vX5xBuyUa4ZS4QMxbWHmF8lFgYE=
141,50,u7RxP1+NnIxkGhH9Sv9y0hsoK6Q=,Gp221KbYJD0EN74KNEGW7He3gBo=
143,48,u7RxP1+NnIxkGhH9Sv9y0hsoK6Q=,Gp221KbYJD0EN74KNEGW7He3gBo=
141,49,u7RxP1+NnIxkGhH9Sv9y0hsoK6Q=,Gp221KbYJD0EN74KNEGW7He3gBo=
134,49,u7RxP1+NnIxkGhH9Sv9y0hsoK6Q=,vX5xBuyUa4ZS4QMxbWHmF8lFgYE=
142,50,u7RxP1+NnIxkGhH9Sv9y0hsoK6Q=,Gp221KbYJD0EN74KNEGW7He3gBo=
140,49,u7RxP1+NnIxkGhH9Sv9y0hsoK6Q=,Gp221KbYJD0EN74KNEGW7He3gBo=
143,50,u7RxP1+NnIxkGhH9Sv9y0hsoK6Q=,Gp221KbYJD0EN74KNEGW7He3gBo=
142,51,u7RxP1+NnIxkGhH9Sv9y0hsoK6Q=,Gp221KbYJD0EN74KNEGW7He3gBo=
140,51,u7RxP1+NnIxkGhH9Sv9y0hsoK6Q=,Gp221KbYJD0EN74KNEGW7He3gBo=
143,51,u7RxP1+NnIxkGhH9Sv9y0hsoK6Q=,Gp221KbYJD0EN74KNEGW7He3gBo=
132,51,u7RxP1+NnIxkGhH9Sv9y0hsoK6Q=,vX5xBuyUa4ZS4QMxbWHmF8lFgYE=
131,48,u7RxP1+NnIxkGhH9Sv9y0hsoK6Q=,vX5xBuyUa4ZS4QMxbWHmF8lFgYE=
132,49,u7RxP1+NnIxkGhH9Sv9y0hsoK6Q=,vX5xBuyUa4ZS4QMxbWHmF8lFgYE=
143,49,u7RxP1+NnIxkGhH9Sv9y0hsoK6Q=,Gp221KbYJD0EN74KNEGW7He3gBo=
128,50,u7RxP1+NnIxkGhH9Sv9y0hsoK6Q=,vX5xBuyUa4ZS4QMxbWHmF8lFgYE=
133,51,u7RxP1+NnIxkGhH9Sv9y0hsoK6Q=,vX5xBuyUa4ZS4QMxbWHmF8lFgYE=
134,51,u7RxP1+NnIxkGhH9Sv9y0hsoK6Q=,vX5xBuyUa4ZS4QMxbWHmF8lFgYE=
140,50,u7RxP1+NnIxkGhH9Sv9y0hsoK6Q=,Gp221KbYJD0EN74KNEGW7He3gBo=
130,51,u7RxP1+NnIxkGhH9Sv9y0hsoK6Q=,vX5xBuyUa4ZS4QMxbWHmF8lFgYE=
129,51,u7RxP1+NnIxkGhH9Sv9y0hsoK6Q=,vX5xBuyUa4ZS4QMxbWHmF8lFgYE=
129,49,u7RxP1+NnIxkGhH9Sv9y0hsoK6Q=,vX5xBuyUa4ZS4QMxbWHmF8lFgYE=
134,50,u7RxP1+NnIxkGhH9Sv9y0hsoK6Q=,vX5xBuyUa4ZS4QMxbWHmF8lFgYE=
131,49,u7RxP1+NnIxkGhH9Sv9y0hsoK6Q=,vX5xBuyUa4ZS4QMxbWHmF8lFgYE=
132,50,u7RxP1+NnIxkGhH9Sv9y0hsoK6Q=,vX5xBuyUa4ZS4QMxbWHmF8lFgYE=
133,49,u7RxP1+NnIxkGhH9Sv9y0hsoK6Q=,vX5xBuyUa4ZS4QMxbWHmF8lFgYE=
133,50,u7RxP1+NnIxkGhH9Sv9y0hsoK6Q=,vX5xBuyUa4ZS4QMxbWHmF8lFgYE=
135,49,u7RxP1+NnIxkGhH9Sv9y0hsoK6Q=,vX5xBuyUa4ZS4QMxbWHmF8lFgYE=
136,49,u7RxP1+NnIxkGhH9Sv9y0hsoK6Q=,Gp221KbYJD0EN74KNEGW7He3gBo=
137,49,u7RxP1+NnIxkGhH9Sv9y0hsoK6Q=,Gp221KbYJD0EN74KNEGW7He3gBo=
138,49,u7RxP1+NnIxkGhH9Sv9y0hsoK6Q=,Gp221KbYJD0EN74KNEGW7He3gBo=
136,50,u7RxP1+NnIxkGhH9Sv9y0hsoK6Q=,Gp221KbYJD0EN74KNEGW7He3gBo=
137,50,u7RxP1+NnIxkGhH9Sv9y0hsoK6Q=,Gp221KbYJD0EN74KNEGW7He3gBo=
139,49,u7RxP1+NnIxkGhH9Sv9y0hsoK6Q=,Gp221KbYJD0EN74KNEGW7He3gBo=
130,49,u7RxP1+NnIxkGhH9Sv9y0hsoK6Q=,vX5xBuyUa4ZS4QMxbWHmF8lFgYE=
138,50,u7RxP1+NnIxkGhH9Sv9y0hsoK6Q=,Gp221KbYJD0EN74KNEGW7He3gBo=
129,50,u7RxP1+NnIxkGhH9Sv9y0hsoK6Q=,vX5xBuyUa4ZS4QMxbWHmF8lFgYE=
139,50,u7RxP1+NnIxkGhH9Sv9y0hsoK6Q=,Gp221KbYJD0EN74KNEGW7He3gBo=
136,51,u7RxP1+NnIxkGhH9Sv9y0hsoK6Q=,Gp221KbYJD0EN74KNEGW7He3gBo=
137,51,u7RxP1+NnIxkGhH9Sv9y0hsoK6Q=,Gp221KbYJD0EN74KNEGW7He3gBo=
138,51,u7RxP1+NnIxkGhH9Sv9y0hsoK6Q=,Gp221KbYJD0EN74KNEGW7He3gBo=
135,50,u7RxP1+NnIxkGhH9Sv9y0hsoK6Q=,vX5xBuyUa4ZS4QMxbWHmF8lFgYE=
139,51,u7RxP1+NnIxkGhH9Sv9y0hsoK6Q=,Gp221KbYJD0EN74KNEGW7He3gBo=
135,51,u7RxP1+NnIxkGhH9Sv9y0hsoK6Q=,vX5xBuyUa4ZS4QMxbWHmF8lFgYE=
137,48,u7RxP1+NnIxkGhH9Sv9y0hsoK6Q=,Gp221KbYJD0EN74KNEGW7He3gBo=
138,48,u7RxP1+NnIxkGhH9Sv9y0hsoK6Q=,Gp221KbYJD0EN74KNEGW7He3gBo=
131,51,u7RxP1+NnIxkGhH9Sv9y0hsoK6Q=,vX5xBuyUa4ZS4QMxbWHmF8lFgYE=
139,48,u7RxP1+NnIxkGhH9Sv9y0hsoK6Q=,Gp221KbYJD0EN74KNEGW7He3gBo=
142,49,u7RxP1+NnIxkGhH9Sv9y0hsoK6Q=,Gp221KbYJD0EN74KNEGW7He3gBo=
128,49,u7RxP1+NnIxkGhH9Sv9y0hsoK6Q=,vX5xBuyUa4ZS4QMxbWHmF8lFgYE=
130,50,u7RxP1+NnIxkGhH9Sv9y0hsoK6Q=,vX5xBuyUa4ZS4QMxbWHmF8lFgYE=
131,50,u7RxP1+NnIxkGhH9Sv9y0hsoK6Q=,vX5xBuyUa4ZS4QMxbWHmF8lFgYE=
140,48,u7RxP1+NnIxkGhH9Sv9y0hsoK6Q=,Gp221KbYJD0EN74KNEGW7He3gBo=
128,51,u7RxP1+NnIxkGhH9Sv9y0hsoK6Q=,vX5xBuyUa4ZS4QMxbWHmF8lFgYE=
142,48,u7RxP1+NnIxkGhH9Sv9y0hsoK6Q=,Gp221KbYJD0EN74KNEGW7He3gBo=
141,48,u7RxP1+NnIxkGhH9Sv9y0hsoK6Q=,Gp221KbYJD0EN74KNEGW7He3gBo=
151,55,49EIhFdbQfOafZkbiCVmJpklh1Y=,7vbWLK4vYnGWDR2Td/IykpPZqoE=
152,55,4Q49vN5p0cRsGkwEy4Or8YV3NAY=,cUW2hKva3r8kG5xwrqoVPxsZuTs=
151,52,4Q49vN5p0cRsGkwEy4Or8YV3NAY=,7vbWLK4vYnGWDR2Td/IykpPZqoE=
152,52,4Q49vN5p0cRsGkwEy4Or8YV3NAY=,cUW2hKva3r8kG5xwrqoVPxsZuTs=
148,52,4Q49vN5p0cRsGkwEy4Or8YV3NAY=,7vbWLK4vYnGWDR2Td/IykpPZqoE=
152,53,4Q49vN5p0cRsGkwEy4Or8YV3NAY=,cUW2hKva3r8kG5xwrqoVPxsZuTs=
151,53,4Q49vN5p0cRsGkwEy4Or8YV3NAY=,7vbWLK4vYnGWDR2Td/IykpPZqoE=
150,52,4Q49vN5p0cRsGkwEy4Or8YV3NAY=,7vbWLK4vYnGWDR2Td/IykpPZqoE=
151,56,4Q49vN5p0cRsGkwEy4Or8YV3NAY=,23F+Sa4Fq7uOHc/ZxZtggiPBzaw=
152,54,4Q49vN5p0cRsGkwEy4Or8YV3NAY=,cUW2hKva3r8kG5xwrqoVPxsZuTs=
148,53,4Q49vN5p0cRsGkwEy4Or8YV3NAY=,7vbWLK4vYnGWDR2Td/IykpPZqoE=
149,53,4Q49vN5p0cRsGkwEy4Or8YV3NAY=,7vbWLK4vYnGWDR2Td/IykpPZqoE=
149,52,4Q49vN5p0cRsGkwEy4Or8YV3NAY=,7vbWLK4vYnGWDR2Td/IykpPZqoE=
153,52,4Q49vN5p0cRsGkwEy4Or8YV3NAY=,cUW2hKva3r8kG5xwrqoVPxsZuTs=
152,56,4Q49vN5p0cRsGkwEy4Or8YV3NAY=,8gCZrK9xi5B+L3BOz5uhliyB2VM=
149,56,4Q49vN5p0cRsGkwEy4Or8YV3NAY=,23F+Sa4Fq7uOHc/ZxZtggiPBzaw=
148,56,4Q49vN5p0cRsGkwEy4Or8YV3NAY=,23F+Sa4Fq7uOHc/ZxZtggiPBzaw=
150,56,4Q49vN5p0cRsGkwEy4Or8YV3NAY=,23F+Sa4Fq7uOHc/ZxZtggiPBzaw=
154,53,4Q49vN5p0cRsGkwEy4Or8YV3NAY=,cUW2hKva3r8kG5xwrqoVPxsZuTs=
155,53,4Q49vN5p0cRsGkwEy4Or8YV3NAY=,cUW2hKva3r8kG5xwrqoVPxsZuTs=
153,54,4Q49vN5p0cRsGkwEy4Or8YV3NAY=,cUW2hKva3r8kG5xwrqoVPxsZuTs=
150,53,4Q49vN5p0cRsGkwEy4Or8YV3NAY=,7vbWLK4vYnGWDR2Td/IykpPZqoE=
154,52,4Q49vN5p0cRsGkwEy4Or8YV3NAY=,cUW2hKva3r8kG5xwrqoVPxsZuTs=
155,54,4Q49vN5p0cRsGkwEy4Or8YV3NAY=,cUW2hKva3r8kG5xwrqoVPxsZuTs=
154,54,4Q49vN5p0cRsGkwEy4Or8YV3NAY=,cUW2hKva3r8kG5xwrqoVPxsZuTs=
153,55,4Q49vN5p0cRsGkwEy4Or8YV3NAY=,cUW2hKva3r8kG5xwrqoVPxsZuTs=
153,53,4Q49vN5p0cRsGkwEy4Or8YV3NAY=,cUW2hKva3r8kG5xwrqoVPxsZuTs=
154,56,4Q49vN5p0cRsGkwEy4Or8YV3NAY=,8gCZrK9xi5B+L3BOz5uhliyB2VM=
153,57,4Q49vN5p0cRsGkwEy4Or8YV3NAY=,8gCZrK9xi5B+L3BOz5uhliyB2VM=
154,55,4Q49vN5p0cRsGkwEy4Or8YV3NAY=,cUW2hKva3r8kG5xwrqoVPxsZuTs=
155,55,4Q49vN5p0cRsGkwEy4Or8YV3NAY=,cUW2hKva3r8kG5xwrqoVPxsZuTs=
155,57,4Q49vN5p0cRsGkwEy4Or8YV3NAY=,8gCZrK9xi5B+L3BOz5uhliyB2VM=
155,52,4Q49vN5p0cRsGkwEy4Or8YV3NAY=,cUW2hKva3r8kG5xwrqoVPxsZuTs=
154,58,4Q49vN5p0cRsGkwEy4Or8YV3NAY=,8gCZrK9xi5B+L3BOz5uhliyB2VM=
154,59,4Q49vN5p0cRsGkwEy4Or8YV3NAY=,8gCZrK9xi5B+L3BOz5uhliyB2VM=
153,58,4Q49vN5p0cRsGkwEy4Or8YV3NAY=,8gCZrK9xi5B+L3BOz5uhliyB2VM=
155,59,4Q49vN5p0cRsGkwEy4Or8YV3NAY=,8gCZrK9xi5B+L3BOz5uhliyB2VM=
155,56,4Q49vN5p0cRsGkwEy4Or8YV3NAY=,8gCZrK9xi5B+L3BOz5uhliyB2VM=
151,57,E9ZlmtZdedn1iIuNCFjxGiN68mU=,23F+Sa4Fq7uOHc/ZxZtggiPBzaw=
153,56,E9ZlmtZdedn1iIuNCFjxGiN68mU=,8gCZrK9xi5B+L3BOz5uhliyB2VM=
148,58,E9ZlmtZdedn1iIuNCFjxGiN68mU=,23F+Sa4Fq7uOHc/ZxZtggiPBzaw=
148,57,E9ZlmtZdedn1iIuNCFjxGiN68mU=,23F+Sa4Fq7uOHc/ZxZtggiPBzaw=
150,57,E9ZlmtZdedn1iIuNCFjxGiN68mU=,23F+Sa4Fq7uOHc/ZxZtggiPBzaw=
152,57,E9ZlmtZdedn1iIuNCFjxGiN68mU=,8gCZrK9xi5B+L3BOz5uhliyB2VM=
154,57,E9ZlmtZdedn1iIuNCFjxGiN68mU=,8gCZrK9xi5B+L3BOz5uhliyB2VM=
152,59,E9ZlmtZdedn1iIuNCFjxGiN68mU=,8gCZrK9xi5B+L3BOz5uhliyB2VM=
151,58,E9ZlmtZdedn1iIuNCFjxGiN68mU=,23F+Sa4Fq7uOHc/ZxZtggiPBzaw=
148,55,E9ZlmtZdedn1iIuNCFjxGiN68mU=,7vbWLK4vYnGWDR2Td/IykpPZqoE=
148,54,E9ZlmtZdedn1iIuNCFjxGiN68mU=,7vbWLK4vYnGWDR2Td/IykpPZqoE=
150,58,E9ZlmtZdedn1iIuNCFjxGiN68mU=,23F+Sa4Fq7uOHc/ZxZtggiPBzaw=
149,58,E9ZlmtZdedn1iIuNCFjxGiN68mU=,23F+Sa4Fq7uOHc/ZxZtggiPBzaw=
149,54,E9ZlmtZdedn1iIuNCFjxGiN68mU=,7vbWLK4vYnGWDR2Td/IykpPZqoE=
150,59,E9ZlmtZdedn1iIuNCFjxGiN68mU=,23F+Sa4Fq7uOHc/ZxZtggiPBzaw=
149,59,E9ZlmtZdedn1iIuNCFjxGiN68mU=,23F+Sa4Fq7uOHc/ZxZtggiPBzaw=
153,59,E9ZlmtZdedn1iIuNCFjxGiN68mU=,8gCZrK9xi5B+L3BOz5uhliyB2VM=
151,54,E9ZlmtZdedn1iIuNCFjxGiN68mU=,7vbWLK4vYnGWDR2Td/IykpPZqoE=
150,54,E9ZlmtZdedn1iIuNCFjxGiN68mU=,7vbWLK4vYnGWDR2Td/IykpPZqoE=
155,58,E9ZlmtZdedn1iIuNCFjxGiN68mU=,8gCZrK9xi5B+L3BOz5uhliyB2VM=
151,59,E9ZlmtZdedn1iIuNCFjxGiN68mU=,23F+Sa4Fq7uOHc/ZxZtggiPBzaw=
149,55,E9ZlmtZdedn1iIuNCFjxGiN68mU=,7vbWLK4vYnGWDR2Td/IykpPZqoE=
149,57,E9ZlmtZdedn1iIuNCFjxGiN68mU=,23F+Sa4Fq7uOHc/ZxZtggiPBzaw=
152,58,E9ZlmtZdedn1iIuNCFjxGiN68mU=,8gCZrK9xi5B+L3BOz5uhliyB2VM=
150,55,E9ZlmtZdedn1iIuNCFjxGiN68mU=,7vbWLK4vYnGWDR2Td/IykpPZqoE=
149,48,E9ZlmtZdedn1iIuNCFjxGiN68mU=,7vbWLK4vYnGWDR2Td/IykpPZqoE=
148,59,E9ZlmtZdedn1iIuNCFjxGiN68mU=,23F+Sa4Fq7uOHc/ZxZtggiPBzaw=
151,49,E9ZlmtZdedn1iIuNCFjxGiN68mU=,7vbWLK4vYnGWDR2Td/IykpPZqoE=
153,50,E9ZlmtZdedn1iIuNCFjxGiN68mU=,cUW2hKva3r8kG5xwrqoVPxsZuTs=
153,49,E9ZlmtZdedn1iIuNCFjxGiN68mU=,cUW2hKva3r8kG5xwrqoVPxsZuTs=
149,49,E9ZlmtZdedn1iIuNCFjxGiN68mU=,7vbWLK4vYnGWDR2Td/IykpPZqoE=
150,49,E9ZlmtZdedn1iIuNCFjxGiN68mU=,7vbWLK4vYnGWDR2Td/IykpPZqoE=
152,49,E9ZlmtZdedn1iIuNCFjxGiN68mU=,cUW2hKva3r8kG5xwrqoVPxsZuTs=
152,48,E9ZlmtZdedn1iIuNCFjxGiN68mU=,cUW2hKva3r8kG5xwrqoVPxsZuTs=
151,48,E9ZlmtZdedn1iIuNCFjxGiN68mU=,7vbWLK4vYnGWDR2Td/IykpPZqoE=
148,48,E9ZlmtZdedn1iIuNCFjxGiN68mU=,7vbWLK4vYnGWDR2Td/IykpPZqoE=
155,49,E9ZlmtZdedn1iIuNCFjxGiN68mU=,cUW2hKva3r8kG5xwrqoVPxsZuTs=
148,49,E9ZlmtZdedn1iIuNCFjxGiN68mU=,7vbWLK4vYnGWDR2Td/IykpPZqoE=
151,50,E9ZlmtZdedn1iIuNCFjxGiN68mU=,7vbWLK4vYnGWDR2Td/IykpPZqoE=
155,48,E9ZlmtZdedn1iIuNCFjxGiN68mU=,cUW2hKva3r8kG5xwrqoVPxsZuTs=
153,48,E9ZlmtZdedn1iIuNCFjxGiN68mU=,cUW2hKva3r8kG5xwrqoVPxsZuTs=
154,48,E9ZlmtZdedn1iIuNCFjxGiN68mU=,cUW2hKva3r8kG5xwrqoVPxsZuTs=
151,51,E9ZlmtZdedn1iIuNCFjxGiN68mU=,7vbWLK4vYnGWDR2Td/IykpPZqoE=
154,49,E9ZlmtZdedn1iIuNCFjxGiN68mU=,cUW2hKva3r8kG5xwrqoVPxsZuTs=
152,50,E9ZlmtZdedn1iIuNCFjxGiN68mU=,cUW2hKva3r8kG5xwrqoVPxsZuTs=
150,51,E9ZlmtZdedn1iIuNCFjxGiN68mU=,7vbWLK4vYnGWDR2Td/IykpPZqoE=
150,50,E9ZlmtZdedn1iIuNCFjxGiN68mU=,7vbWLK4vYnGWDR2Td/IykpPZqoE=
154,50,E9ZlmtZdedn1iIuNCFjxGiN68mU=,cUW2hKva3r8kG5xwrqoVPxsZuTs=
155,50,E9ZlmtZdedn1iIuNCFjxGiN68mU=,cUW2hKva3r8kG5xwrqoVPxsZuTs=
149,51,E9ZlmtZdedn1iIuNCFjxGiN68mU=,7vbWLK4vYnGWDR2Td/IykpPZqoE=
150,48,E9ZlmtZdedn1iIuNCFjxGiN68mU=,7vbWLK4vYnGWDR2Td/IykpPZqoE=
153,51,E9ZlmtZdedn1iIuNCFjxGiN68mU=,cUW2hKva3r8kG5xwrqoVPxsZuTs=
154,51,E9ZlmtZdedn1iIuNCFjxGiN68mU=,cUW2hKva3r8kG5xwrqoVPxsZuTs=
148,50,E9ZlmtZdedn1iIuNCFjxGiN68mU=,7vbWLK4vYnGWDR2Td/IykpPZqoE=
149,50,E9ZlmtZdedn1iIuNCFjxGiN68mU=,7vbWLK4vYnGWDR2Td/IykpPZqoE=
156,55,E9ZlmtZdedn1iIuNCFjxGiN68mU=,cUW2hKva3r8kG5xwrqoVPxsZuTs=
156,63,E9ZlmtZdedn1iIuNCFjxGiN68mU=,8gCZrK9xi5B+L3BOz5uhliyB2VM=
148,51,E9ZlmtZdedn1iIuNCFjxGiN68mU=,7vbWLK4vYnGWDR2Td/IykpPZqoE=
156,56,E9ZlmtZdedn1iIuNCFjxGiN68mU=,8gCZrK9xi5B+L3BOz5uhliyB2VM=
156,51,E9ZlmtZdedn1iIuNCFjxGiN68mU=,cUW2hKva3r8kG5xwrqoVPxsZuTs=
156,59,E9ZlmtZdedn1iIuNCFjxGiN68mU=,8gCZrK9xi5B+L3BOz5uhliyB2VM=
156,54,E9ZlmtZdedn1iIuNCFjxGiN68mU=,cUW2hKva3r8kG5xwrqoVPxsZuTs=
156,58,E9ZlmtZdedn1iIuNCFjxGiN68mU=,8gCZrK9xi5B+L3BOz5uhliyB2VM=
156,50,E9ZlmtZdedn1iIuNCFjxGiN68mU=,cUW2hKva3r8kG5xwrqoVPxsZuTs=
156,57,E9ZlmtZdedn1iIuNCFjxGiN68mU=,8gCZrK9xi5B+L3BOz5uhliyB2VM=
156,61,E9ZlmtZdedn1iIuNCFjxGiN68mU=,8gCZrK9xi5B+L3BOz5uhliyB2VM=
156,60,E9ZlmtZdedn1iIuNCFjxGiN68mU=,8gCZrK9xi5B+L3BOz5uhliyB2VM=
156,62,E9ZlmtZdedn1iIuNCFjxGiN68mU=,8gCZrK9xi5B+L3BOz5uhliyB2VM=
156,49,E9ZlmtZdedn1iIuNCFjxGiN68mU=,cUW2hKva3r8kG5xwrqoVPxsZuTs=
156,53,E9ZlmtZdedn1iIuNCFjxGiN68mU=,cUW2hKva3r8kG5xwrqoVPxsZuTs=
156,52,E9ZlmtZdedn1iIuNCFjxGiN68mU=,cUW2hKva3r8kG5xwrqoVPxsZuTs=
156,48,E9ZlmtZdedn1iIuNCFjxGiN68mU=,cUW2hKva3r8kG5xwrqoVPxsZuTs=
152,51,E9ZlmtZdedn1iIuNCFjxGiN68mU=,cUW2hKva3r8kG5xwrqoVPxsZuTs=
155,51,E9ZlmtZdedn1iIuNCFjxGiN68mU=,cUW2hKva3r8kG5xwrqoVPxsZuTs=
144,55,E9ZlmtZdedn1iIuNCFjxGiN68mU=,7vbWLK4vYnGWDR2Td/IykpPZqoE=
147,53,E9ZlmtZdedn1iIuNCFjxGiN68mU=,7vbWLK4vYnGWDR2Td/IykpPZqoE=
146,54,E9ZlmtZdedn1iIuNCFjxGiN68mU=,7vbWLK4vYnGWDR2Td/IykpPZqoE=
145,55,E9ZlmtZdedn1iIuNCFjxGiN68mU=,7vbWLK4vYnGWDR2Td/IykpPZqoE=
145,54,E9ZlmtZdedn1iIuNCFjxGiN68mU=,7vbWLK4vYnGWDR2Td/IykpPZqoE=
146,52,E9ZlmtZdedn1iIuNCFjxGiN68mU=,7vbWLK4vYnGWDR2Td/IykpPZqoE=
146,53,E9ZlmtZdedn1iIuNCFjxGiN68mU=,7vbWLK4vYnGWDR2Td/IykpPZqoE=
147,52,E9ZlmtZdedn1iIuNCFjxGiN68mU=,7vbWLK4vYnGWDR2Td/IykpPZqoE=
147,55,E9ZlmtZdedn1iIuNCFjxGiN68mU=,7vbWLK4vYnGWDR2Td/IykpPZqoE=
144,59,E9ZlmtZdedn1iIuNCFjxGiN68mU=,23F+Sa4Fq7uOHc/ZxZtggiPBzaw=
147,54,E9ZlmtZdedn1iIuNCFjxGiN68mU=,7vbWLK4vYnGWDR2Td/IykpPZqoE=
144,58,E9ZlmtZdedn1iIuNCFjxGiN68mU=,23F+Sa4Fq7uOHc/ZxZtggiPBzaw=
145,57,E9ZlmtZdedn1iIuNCFjxGiN68mU=,23F+Sa4Fq7uOHc/ZxZtggiPBzaw=
145,53,E9ZlmtZdedn1iIuNCFjxGiN68mU=,7vbWLK4vYnGWDR2Td/IykpPZqoE=
144,54,E9ZlmtZdedn1iIuNCFjxGiN68mU=,7vbWLK4vYnGWDR2Td/IykpPZqoE=
145,52,E9ZlmtZdedn1iIuNCFjxGiN68mU=,7vbWLK4vYnGWDR2Td/IykpPZqoE=
144,52,E9ZlmtZdedn1iIuNCFjxGiN68mU=,7vbWLK4vYnGWDR2Td/IykpPZqoE=
146,55,E9ZlmtZdedn1iIuNCFjxGiN68mU=,7vbWLK4vYnGWDR2Td/IykpPZqoE=
146,57,E9ZlmtZdedn1iIuNCFjxGiN68mU=,23F+Sa4Fq7uOHc/ZxZtggiPBzaw=
144,53,E9ZlmtZdedn1iIuNCFjxGiN68mU=,7vbWLK4vYnGWDR2Td/IykpPZqoE=
147,57,E9ZlmtZdedn1iIuNCFjxGiN68mU=,23F+Sa4Fq7uOHc/ZxZtggiPBzaw=
145,58,E9ZlmtZdedn1iIuNCFjxGiN68mU=,23F+Sa4Fq7uOHc/ZxZtggiPBzaw=
145,59,E9ZlmtZdedn1iIuNCFjxGiN68mU=,23F+Sa4Fq7uOHc/ZxZtggiPBzaw=
144,57,E9ZlmtZdedn1iIuNCFjxGiN68mU=,23F+Sa4Fq7uOHc/ZxZtggiPBzaw=
146,58,E9ZlmtZdedn1iIuNCFjxGiN68mU=,23F+Sa4Fq7uOHc/ZxZtggiPBzaw=
147,58,E9ZlmtZdedn1iIuNCFjxGiN68mU=,23F+Sa4Fq7uOHc/ZxZtggiPBzaw=
146,59,E9ZlmtZdedn1iIuNCFjxGiN68mU=,23F+Sa4Fq7uOHc/ZxZtggiPBzaw=
151,63,E9ZlmtZdedn1iIuNCFjxGiN68mU=,23F+Sa4Fq7uOHc/ZxZtggiPBzaw=
147,59,E9ZlmtZdedn1iIuNCFjxGiN68mU=,23F+Sa4Fq7uOHc/ZxZtggiPBzaw=
145,56,E9ZlmtZdedn1iIuNCFjxGiN68mU=,23F+Sa4Fq7uOHc/ZxZtggiPBzaw=
144,56,E9ZlmtZdedn1iIuNCFjxGiN68mU=,23F+Sa4Fq7uOHc/ZxZtggiPBzaw=
147,56,E9ZlmtZdedn1iIuNCFjxGiN68mU=,23F+Sa4Fq7uOHc/ZxZtggiPBzaw=
154,60,E9ZlmtZdedn1iIuNCFjxGiN68mU=,8gCZrK9xi5B+L3BOz5uhliyB2VM=
152,63,E9ZlmtZdedn1iIuNCFjxGiN68mU=,8gCZrK9xi5B+L3BOz5uhliyB2VM=
146,56,E9ZlmtZdedn1iIuNCFjxGiN68mU=,23F+Sa4Fq7uOHc/ZxZtggiPBzaw=
154,61,E9ZlmtZdedn1iIuNCFjxGiN68mU=,8gCZrK9xi5B+L3BOz5uhliyB2VM=
153,60,E9ZlmtZdedn1iIuNCFjxGiN68mU=,8gCZrK9xi5B+L3BOz5uhliyB2VM=
153,62,E9ZlmtZdedn1iIuNCFjxGiN68mU=,8gCZrK9xi5B+L3BOz5uhliyB2VM=
154,62,E9ZlmtZdedn1iIuNCFjxGiN68mU=,8gCZrK9xi5B+L3BOz5uhliyB2VM=
150,63,E9ZlmtZdedn1iIuNCFjxGiN68mU=,23F+Sa4Fq7uOHc/ZxZtggiPBzaw=
153,61,E9ZlmtZdedn1iIuNCFjxGiN68mU=,8gCZrK9xi5B+L3BOz5uhliyB2VM=
155,61,E9ZlmtZdedn1iIuNCFjxGiN68mU=,8gCZrK9xi5B+L3BOz5uhliyB2VM=
155,62,E9ZlmtZdedn1iIuNCFjxGiN68mU=,8gCZrK9xi5B+L3BOz5uhliyB2VM=
149,62,E9ZlmtZdedn1iIuNCFjxGiN68mU=,23F+Sa4Fq7uOHc/ZxZtggiPBzaw=
148,62,E9ZlmtZdedn1iIuNCFjxGiN68mU=,23F+Sa4Fq7uOHc/ZxZtggiPBzaw=
150,62,E9ZlmtZdedn1iIuNCFjxGiN68mU=,23F+Sa4Fq7uOHc/ZxZtggiPBzaw=
155,60,E9ZlmtZdedn1iIuNCFjxGiN68mU=,8gCZrK9xi5B+L3BOz5uhliyB2VM=
152,61,E9ZlmtZdedn1iIuNCFjxGiN68mU=,8gCZrK9xi5B+L3BOz5uhliyB2VM=
151,62,E9ZlmtZdedn1iIuNCFjxGiN68mU=,23F+Sa4Fq7uOHc/ZxZtggiPBzaw=
152,60,E9ZlmtZdedn1iIuNCFjxGiN68mU=,8gCZrK9xi5B+L3BOz5uhliyB2VM=
149,63,E9ZlmtZdedn1iIuNCFjxGiN68mU=,23F+Sa4Fq7uOHc/ZxZtggiPBzaw=
152,62,E9ZlmtZdedn1iIuNCFjxGiN68mU=,8gCZrK9xi5B+L3BOz5uhliyB2VM=
149,60,E9ZlmtZdedn1iIuNCFjxGiN68mU=,23F+Sa4Fq7uOHc/ZxZtggiPBzaw=
151,60,E9ZlmtZdedn1iIuNCFjxGiN68mU=,23F+Sa4Fq7uOHc/ZxZtggiPBzaw=
148,60,E9ZlmtZdedn1iIuNCFjxGiN68mU=,23F+Sa4Fq7uOHc/ZxZtggiPBzaw=
148,61,E9ZlmtZdedn1iIuNCFjxGiN68mU=,23F+Sa4Fq7uOHc/ZxZtggiPBzaw=
150,60,E9ZlmtZdedn1iIuNCFjxGiN68mU=,23F+Sa4Fq7uOHc/ZxZtggiPBzaw=
149,61,E9ZlmtZdedn1iIuNCFjxGiN68mU=,23F+Sa4Fq7uOHc/ZxZtggiPBzaw=
150,61,E9ZlmtZdedn1iIuNCFjxGiN68mU=,23F+Sa4Fq7uOHc/ZxZtggiPBzaw=
155,63,E9ZlmtZdedn1iIuNCFjxGiN68mU=,8gCZrK9xi5B+L3BOz5uhliyB2VM=
151,61,E9ZlmtZdedn1iIuNCFjxGiN68mU=,23F+Sa4Fq7uOHc/ZxZtggiPBzaw=
154,63,E9ZlmtZdedn1iIuNCFjxGiN68mU=,8gCZrK9xi5B+L3BOz5uhliyB2VM=
153,63,E9ZlmtZdedn1iIuNCFjxGiN68mU=,8gCZrK9xi5B+L3BOz5uhliyB2VM=
147,60,E9ZlmtZdedn1iIuNCFjxGiN68mU=,23F+Sa4Fq7uOHc/ZxZtggiPBzaw=
148,63,E9ZlmtZdedn1iIuNCFjxGiN68mU=,23F+Sa4Fq7uOHc/ZxZtggiPBzaw=
145,61,E9ZlmtZdedn1iIuNCFjxGiN68mU=,23F+Sa4Fq7uOHc/ZxZtggiPBzaw=
147,62,E9ZlmtZdedn1iIuNCFjxGiN68mU=,23F+Sa4Fq7uOHc/ZxZtggiPBzaw=
145,60,E9ZlmtZdedn1iIuNCFjxGiN68mU=,23F+Sa4Fq7uOHc/ZxZtggiPBzaw=
146,61,E9ZlmtZdedn1iIuNCFjxGiN68mU=,23F+Sa4Fq7uOHc/ZxZtggiPBzaw=
145,62,E9ZlmtZdedn1iIuNCFjxGiN68mU=,23F+Sa4Fq7uOHc/ZxZtggiPBzaw=
144,61,E9ZlmtZdedn1iIuNCFjxGiN68mU=,23F+Sa4Fq7uOHc/ZxZtggiPBzaw=
146,62,E9ZlmtZdedn1iIuNCFjxGiN68mU=,23F+Sa4Fq7uOHc/ZxZtggiPBzaw=
144,62,E9ZlmtZdedn1iIuNCFjxGiN68mU=,23F+Sa4Fq7uOHc/ZxZtggiPBzaw=
146,60,E9ZlmtZdedn1iIuNCFjxGiN68mU=,23F+Sa4Fq7uOHc/ZxZtggiPBzaw=
147,61,E9ZlmtZdedn1iIuNCFjxGiN68mU=,23F+Sa4Fq7uOHc/ZxZtggiPBzaw=
144,63,E9ZlmtZdedn1iIuNCFjxGiN68mU=,23F+Sa4Fq7uOHc/ZxZtggiPBzaw=
145,63,E9ZlmtZdedn1iIuNCFjxGiN68mU=,23F+Sa4Fq7uOHc/ZxZtggiPBzaw=
144,60,E9ZlmtZdedn1iIuNCFjxGiN68mU=,23F+Sa4Fq7uOHc/ZxZtggiPBzaw=
146,63,E9ZlmtZdedn1iIuNCFjxGiN68mU=,23F+Sa4Fq7uOHc/ZxZtggiPBzaw=
144,48,E9ZlmtZdedn1iIuNCFjxGiN68mU=,7vbWLK4vYnGWDR2Td/IykpPZqoE=
147,63,E9ZlmtZdedn1iIuNCFjxGiN68mU=,23F+Sa4Fq7uOHc/ZxZtggiPBzaw=
146,51,E9ZlmtZdedn1iIuNCFjxGiN68mU=,7vbWLK4vYnGWDR2Td/IykpPZqoE=
145,49,E9ZlmtZdedn1iIuNCFjxGiN68mU=,7vbWLK4vYnGWDR2Td/IykpPZqoE=
146,50,E9ZlmtZdedn1iIuNCFjxGiN68mU=,7vbWLK4vYnGWDR2Td/IykpPZqoE=
147,49,E9ZlmtZdedn1iIuNCFjxGiN68mU=,7vbWLK4vYnGWDR2Td/IykpPZqoE=
145,48,E9ZlmtZdedn1iIuNCFjxGiN68mU=,7vbWLK4vYnGWDR2Td/IykpPZqoE=
146,48,E9ZlmtZdedn1iIuNCFjxGiN68mU=,7vbWLK4vYnGWDR2Td/IykpPZqoE=
144,51,E9ZlmtZdedn1iIuNCFjxGiN68mU=,7vbWLK4vYnGWDR2Td/IykpPZqoE=
147,48,E9ZlmtZdedn1iIuNCFjxGiN68mU=,7vbWLK4vYnGWDR2Td/IykpPZqoE=
145,51,E9ZlmtZdedn1iIuNCFjxGiN68mU=,7vbWLK4vYnGWDR2Td/IykpPZqoE=
145,50,E9ZlmtZdedn1iIuNCFjxGiN68mU=,7vbWLK4vYnGWDR2Td/IykpPZqoE=
146,49,E9ZlmtZdedn1iIuNCFjxGiN68mU=,7vbWLK4vYnGWDR2Td/IykpPZqoE=
147,50,E9ZlmtZdedn1iIuNCFjxGiN68mU=,7vbWLK4vYnGWDR2Td/IykpPZqoE=
147,51,E9ZlmtZdedn1iIuNCFjxGiN68mU=,7vbWLK4vYnGWDR2Td/IykpPZqoE=
144,49,E9ZlmtZdedn1iIuNCFjxGiN68mU=,7vbWLK4vYnGWDR2Td/IykpPZqoE=
144,50,E9ZlmtZdedn1iIuNCFjxGiN68mU=,7vbWLK4vYnGWDR2Td/IykpPZqoE=
150,36,mH4uBvaV+KlWbqMW4MaMS5frX4U=,mwAkoRlIpvVEUxi3Axz+oMHoTcc=
151,36,mH4uBvaV+KlWbqMW4MaMS5frX4U=,mwAkoRlIpvVEUxi3Axz+oMHoTcc=
152,36,mH4uBvaV+KlWbqMW4MaMS5frX4U=,w55DLbUC4+RYRXKP0zeIraRXE08=
155,36,mH4uBvaV+KlWbqMW4MaMS5frX4U=,w55DLbUC4+RYRXKP0zeIraRXE08=
151,37,mH4uBvaV+KlWbqMW4MaMS5frX4U=,mwAkoRlIpvVEUxi3Axz+oMHoTcc=
154,36,mH4uBvaV+KlWbqMW4MaMS5frX4U=,w55DLbUC4+RYRXKP0zeIraRXE08=
153,36,mH4uBvaV+KlWbqMW4MaMS5frX4U=,w55DLbUC4+RYRXKP0zeIraRXE08=
152,38,mH4uBvaV+KlWbqMW4MaMS5frX4U=,w55DLbUC4+RYRXKP0zeIraRXE08=
149,40,SsmL66d7C9JryrFKT2idpRf20/k=,ol4VzuLuj07Bmm5s9VnLsRMoj6E=
152,37,SsmL66d7C9JryrFKT2idpRf20/k=,w55DLbUC4+RYRXKP0zeIraRXE08=
151,38,SsmL66d7C9JryrFKT2idpRf20/k=,mwAkoRlIpvVEUxi3Axz+oMHoTcc=
153,37,SsmL66d7C9JryrFKT2idpRf20/k=,w55DLbUC4+RYRXKP0zeIraRXE08=
152,39,SsmL66d7C9JryrFKT2idpRf20/k=,w55DLbUC4+RYRXKP0zeIraRXE08=
151,40,SsmL66d7C9JryrFKT2idpRf20/k=,ol4VzuLuj07Bmm5s9VnLsRMoj6E=
150,40,SsmL66d7C9JryrFKT2idpRf20/k=,ol4VzuLuj07Bmm5s9VnLsRMoj6E=
154,39,SsmL66d7C9JryrFKT2idpRf20/k=,w55DLbUC4+RYRXKP0zeIraRXE08=
154,37,SsmL66d7C9JryrFKT2idpRf20/k=,w55DLbUC4+RYRXKP0zeIraRXE08=
155,39,SsmL66d7C9JryrFKT2idpRf20/k=,w55DLbUC4+RYRXKP0zeIraRXE08=
153,39,SsmL66d7C9JryrFKT2idpRf20/k=,w55DLbUC4+RYRXKP0zeIraRXE08=
154,40,SsmL66d7C9JryrFKT2idpRf20/k=,XnS89lhZvFVxYJXyz6Xtq/1aIrg=
155,37,SsmL66d7C9JryrFKT2idpRf20/k=,w55DLbUC4+RYRXKP0zeIraRXE08=
155,40,SsmL66d7C9JryrFKT2idpRf20/k=,XnS89lhZvFVxYJXyz6Xtq/1aIrg=
155,38,SsmL66d7C9JryrFKT2idpRf20/k=,w55DLbUC4+RYRXKP0zeIraRXE08=
153,40,SsmL66d7C9JryrFKT2idpRf20/k=,XnS89lhZvFVxYJXyz6Xtq/1aIrg=
153,38,s/8w3mZJQ2MixR1/KaUgMyY1BkI=,w55DLbUC4+RYRXKP0zeIraRXE08=
155,41,s/8w3mZJQ2MixR1/KaUgMyY1BkI=,XnS89lhZvFVxYJXyz6Xtq/1aIrg=
154,38,s/8w3mZJQ2MixR1/KaUgMyY1BkI=,w55DLbUC4+RYRXKP0zeIraRXE08=
153,41,s/8w3mZJQ2MixR1/KaUgMyY1BkI=,XnS89lhZvFVxYJXyz6Xtq/1aIrg=
155,42,s/8w3mZJQ2MixR1/KaUgMyY1BkI=,XnS89lhZvFVxYJXyz6Xtq/1aIrg=
154,41,s/8w3mZJQ2MixR1/KaUgMyY1BkI=,XnS89lhZvFVxYJXyz6Xtq/1aIrg=
149,41,s/8w3mZJQ2MixR1/KaUgMyY1BkI=,ol4VzuLuj07Bmm5s9VnLsRMoj6E=
155,43,s/8w3mZJQ2MixR1/KaUgMyY1BkI=,XnS89lhZvFVxYJXyz6Xtq/1aIrg=
148,41,s/8w3mZJQ2MixR1/KaUgMyY1BkI=,ol4VzuLuj07Bmm5s9VnLsRMoj6E=
154,42,s/8w3mZJQ2MixR1/KaUgMyY1BkI=,XnS89lhZvFVxYJXyz6Xtq/1aIrg=
153,42,s/8w3mZJQ2MixR1/KaUgMyY1BkI=,XnS89lhZvFVxYJXyz6Xtq/1aIrg=
153,43,s/8w3mZJQ2MixR1/KaUgMyY1BkI=,XnS89lhZvFVxYJXyz6Xtq/1aIrg=
154,43,74rsyZw6PItvl5yRCg827iZONHU=,XnS89lhZvFVxYJXyz6Xtq/1aIrg=
150,41,74rsyZw6PItvl5yRCg827iZONHU=,ol4VzuLuj07Bmm5s9VnLsRMoj6E=
149,42,74rsyZw6PItvl5yRCg827iZONHU=,ol4VzuLuj07Bmm5s9VnLsRMoj6E=
148,42,74rsyZw6PItvl5yRCg827iZONHU=,ol4VzuLuj07Bmm5s9VnLsRMoj6E=
152,41,74rsyZw6PItvl5yRCg827iZONHU=,XnS89lhZvFVxYJXyz6Xtq/1aIrg=
152,42,74rsyZw6PItvl5yRCg827iZONHU=,XnS89lhZvFVxYJXyz6Xtq/1aIrg=
148,43,74rsyZw6PItvl5yRCg827iZONHU=,ol4VzuLuj07Bmm5s9VnLsRMoj6E=
150,43,74rsyZw6PItvl5yRCg827iZONHU=,ol4VzuLuj07Bmm5s9VnLsRMoj6E=
152,43,74rsyZw6PItvl5yRCg827iZONHU=,XnS89lhZvFVxYJXyz6Xtq/1aIrg=
149,43,74rsyZw6PItvl5yRCg827iZONHU=,ol4VzuLuj07Bmm5s9VnLsRMoj6E=
150,42,74rsyZw6PItvl5yRCg827iZONHU=,ol4VzuLuj07Bmm5s9VnLsRMoj6E=
151,42,74rsyZw6PItvl5yRCg827iZONHU=,ol4VzuLuj07Bmm5s9VnLsRMoj6E=
151,41,74rsyZw6PItvl5yRCg827iZONHU=,ol4VzuLuj07Bmm5s9VnLsRMoj6E=
148,39,74rsyZw6PItvl5yRCg827iZONHU=,mwAkoRlIpvVEUxi3Axz+oMHoTcc=
151,43,74rsyZw6PItvl5yRCg827iZONHU=,ol4VzuLuj07Bmm5s9VnLsRMoj6E=
148,37,74rsyZw6PItvl5yRCg827iZONHU=,mwAkoRlIpvVEUxi3Axz+oMHoTcc=
149,37,74rsyZw6PItvl5yRCg827iZONHU=,mwAkoRlIpvVEUxi3Axz+oMHoTcc=
149,39,74rsyZw6PItvl5yRCg827iZONHU=,mwAkoRlIpvVEUxi3Axz+oMHoTcc=
148,38,74rsyZw6PItvl5yRCg827iZONHU=,mwAkoRlIpvVEUxi3Axz+oMHoTcc=
149,38,74rsyZw6PItvl5yRCg827iZONHU=,mwAkoRlIpvVEUxi3Axz+oMHoTcc=
151,39,74rsyZw6PItvl5yRCg827iZONHU=,mwAkoRlIpvVEUxi3Axz+oMHoTcc=
150,38,74rsyZw6PItvl5yRCg827iZONHU=,mwAkoRlIpvVEUxi3Axz+oMHoTcc=
148,36,74rsyZw6PItvl5yRCg827iZONHU=,mwAkoRlIpvVEUxi3Axz+oMHoTcc=
150,39,74rsyZw6PItvl5yRCg827iZONHU=,mwAkoRlIpvVEUxi3Axz+oMHoTcc=
149,36,74rsyZw6PItvl5yRCg827iZONHU=,mwAkoRlIpvVEUxi3Axz+oMHoTcc=
150,37,74rsyZw6PItvl5yRCg827iZONHU=,mwAkoRlIpvVEUxi3Axz+oMHoTcc=
152,40,74rsyZw6PItvl5yRCg827iZONHU=,XnS89lhZvFVxYJXyz6Xtq/1aIrg=
149,32,74rsyZw6PItvl5yRCg827iZONHU=,mwAkoRlIpvVEUxi3Axz+oMHoTcc=
152,33,74rsyZw6PItvl5yRCg827iZONHU=,w55DLbUC4+RYRXKP0zeIraRXE08=
151,32,74rsyZw6PItvl5yRCg827iZONHU=,mwAkoRlIpvVEUxi3Axz+oMHoTcc=
155,32,74rsyZw6PItvl5yRCg827iZONHU=,w55DLbUC4+RYRXKP0zeIraRXE08=
154,32,74rsyZw6PItvl5yRCg827iZONHU=,w55DLbUC4+RYRXKP0zeIraRXE08=
148,34,74rsyZw6PItvl5yRCg827iZONHU=,mwAkoRlIpvVEUxi3Axz+oMHoTcc=
148,40,74rsyZw6PItvl5yRCg827iZONHU=,ol4VzuLuj07Bmm5s9VnLsRMoj6E=
151,33,74rsyZw6PItvl5yRCg827iZONHU=,mwAkoRlIpvVEUxi3Axz+oMHoTcc=
152,32,74rsyZw6PItvl5yRCg827iZONHU=,w55DLbUC4+RYRXKP0zeIraRXE08=
153,33,74rsyZw6PItvl5yRCg827iZONHU=,w55DLbUC4+RYRXKP0zeIraRXE08=
153,34,74rsyZw6PItvl5yRCg827iZONHU=,w55DLbUC4+RYRXKP0zeIraRXE08=
153,32,74rsyZw6PItvl5yRCg827iZONHU=,w55DLbUC4+RYRXKP0zeIraRXE08=
154,34,74rsyZw6PItvl5yRCg827iZONHU=,w55DLbUC4+RYRXKP0zeIraRXE08=
154,33,74rsyZw6PItvl5yRCg827iZONHU=,w55DLbUC4+RYRXKP0zeIraRXE08=
155,33,74rsyZw6PItvl5yRCg827iZONHU=,w55DLbUC4+RYRXKP0zeIraRXE08=
155,34,74rsyZw6PItvl5yRCg827iZONHU=,w55DLbUC4+RYRXKP0zeIraRXE08=
151,35,74rsyZw6PItvl5yRCg827iZONHU=,mwAkoRlIpvVEUxi3Axz+oMHoTcc=
152,34,74rsyZw6PItvl5yRCg827iZONHU=,w55DLbUC4+RYRXKP0zeIraRXE08=
151,34,74rsyZw6PItvl5yRCg827iZONHU=,mwAkoRlIpvVEUxi3Axz+oMHoTcc=
150,35,74rsyZw6PItvl5yRCg827iZONHU=,mwAkoRlIpvVEUxi3Axz+oMHoTcc=
150,34,74rsyZw6PItvl5yRCg827iZONHU=,mwAkoRlIpvVEUxi3Axz+oMHoTcc=
149,35,74rsyZw6PItvl5yRCg827iZONHU=,mwAkoRlIpvVEUxi3Axz+oMHoTcc=
150,33,74rsyZw6PItvl5yRCg827iZONHU=,mwAkoRlIpvVEUxi3Axz+oMHoTcc=
148,32,74rsyZw6PItvl5yRCg827iZONHU=,mwAkoRlIpvVEUxi3Axz+oMHoTcc=
148,33,74rsyZw6PItvl5yRCg827iZONHU=,mwAkoRlIpvVEUxi3Axz+oMHoTcc=
148,35,74rsyZw6PItvl5yRCg827iZONHU=,mwAkoRlIpvVEUxi3Axz+oMHoTcc=
150,32,74rsyZw6PItvl5yRCg827iZONHU=,mwAkoRlIpvVEUxi3Axz+oMHoTcc=
149,33,74rsyZw6PItvl5yRCg827iZONHU=,mwAkoRlIpvVEUxi3Axz+oMHoTcc=
152,35,74rsyZw6PItvl5yRCg827iZONHU=,w55DLbUC4+RYRXKP0zeIraRXE08=
155,35,74rsyZw6PItvl5yRCg827iZONHU=,w55DLbUC4+RYRXKP0zeIraRXE08=
149,34,74rsyZw6PItvl5yRCg827iZONHU=,mwAkoRlIpvVEUxi3Axz+oMHoTcc=
154,35,74rsyZw6PItvl5yRCg827iZONHU=,w55DLbUC4+RYRXKP0zeIraRXE08=
153,35,74rsyZw6PItvl5yRCg827iZONHU=,w55DLbUC4+RYRXKP0zeIraRXE08=
148,46,74rsyZw6PItvl5yRCg827iZONHU=,ol4VzuLuj07Bmm5s9VnLsRMoj6E=
150,44,74rsyZw6PItvl5yRCg827iZONHU=,ol4VzuLuj07Bmm5s9VnLsRMoj6E=
149,45,74rsyZw6PItvl5yRCg827iZONHU=,ol4VzuLuj07Bmm5s9VnLsRMoj6E=
149,46,74rsyZw6PItvl5yRCg827iZONHU=,ol4VzuLuj07Bmm5s9VnLsRMoj6E=
148,44,74rsyZw6PItvl5yRCg827iZONHU=,ol4VzuLuj07Bmm5s9VnLsRMoj6E=
151,47,74rsyZw6PItvl5yRCg827iZONHU=,ol4VzuLuj07Bmm5s9VnLsRMoj6E=
150,46,74rsyZw6PItvl5yRCg827iZONHU=,ol4VzuLuj07Bmm5s9VnLsRMoj6E=
150,45,74rsyZw6PItvl5yRCg827iZONHU=,ol4VzuLuj07Bmm5s9VnLsRMoj6E=
152,47,74rsyZw6PItvl5yRCg827iZONHU=,XnS89lhZvFVxYJXyz6Xtq/1aIrg=
153,44,74rsyZw6PItvl5yRCg827iZONHU=,XnS89lhZvFVxYJXyz6Xtq/1aIrg=
149,44,74rsyZw6PItvl5yRCg827iZONHU=,ol4VzuLuj07Bmm5s9VnLsRMoj6E=
154,44,74rsyZw6PItvl5yRCg827iZONHU=,XnS89lhZvFVxYJXyz6Xtq/1aIrg=
150,47,74rsyZw6PItvl5yRCg827iZONHU=,ol4VzuLuj07Bmm5s9VnLsRMoj6E=
148,45,74rsyZw6PItvl5yRCg827iZONHU=,ol4VzuLuj07Bmm5s9VnLsRMoj6E=
155,44,74rsyZw6PItvl5yRCg827iZONHU=,XnS89lhZvFVxYJXyz6Xtq/1aIrg=
154,45,74rsyZw6PItvl5yRCg827iZONHU=,XnS89lhZvFVxYJXyz6Xtq/1aIrg=
151,44,74rsyZw6PItvl5yRCg827iZONHU=,ol4VzuLuj07Bmm5s9VnLsRMoj6E=
153,46,74rsyZw6PItvl5yRCg827iZONHU=,XnS89lhZvFVxYJXyz6Xtq/1aIrg=
153,45,74rsyZw6PItvl5yRCg827iZONHU=,XnS89lhZvFVxYJXyz6Xtq/1aIrg=
151,46,74rsyZw6PItvl5yRCg827iZONHU=,ol4VzuLuj07Bmm5s9VnLsRMoj6E=
155,45,74rsyZw6PItvl5yRCg827iZONHU=,XnS89lhZvFVxYJXyz6Xtq/1aIrg=
152,45,74rsyZw6PItvl5yRCg827iZONHU=,XnS89lhZvFVxYJXyz6Xtq/1aIrg=
154,46,74rsyZw6PItvl5yRCg827iZONHU=,XnS89lhZvFVxYJXyz6Xtq/1aIrg=
148,47,74rsyZw6PItvl5yRCg827iZONHU=,ol4VzuLuj07Bmm5s9VnLsRMoj6E=
149,47,74rsyZw6PItvl5yRCg827iZONHU=,ol4VzuLuj07Bmm5s9VnLsRMoj6E=
151,45,74rsyZw6PItvl5yRCg827iZONHU=,ol4VzuLuj07Bmm5s9VnLsRMoj6E=
152,46,74rsyZw6PItvl5yRCg827iZONHU=,XnS89lhZvFVxYJXyz6Xtq/1aIrg=
155,46,74rsyZw6PItvl5yRCg827iZONHU=,XnS89lhZvFVxYJXyz6Xtq/1aIrg=
152,44,74rsyZw6PItvl5yRCg827iZONHU=,XnS89lhZvFVxYJXyz6Xtq/1aIrg=
156,32,74rsyZw6PItvl5yRCg827iZONHU=,w55DLbUC4+RYRXKP0zeIraRXE08=
156,39,74rsyZw6PItvl5yRCg827iZONHU=,w55DLbUC4+RYRXKP0zeIraRXE08=
153,47,74rsyZw6PItvl5yRCg827iZONHU=,XnS89lhZvFVxYJXyz6Xtq/1aIrg=
156,37,74rsyZw6PItvl5yRCg827iZONHU=,w55DLbUC4+RYRXKP0zeIraRXE08=
156,36,74rsyZw6PItvl5yRCg827iZONHU=,w55DLbUC4+RYRXKP0zeIraRXE08=
156,35,74rsyZw6PItvl5yRCg827iZONHU=,w55DLbUC4+RYRXKP0zeIraRXE08=
156,38,74rsyZw6PItvl5yRCg827iZONHU=,w55DLbUC4+RYRXKP0zeIraRXE08=
156,47,74rsyZw6PItvl5yRCg827iZONHU=,XnS89lhZvFVxYJXyz6Xtq/1aIrg=
156,34,74rsyZw6PItvl5yRCg827iZONHU=,w55DLbUC4+RYRXKP0zeIraRXE08=
156,41,74rsyZw6PItvl5yRCg827iZONHU=,XnS89lhZvFVxYJXyz6Xtq/1aIrg=
156,42,74rsyZw6PItvl5yRCg827iZONHU=,XnS89lhZvFVxYJXyz6Xtq/1aIrg=
156,33,74rsyZw6PItvl5yRCg827iZONHU=,w55DLbUC4+RYRXKP0zeIraRXE08=
156,45,74rsyZw6PItvl5yRCg827iZONHU=,XnS89lhZvFVxYJXyz6Xtq/1aIrg=
156,43,74rsyZw6PItvl5yRCg827iZONHU=,XnS89lhZvFVxYJXyz6Xtq/1aIrg=
156,40,74rsyZw6PItvl5yRCg827iZONHU=,XnS89lhZvFVxYJXyz6Xtq/1aIrg=
156,44,74rsyZw6PItvl5yRCg827iZONHU=,XnS89lhZvFVxYJXyz6Xtq/1aIrg=
154,47,74rsyZw6PItvl5yRCg827iZONHU=,XnS89lhZvFVxYJXyz6Xtq/1aIrg=
156,46,74rsyZw6PItvl5yRCg827iZONHU=,XnS89lhZvFVxYJXyz6Xtq/1aIrg=
155,47,74rsyZw6PItvl5yRCg827iZONHU=,XnS89lhZvFVxYJXyz6Xtq/1aIrg=
145,41,74rsyZw6PItvl5yRCg827iZONHU=,ol4VzuLuj07Bmm5s9VnLsRMoj6E=
144,39,74rsyZw6PItvl5yRCg827iZONHU=,mwAkoRlIpvVEUxi3Axz+oMHoTcc=
144,40,74rsyZw6PItvl5yRCg827iZONHU=,ol4VzuLuj07Bmm5s9VnLsRMoj6E=
144,37,74rsyZw6PItvl5yRCg827iZONHU=,mwAkoRlIpvVEUxi3Axz+oMHoTcc=
144,36,74rsyZw6PItvl5yRCg827iZONHU=,mwAkoRlIpvVEUxi3Axz+oMHoTcc=
144,38,74rsyZw6PItvl5yRCg827iZONHU=,mwAkoRlIpvVEUxi3Axz+oMHoTcc=
146,41,74rsyZw6PItvl5yRCg827iZONHU=,ol4VzuLuj07Bmm5s9VnLsRMoj6E=
146,42,74rsyZw6PItvl5yRCg827iZONHU=,ol4VzuLuj07Bmm5s9VnLsRMoj6E=
145,42,74rsyZw6PItvl5yRCg827iZONHU=,ol4VzuLuj07Bmm5s9VnLsRMoj6E=
147,41,74rsyZw6PItvl5yRCg827iZONHU=,ol4VzuLuj07Bmm5s9VnLsRMoj6E=
146,43,74rsyZw6PItvl5yRCg827iZONHU=,ol4VzuLuj07Bmm5s9VnLsRMoj6E=
147,42,74rsyZw6PItvl5yRCg827iZONHU=,ol4VzuLuj07Bmm5s9VnLsRMoj6E=
144,43,74rsyZw6PItvl5yRCg827iZONHU=,ol4VzuLuj07Bmm5s9VnLsRMoj6E=
146,36,74rsyZw6PItvl5yRCg827iZONHU=,mwAkoRlIpvVEUxi3Axz+oMHoTcc=
145,43,74rsyZw6PItvl5yRCg827iZONHU=,ol4VzuLuj07Bmm5s9VnLsRMoj6E=
147,36,74rsyZw6PItvl5yRCg827iZONHU=,mwAkoRlIpvVEUxi3Axz+oMHoTcc=
145,40,74rsyZw6PItvl5yRCg827iZONHU=,ol4VzuLuj07Bmm5s9VnLsRMoj6E=
145,36,74rsyZw6PItvl5yRCg827iZONHU=,mwAkoRlIpvVEUxi3Axz+oMHoTcc=
147,40,74rsyZw6PItvl5yRCg827iZONHU=,ol4VzuLuj07Bmm5s9VnLsRMoj6E=
146,40,74rsyZw6PItvl5yRCg827iZONHU=,ol4VzuLuj07Bmm5s9VnLsRMoj6E=
145,39,74rsyZw6PItvl5yRCg827iZONHU=,mwAkoRlIpvVEUxi3Axz+oMHoTcc=
147,43,74rsyZw6PItvl5yRCg827iZONHU=,ol4VzuLuj07Bmm5s9VnLsRMoj6E=
146,39,74rsyZw6PItvl5yRCg827iZONHU=,mwAkoRlIpvVEUxi3Axz+oMHoTcc=
147,38,74rsyZw6PItvl5yRCg827iZONHU=,mwAkoRlIpvVEUxi3Axz+oMHoTcc=
147,37,74rsyZw6PItvl5yRCg827iZONHU=,mwAkoRlIpvVEUxi3Axz+oMHoTcc=
146,37,74rsyZw6PItvl5yRCg827iZONHU=,mwAkoRlIpvVEUxi3Axz+oMHoTcc=
147,39,74rsyZw6PItvl5yRCg827iZONHU=,mwAkoRlIpvVEUxi3Axz+oMHoTcc=
144,42,74rsyZw6PItvl5yRCg827iZONHU=,ol4VzuLuj07Bmm5s9VnLsRMoj6E=
146,38,74rsyZw6PItvl5yRCg827iZONHU=,mwAkoRlIpvVEUxi3Axz+oMHoTcc=
145,38,74rsyZw6PItvl5yRCg827iZONHU=,mwAkoRlIpvVEUxi3Axz+oMHoTcc=
144,41,74rsyZw6PItvl5yRCg827iZONHU=,ol4VzuLuj07Bmm5s9VnLsRMoj6E=
147,44,74rsyZw6PItvl5yRCg827iZONHU=,ol4VzuLuj07Bmm5s9VnLsRMoj6E=
147,45,74rsyZw6PItvl5yRCg827iZONHU=,ol4VzuLuj07Bmm5s9VnLsRMoj6E=
144,47,74rsyZw6PItvl5yRCg827iZONHU=,ol4VzuLuj07Bmm5s9VnLsRMoj6E=
145,37,74rsyZw6PItvl5yRCg827iZONHU=,mwAkoRlIpvVEUxi3Axz+oMHoTcc=
145,46,74rsyZw6PItvl5yRCg827iZONHU=,ol4VzuLuj07Bmm5s9VnLsRMoj6E=
145,47,74rsyZw6PItvl5yRCg827iZONHU=,ol4VzuLuj07Bmm5s9VnLsRMoj6E=
145,44,74rsyZw6PItvl5yRCg827iZONHU=,ol4VzuLuj07Bmm5s9VnLsRMoj6E=
147,46,74rsyZw6PItvl5yRCg827iZONHU=,ol4VzuLuj07Bmm5s9VnLsRMoj6E=
146,46,74rsyZw6PItvl5yRCg827iZONHU=,ol4VzuLuj07Bmm5s9VnLsRMoj6E=
146,47,74rsyZw6PItvl5yRCg827iZONHU=,ol4VzuLuj07Bmm5s9VnLsRMoj6E=
145,45,74rsyZw6PItvl5yRCg827iZONHU=,ol4VzuLuj07Bmm5s9VnLsRMoj6E=
147,34,74rsyZw6PItvl5yRCg827iZONHU=,mwAkoRlIpvVEUxi3Axz+oMHoTcc=
146,34,74rsyZw6PItvl5yRCg827iZONHU=,mwAkoRlIpvVEUxi3Axz+oMHoTcc=
146,44,74rsyZw6PItvl5yRCg827iZONHU=,ol4VzuLuj07Bmm5s9VnLsRMoj6E=
145,34,74rsyZw6PItvl5yRCg827iZONHU=,mwAkoRlIpvVEUxi3Axz+oMHoTcc=
145,35,74rsyZw6PItvl5yRCg827iZONHU=,mwAkoRlIpvVEUxi3Axz+oMHoTcc=
146,33,74rsyZw6PItvl5yRCg827iZONHU=,mwAkoRlIpvVEUxi3Axz+oMHoTcc=
146,35,74rsyZw6PItvl5yRCg827iZONHU=,mwAkoRlIpvVEUxi3Axz+oMHoTcc=
145,33,74rsyZw6PItvl5yRCg827iZONHU=,mwAkoRlIpvVEUxi3Axz+oMHoTcc=
144,32,74rsyZw6PItvl5yRCg827iZONHU=,mwAkoRlIpvVEUxi3Axz+oMHoTcc=
144,46,74rsyZw6PItvl5yRCg827iZONHU=,ol4VzuLuj07Bmm5s9VnLsRMoj6E=
146,45,74rsyZw6PItvl5yRCg827iZONHU=,ol4VzuLuj07Bmm5s9VnLsRMoj6E=
147,35,74rsyZw6PItvl5yRCg827iZONHU=,mwAkoRlIpvVEUxi3Axz+oMHoTcc=
145,32,74rsyZw6PItvl5yRCg827iZONHU=,mwAkoRlIpvVEUxi3Axz+oMHoTcc=
146,32,74rsyZw6PItvl5yRCg827iZONHU=,mwAkoRlIpvVEUxi3Axz+oMHoTcc=
144,45,74rsyZw6PItvl5yRCg827iZONHU=,ol4VzuLuj07Bmm5s9VnLsRMoj6E=
147,32,74rsyZw6PItvl5yRCg827iZONHU=,mwAkoRlIpvVEUxi3Axz+oMHoTcc=
147,33,74rsyZw6PItvl5yRCg827iZONHU=,mwAkoRlIpvVEUxi3Axz+oMHoTcc=
144,33,74rsyZw6PItvl5yRCg827iZONHU=,mwAkoRlIpvVEUxi3Axz+oMHoTcc=
144,34,74rsyZw6PItvl5yRCg827iZONHU=,mwAkoRlIpvVEUxi3Axz+oMHoTcc=
144,35,74rsyZw6PItvl5yRCg827iZONHU=,mwAkoRlIpvVEUxi3Axz+oMHoTcc=
147,47,74rsyZw6PItvl5yRCg827iZONHU=,ol4VzuLuj07Bmm5s9VnLsRMoj6E=
144,44,74rsyZw6PItvl5yRCg827iZONHU=,ol4VzuLuj07Bmm5s9VnLsRMoj6E=
