-1,-1,XYpTnOEx1zYD18UB3dMQ5dfopvI=,HoAkRB4jiC9Q9VDKF18ShzNMSv0=
-1,-2,XYpTnOEx1zYD18UB3dMQ5dfopvI=,Nxc1ka/dsYMjSLm7+M/JDtYMs/s=
-1,-3,XYpTnOEx1zYD18UB3dMQ5dfopvI=,GxI9ELbXZB7UqVDMXlc92KEw6m4=
-1,-4,XYpTnOEx1zYD18UB3dMQ5dfopvI=,UeZrslbceopcG0xPOnY2+Hbal8w=
-1,-5,XYpTnOEx1zYD18UB3dMQ5dfopvI=,LmvshA8KAnoZ4yhxJgOpbahO1rc=
-1,-6,XYpTnOEx1zYD18UB3dMQ5dfopvI=,+SSnwou5zAs3+1CIH4YRRZ49thE=
-1,-7,XYpTnOEx1zYD18UB3dMQ5dfopvI=,BFHA/V8TCF2SOhAZp2NKXNY5LHU=
-1,-8,XYpTnOEx1zYD18UB3dMQ5dfopvI=,d72e5GqNhcNNoUp8/mSch7ynbYE=
-1,-9,XYpTnOEx1zYD18UB3dMQ5dfopvI=,hmaaDUwSOE+1wvT3NlZUwj0y2mc=
-1,-10,XYpTnOEx1zYD18UB3dMQ5dfopvI=,BY9C9GvhXaZ0aQvDlceVDAurJ8E=
-1,-11,XYpTnOEx1zYD18UB3dMQ5dfopvI=,msCYQYHUvJ5+Heysi/dMp6J+xpA=
-1,-12,XYpTnOEx1zYD18UB3dMQ5dfopvI=,4y3Vtiz07AOYqisb02/bIQcP7VQ=
-1,-13,XYpTnOEx1zYD18UB3dMQ5dfopvI=,SnnvrKVXBOI9QHY88jvS4R2mRcI=
-1,-14,XYpTnOEx1zYD18UB3dMQ5dfopvI=,JsPLh8wu05nTyXi9Lz7mHFy1vxU=
-1,-15,XYpTnOEx1zYD18UB3dMQ5dfopvI=,KlF2+mIMCWAYEyxSZsaRPhomHww=
-1,-16,XYpTnOEx1zYD18UB3dMQ5dfopvI=,CYHqOQ89o/wsM5GHrTEj7W7KZ18=
-1,-17,XYpTnOEx1zYD18UB3dMQ5dfopvI=,ylU+FaIuDlf3WVaK16O0/IwWVNs=
-1,-18,XYpTnOEx1zYD18UB3dMQ5dfopvI=,Eb6XuL+DN+xasqDGSsDEcjTdGKY=
-1,-19,XYpTnOEx1zYD18UB3dMQ5dfopvI=,BmYgae6Iv2cl11AlqMFZC+upe+8=
-1,-20,XYpTnOEx1zYD18UB3dMQ5dfopvI=,CEAOeQCyMuB3EZzXCuAbcyp9rCo=
-2,-2,XYpTnOEx1zYD18UB3dMQ5dfopvI=,LblAqeugZZpmC1SubRKLqOre1Cw=
-2,-1,DBtlqyCwWCmFz+nyQ7+79eTYQUU=,gZKLKFB8RqViRkRXwovTilBfEzs=
-2,-4,DBtlqyCwWCmFz+nyQ7+79eTYQUU=,iMNjjHEY2ACUp8hsroLBXhHIScA=
-2,-3,DBtlqyCwWCmFz+nyQ7+79eTYQUU=,9xq/l7AzdW6NTPiSVzEPl9mhePo=
-2,-6,DBtlqyCwWCmFz+nyQ7+79eTYQUU=,zirAOxkZNsbN9NAc1obymgxd4CI=
-2,-5,DBtlqyCwWCmFz+nyQ7+79eTYQUU=,03piNK4PGC6Z3clZlvfL+SzvJF0=
-2,-8,DBtlqyCwWCmFz+nyQ7+79eTYQUU=,OT1wigrlfmT+GF9Zqp5yPkH/I+o=
-2,-7,DBtlqyCwWCmFz+nyQ7+79eTYQUU=,ytOC/bj9PeYN458g9H5LX41S7Wg=
-2,-10,DBtlqyCwWCmFz+nyQ7+79eTYQUU=,XVwkNcV1vQM33wRDf823i8wXvzw=
-2,-9,DBtlqyCwWCmFz+nyQ7+79eTYQUU=,QwATvo7bcYslyJmWRBjxmcqI3FM=
-2,-12,DBtlqyCwWCmFz+nyQ7+79eTYQUU=,NmD9fdk637dYA3InUFk0yF2+Ut8=
-2,-11,DBtlqyCwWCmFz+nyQ7+79eTYQUU=,NUhFeT3eg4k1qWfAVG3lMpPRtYk=
-2,-14,DBtlqyCwWCmFz+nyQ7+79eTYQUU=,8qG4MgKqZJIiWbkeM6/8AVc6SXw=
-2,-13,DBtlqyCwWCmFz+nyQ7+79eTYQUU=,KlUXDrdTAG1HrY1IlcMCLs7UB/c=
-2,-16,DBtlqyCwWCmFz+nyQ7+79eTYQUU=,VUZ0yosN8sUT+iOm7GrBGyQ6pe0=
-2,-15,DBtlqyCwWCmFz+nyQ7+79eTYQUU=,8sHSjIOGRe0T93v7/Vra0oZIenc=
-2,-18,DBtlqyCwWCmFz+nyQ7+79eTYQUU=,/XB/3K3LG+d4sPDonv7ffNipdug=
-2,-17,DBtlqyCwWCmFz+nyQ7+79eTYQUU=,UYoXKiN7HiTe1d+Xsi8I76p3l08=
-2,-20,DBtlqyCwWCmFz+nyQ7+79eTYQUU=,hjZ3Bj58ZbDy8HV9EjJgkcRIZyU=
-2,-19,DBtlqyCwWCmFz+nyQ7+79eTYQUU=,dJxHUr9vVTNcM6Jbsv0U742CpJU=
-3,-3,DBtlqyCwWCmFz+nyQ7+79eTYQUU=,aFarGdWVdLnp6r5bvvBdlXchKlY=
-3,-4,DBtlqyCwWCmFz+nyQ7+79eTYQUU=,UPOJfp8F4mxm0s5mnvpSj6v7KgM=
-3,-1,DBtlqyCwWCmFz+nyQ7+79eTYQUU=,T6ZXNaWRuLDM8MsJOZupPIIO7iA=
-3,-2,DBtlqyCwWCmFz+nyQ7+79eTYQUU=,EKYaeFpJEJGptu95ux0p3i5vZJY=
-3,-7,DBtlqyCwWCmFz+nyQ7+79eTYQUU=,qlr65k6HE5nYSHtb+Tu/e0BIpVU=
-3,-8,DBtlqyCwWCmFz+nyQ7+79eTYQUU=,WU5zExgP6YpUHMqI1S+K+Vfw8ek=
-3,-5,DBtlqyCwWCmFz+nyQ7+79eTYQUU=,bZFkaim9HQKKYyobQugbcjcLmig=
-3,-6,DBtlqyCwWCmFz+nyQ7+79eTYQUU=,YCU7NVArai39OEmun2MeU5PW0TM=
-3,-11,DBtlqyCwWCmFz+nyQ7+79eTYQUU=,UXk/AH9HYiFD4Pe+BVH7xToz9JU=
-3,-12,alzWi9yEyRDgCdBKxFQy48PHA9s=,PaCNpyaojX3f0UhdHIxDiH8reks=
-3,-9,alzWi9yEyRDgCdBKxFQy48PHA9s=,3PYxSQg7E5D4GlSuSOPw1dBxVOw=
-3,-10,alzWi9yEyRDgCdBKxFQy48PHA9s=,8FKOpbb1ng9ZgBZH0Nu8ynOg9+k=
-3,-15,alzWi9yEyRDgCdBKxFQy48PHA9s=,hfkpU4+53KjY3AwH0bxP2dQlkWk=
-3,-16,alzWi9yEyRDgCdBKxFQy48PHA9s=,ijAbfcWogkHItpqA5VKXctJKF9w=
-3,-13,alzWi9yEyRDgCdBKxFQy48PHA9s=,Gf65IC7qT396yZUtFYfiP091hgE=
-3,-14,alzWi9yEyRDgCdBKxFQy48PHA9s=,SwoQbNWdv8NxDJrHMFLPdBnZNpA=
-3,-19,alzWi9yEyRDgCdBKxFQy48PHA9s=,9RMSq+Hi96KWksDK+qrQ53Ydd0E=
-3,-20,alzWi9yEyRDgCdBKxFQy48PHA9s=,+4QNIJRV9pYcFgxCvtcD990Ymdo=
-3,-17,alzWi9yEyRDgCdBKxFQy48PHA9s=,WwJfLxw8g1zI/xkzpFR/Q8ECveg=
-3,-18,alzWi9yEyRDgCdBKxFQy48PHA9s=,sHTGdwYg4LiSErAajeQCgf1z7r8=
-4,-4,alzWi9yEyRDgCdBKxFQy48PHA9s=,QjawU/vHi1uJWqIphvRwVsAjEJU=
-4,-3,alzWi9yEyRDgCdBKxFQy48PHA9s=,1NA8DSKw0iTKq4jm+yVkANfRtgM=
-4,-2,alzWi9yEyRDgCdBKxFQy48PHA9s=,72iPLQT90UxSdn+vycfdrGnQMvY=
-4,-1,alzWi9yEyRDgCdBKxFQy48PHA9s=,Zl2sadDtY4RSbl9schZ1+KNnzQo=
-4,-8,alzWi9yEyRDgCdBKxFQy48PHA9s=,qYCIpTG9hhBWBD8fGWk6gSCYqhg=
-4,-7,alzWi9yEyRDgCdBKxFQy48PHA9s=,qlr65k6HE5nYSHtb+Tu/e0BIpVU=
-4,-6,alzWi9yEyRDgCdBKxFQy48PHA9s=,7KFVNAYSOfLdHe12DO/W0n/lhdM=
-4,-5,alzWi9yEyRDgCdBKxFQy48PHA9s=,uH8S85wZ0cHand267L2czVHkYxI=
-4,-12,alzWi9yEyRDgCdBKxFQy48PHA9s=,STZyxcczI4uIo65jRXGFCng4meE=
-4,-11,alzWi9yEyRDgCdBKxFQy48PHA9s=,M7aOlucD8bXxUs6cZe3X+iajZ9c=
-4,-10,alzWi9yEyRDgCdBKxFQy48PHA9s=,M7aOlucD8bXxUs6cZe3X+iajZ9c=
-4,-9,alzWi9yEyRDgCdBKxFQy48PHA9s=,M7aOlucD8bXxUs6cZe3X+iajZ9c=
-4,-16,alzWi9yEyRDgCdBKxFQy48PHA9s=,29j2X4jOS8r5csf/BYwUNvevQGM=
-4,-15,alzWi9yEyRDgCdBKxFQy48PHA9s=,ZKKiT1Abbxg4E96KQJe2lxkJS2U=
-4,-14,alzWi9yEyRDgCdBKxFQy48PHA9s=,ymTABz3dy0jTTx37ubOFsFClRk8=
-4,-13,alzWi9yEyRDgCdBKxFQy48PHA9s=,aIy3qkE9qlTh1t4Ea5OYTf+dQqw=
-4,-20,alzWi9yEyRDgCdBKxFQy48PHA9s=,2y7xbH8s3OwyH83oDsqEt6mlnD0=
-4,-19,alzWi9yEyRDgCdBKxFQy48PHA9s=,7MJQg1Lw5Ayqff1RnmIJZe1yCJ8=
-4,-18,alzWi9yEyRDgCdBKxFQy48PHA9s=,G2WA5GkfZ6TDxJsn8hH+gZeyvZs=
-4,-17,alzWi9yEyRDgCdBKxFQy48PHA9s=,HD8z2Dq0YZOUbglW4z7EHxyqBjw=
-5,-5,Zo7Lw4LKYer/wI9mxYJFbvYxJAc=,DmfnGGbcFdKKXsxp0k5AdYF07fg=
-5,-6,Zo7Lw4LKYer/wI9mxYJFbvYxJAc=,z3W2hbUiQTqoiSGyL3NbHTcrEZk=
-5,-7,Zo7Lw4LKYer/wI9mxYJFbvYxJAc=,kVyhQSQEdYUeUakG88sp9CttNjo=
-5,-8,Zo7Lw4LKYer/wI9mxYJFbvYxJAc=,/M9gFQdeaNr+M4tB6+WyZi2d5P0=
-5,-1,Zo7Lw4LKYer/wI9mxYJFbvYxJAc=,gV+tLnCiaOtKwoBuUJFkXUAUA+c=
-5,-2,Zo7Lw4LKYer/wI9mxYJFbvYxJAc=,Ft9h7/uOKUmIc5BPV/yaezy9eT4=
-5,-3,Zo7Lw4LKYer/wI9mxYJFbvYxJAc=,L3dFfYenaB83GSHGD0Vk7Xwa5iE=
-5,-4,Zo7Lw4LKYer/wI9mxYJFbvYxJAc=,XAqE3okCFufsAL0E/rStk2sxWww=
-5,-13,Zo7Lw4LKYer/wI9mxYJFbvYxJAc=,yMMPM3I6jmslDAIduJp63XgSDDA=
-5,-14,Zo7Lw4LKYer/wI9mxYJFbvYxJAc=,06YP/yP15FQS7Gr4/MT+0hdBpwQ=
-5,-15,Zo7Lw4LKYer/wI9mxYJFbvYxJAc=,BzfJC6OjCaGVIoiIJ8IadkpQR5M=
-5,-16,Zo7Lw4LKYer/wI9mxYJFbvYxJAc=,hAvMOHjULyBr+WiN+4tz0esfIoc=
-5,-9,Zo7Lw4LKYer/wI9mxYJFbvYxJAc=,ctbMRitRXMUtr1YbSrK8Njl8Te0=
-5,-10,Zo7Lw4LKYer/wI9mxYJFbvYxJAc=,HR9EVK4b7E+opMXaTgJd7WUcbm8=
-5,-11,Zo7Lw4LKYer/wI9mxYJFbvYxJAc=,kkqTxd553cvh33HktTIsnpI1BXk=
-5,-12,Zo7Lw4LKYer/wI9mxYJFbvYxJAc=,f2keFIJn+UlzXB7RhHHmRnPj0uA=
-5,-17,Zo7Lw4LKYer/wI9mxYJFbvYxJAc=,JhaoPpUa3AE6bUsF+2arJzW97oY=
-5,-18,Zo7Lw4LKYer/wI9mxYJFbvYxJAc=,pebWMsPSHChRqYr7aNH7PxnJY+g=
-5,-19,Zo7Lw4LKYer/wI9mxYJFbvYxJAc=,mcWT9KOXTPXFACR4qDLeA50evHc=
-5,-20,Zo7Lw4LKYer/wI9mxYJFbvYxJAc=,TAy436eU6uF3YJj+MI0MVD6qH+0=
-6,-6,Zo7Lw4LKYer/wI9mxYJFbvYxJAc=,zkAe1vYfdbsM33L7Fa6H7JfvQ4c=
-6,-5,Zo7Lw4LKYer/wI9mxYJFbvYxJAc=,51vq1KrhZ1y9L1JGV626KkIX2vM=
-6,-8,VEDiYCPflem+/GcrWrF5jYAuHMQ=,dc+Hm73oLeEBJMfxyAOhjLae6G4=
-6,-7,VEDiYCPflem+/GcrWrF5jYAuHMQ=,+n4//v9UZlKYFP1cfknj+oyW4oE=
-6,-2,VEDiYCPflem+/GcrWrF5jYAuHMQ=,3hHBHZ8XML3I6vBmDOMjoypJTOU=
-6,-1,VEDiYCPflem+/GcrWrF5jYAuHMQ=,qLzwI1XDMKnNuzJSR5qUMPDpja8=
-6,-4,VEDiYCPflem+/GcrWrF5jYAuHMQ=,H4Vip5GdigogjO/RsvtQXia+Wus=
-6,-3,VEDiYCPflem+/GcrWrF5jYAuHMQ=,C+oGD9sqPV3N0hxr9arxoeg/kg0=
-6,-14,VEDiYCPflem+/GcrWrF5jYAuHMQ=,Z8piJFDb2jz1ZYP4DHmJzX7sVNY=
-6,-13,VEDiYCPflem+/GcrWrF5jYAuHMQ=,UEq5O381noQzl6R/4f4MR73F4+U=
-6,-16,VEDiYCPflem+/GcrWrF5jYAuHMQ=,xhbfHHJDHoToEwdc8DsvALWobxY=
-6,-15,VEDiYCPflem+/GcrWrF5jYAuHMQ=,sDGGLAUVFamX6dVhfDx4HutDbCY=
-6,-10,VEDiYCPflem+/GcrWrF5jYAuHMQ=,uSvRQV3iGI3o154ZCx5ldSeNvNA=
-6,-9,VEDiYCPflem+/GcrWrF5jYAuHMQ=,QaBi7z2gPNtoZYATaYXSxKcqGWM=
-6,-12,VEDiYCPflem+/GcrWrF5jYAuHMQ=,+A05ScKCDblXDbFf0lLLvTVqF5g=
-6,-11,VEDiYCPflem+/GcrWrF5jYAuHMQ=,bE4a+2bNhwYBT7boNetjq+Qr3Y4=
-6,-18,VEDiYCPflem+/GcrWrF5jYAuHMQ=,N6PcjVLMMGgKUQ8SVcZtEKfi498=
-6,-17,VEDiYCPflem+/GcrWrF5jYAuHMQ=,c9Q3BpUASnuoqLMhdp5JyfO5cg4=
-6,-20,VEDiYCPflem+/GcrWrF5jYAuHMQ=,e8Euue/fJrubKv3Nm7ZE7WmOxgA=
-6,-19,VEDiYCPflem+/GcrWrF5jYAuHMQ=,WPDRiXApBZNiX/xs0z0Zc2ZHBD0=
-7,-7,VEDiYCPflem+/GcrWrF5jYAuHMQ=,37xTSJd8tUyBW5F2WGG2xwwaXN4=
-7,-8,VEDiYCPflem+/GcrWrF5jYAuHMQ=,VtTvI0g36ovZOGfIjGt9JbUT8ZA=
-7,-5,VEDiYCPflem+/GcrWrF5jYAuHMQ=,2EjZ5dzN2YZ56hizNwrNio9cvNQ=
-7,-6,VEDiYCPflem+/GcrWrF5jYAuHMQ=,vat0D1qn+hKBPGQ8C1FDcuZm9TY=
-7,-3,VEDiYCPflem+/GcrWrF5jYAuHMQ=,5KO+g2UWbTPvvakgg5diJiMPr+I=
-7,-4,VEDiYCPflem+/GcrWrF5jYAuHMQ=,cIuHX1va6H/QYRyMz3jEvJl2CbU=
-7,-1,VEDiYCPflem+/GcrWrF5jYAuHMQ=,3RHeDN5IWq6sUrpVaDoUTf20QdU=
-7,-2,VEDiYCPflem+/GcrWrF5jYAuHMQ=,C6Vx5lThADSDpEUxbTEf13qwfmQ=
-7,-15,Ii23LKmCWp5GbtXLGQwo4LOkpL8=,OjCUuExXZojyO/S+8/+1a27AEW4=
-7,-16,Ii23LKmCWp5GbtXLGQwo4LOkpL8=,5AtCrjFZDCPsUVdQhON5eyNIxZA=
-7,-13,Ii23LKmCWp5GbtXLGQwo4LOkpL8=,+W5iWnX6FdPdPgUT2+XfWxgl8D8=
-7,-14,Ii23LKmCWp5GbtXLGQwo4LOkpL8=,Ff+rthXvkAGGnPeOmd5XDjwNhVo=
-7,-11,Ii23LKmCWp5GbtXLGQwo4LOkpL8=,YhtJ5RVZ58sxcW+Sy8cxnEwgvV0=
-7,-12,Ii23LKmCWp5GbtXLGQwo4LOkpL8=,gLuEFde+JLf4FeCvXsMoDHKfzok=
-7,-9,Ii23LKmCWp5GbtXLGQwo4LOkpL8=,nRR6oLEPyPyVBLZ5L3vHhKe4mb8=
-7,-10,Ii23LKmCWp5GbtXLGQwo4LOkpL8=,Y0R/OlwM/qJ7jsWB/qC52j/lEdo=
-7,-19,Ii23LKmCWp5GbtXLGQwo4LOkpL8=,9uBqd4S6/u5W5XsvXiBEpfc5UHQ=
-7,-20,Ii23LKmCWp5GbtXLGQwo4LOkpL8=,xGyF64rpD99KNRI2qFaQUo9IKlE=
-7,-17,Ii23LKmCWp5GbtXLGQwo4LOkpL8=,vEvSBNx1/Oaxk/Mi5xvPL0tU5Ts=
-7,-18,Ii23LKmCWp5GbtXLGQwo4LOkpL8=,GShyhcFPpf9UwVMV9u3MkotJoLc=
-8,-8,Ii23LKmCWp5GbtXLGQwo4LOkpL8=,PXVnoL/WLI33KcvEKEblSuaV4M0=
-8,-7,Ii23LKmCWp5GbtXLGQwo4LOkpL8=,/+0vt37Uhmvc5GJ0CC7+Y6pAYLQ=
-8,-6,Ii23LKmCWp5GbtXLGQwo4LOkpL8=,DjH1HnU0vBSqQAzXt66V715vCK8=
-8,-5,Ii23LKmCWp5GbtXLGQwo4LOkpL8=,q5i+yv/ROS4fK8gUqjEOzDYgfX8=
-8,-4,Ii23LKmCWp5GbtXLGQwo4LOkpL8=,s5FL73zi8WgWBiAyXQ+U7KYnNmI=
-8,-3,Ii23LKmCWp5GbtXLGQwo4LOkpL8=,/9dY9sorJ9iUEUm+SOuACTFACrk=
-8,-2,Ii23LKmCWp5GbtXLGQwo4LOkpL8=,gFOyifP0fFBFieipKrnmkdxGaeE=
-8,-1,Ii23LKmCWp5GbtXLGQwo4LOkpL8=,EsuzYuUSAhV/tAsx3dWjGorHoGI=
-8,-16,Ii23LKmCWp5GbtXLGQwo4LOkpL8=,wHTCbiOX7+ok4aEPjzOg2o7uZgo=
-8,-15,Ii23LKmCWp5GbtXLGQwo4LOkpL8=,4wZsPI3PNe5NzG5cTe6emfsxKTw=
-8,-14,Ii23LKmCWp5GbtXLGQwo4LOkpL8=,9JrrAFS/F/1tplP3UChVeNsbLo4=
-8,-13,Ii23LKmCWp5GbtXLGQwo4LOkpL8=,4XmKr3AUq7VQ5lhR5AJKR/B7gEM=
-8,-12,Ii23LKmCWp5GbtXLGQwo4LOkpL8=,T3sNKwMO9K+h3a4NB8NvrUlQZto=
-8,-11,DoUK7v08c5T5l1swjhe98Us3WqE=,war1erW+cTVvEJBSF6m3b13/LGw=
-8,-10,DoUK7v08c5T5l1swjhe98Us3WqE=,Ga/DM9z1mX2Y9WqxEtapiuKf0KM=
-8,-9,DoUK7v08c5T5l1swjhe98Us3WqE=,AUGC/XR1q3yOujoT78jWOFtJXIs=
-8,-20,DoUK7v08c5T5l1swjhe98Us3WqE=,SCW52F5rsmET0IkDFtZTmFxnYKU=
-8,-19,DoUK7v08c5T5l1swjhe98Us3WqE=,taGnvYTmoldQ6lfR1RoPc/T/0kU=
-8,-18,DoUK7v08c5T5l1swjhe98Us3WqE=,yOmxoAVgDSnC6hRkjRtlNDQLSs0=
-8,-17,DoUK7v08c5T5l1swjhe98Us3WqE=,81rC9Rvyxq+7ljamaOz222nEt2s=
-9,-9,DoUK7v08c5T5l1swjhe98Us3WqE=,av4p92iurGkGD2M5/CDAQ0X/VXI=
-9,-10,DoUK7v08c5T5l1swjhe98Us3WqE=,jZ1bylZMskVxTllCFOwqIa2tSuQ=
-9,-11,DoUK7v08c5T5l1swjhe98Us3WqE=,MD80n5EKKaIBAssiUDptgTNLSxE=
-9,-12,DoUK7v08c5T5l1swjhe98Us3WqE=,HztQMs4P4qy4KSSu8DwTv+CwL9A=
-9,-13,DoUK7v08c5T5l1swjhe98Us3WqE=,HztQMs4P4qy4KSSu8DwTv+CwL9A=
-9,-14,DoUK7v08c5T5l1swjhe98Us3WqE=,gtj3I2iVMM/+SyKi7QPgfdQmKwU=
-9,-15,DoUK7v08c5T5l1swjhe98Us3WqE=,fWuBErt/K83a60i3j0kDMHJMwiI=
-9,-16,DoUK7v08c5T5l1swjhe98Us3WqE=,6IAZ92QSwpC3MqkEuwzUFXg89ng=
-9,-1,DoUK7v08c5T5l1swjhe98Us3WqE=,cErs0a88d9JQ8TyPCWvSX7jNixk=
-9,-2,DoUK7v08c5T5l1swjhe98Us3WqE=,qH3emYhpQtBr7Sx79LfJ2E4VPaE=
-9,-3,DoUK7v08c5T5l1swjhe98Us3WqE=,6LGW5i/rzynV1tVI+iOFvypcoY0=
-9,-4,DoUK7v08c5T5l1swjhe98Us3WqE=,BQGQ9E0KCJUUvhQnTwlSq7kNquk=
-9,-5,DoUK7v08c5T5l1swjhe98Us3WqE=,DxzJ4Rzv5pn/z1hQ8MqVNOPWZ7s=
-9,-6,DoUK7v08c5T5l1swjhe98Us3WqE=,vcPyi8H1vNMdA7z7Su9rPEyZ+Pc=
-9,-7,DoUK7v08c5T5l1swjhe98Us3WqE=,VoCTnnS42BsAexAC2vBZQPxOaPg=
-9,-8,DoUK7v08c5T5l1swjhe98Us3WqE=,uzjfHbyU+lETa4QTQerbZrqkGDo=
-9,-17,whQBKcyNzBV2e0/MB+svghO0FOg=,CnSvBWD3ebZbnVtJyAz4ZUQXVw8=
-9,-18,whQBKcyNzBV2e0/MB+svghO0FOg=,pew1+sv6Y9DmCUtDfmwHkGn5Xio=
-9,-19,whQBKcyNzBV2e0/MB+svghO0FOg=,Y5ha+hKYc+4M3q/Z7rN5gqozvwI=
-9,-20,whQBKcyNzBV2e0/MB+svghO0FOg=,cksUPGW6/096gGuCTzgMCX6AwfI=
-10,-10,whQBKcyNzBV2e0/MB+svghO0FOg=,swCLINIKuioISckxkjimEdLf+UM=
-10,-9,whQBKcyNzBV2e0/MB+svghO0FOg=,0hJaNEv8SaNQk8USwL2SzKCkCe4=
-10,-12,whQBKcyNzBV2e0/MB+svghO0FOg=,ElXzdSCDwgF5OtCa6DIAhDNTKpI=
-10,-11,whQBKcyNzBV2e0/MB+svghO0FOg=,PWoMqttO6Zm8847ZuHDpabETp/k=
-10,-14,whQBKcyNzBV2e0/MB+svghO0FOg=,kVH1nLPVb3V9/ahYg3Zv4rCvjUk=
-10,-13,whQBKcyNzBV2e0/MB+svghO0FOg=,ElXzdSCDwgF5OtCa6DIAhDNTKpI=
-10,-16,whQBKcyNzBV2e0/MB+svghO0FOg=,6xhpvObcuN1oKVcM8HpO0eNYMas=
-10,-15,whQBKcyNzBV2e0/MB+svghO0FOg=,gd+bINs/4k+qn4e4Ykj5V7KzXac=
-10,-2,whQBKcyNzBV2e0/MB+svghO0FOg=,Uw9OGr/H9Ugo1CH4VfCCcte7oDI=
-10,-1,whQBKcyNzBV2e0/MB+svghO0FOg=,IubGwORzTnDva5nfMUi3nJ4Po8M=
-10,-4,whQBKcyNzBV2e0/MB+svghO0FOg=,5W6Mo225Ly1LYwvb6EX0MFnRJMU=
-10,-3,whQBKcyNzBV2e0/MB+svghO0FOg=,MfMa7JqhotEaNpBap7FYucnvfo4=
-10,-6,whQBKcyNzBV2e0/MB+svghO0FOg=,2+Nj+WIBZ4e+QEW7vgUSg5diLCo=
-10,-5,whQBKcyNzBV2e0/MB+svghO0FOg=,z6ZpSsPvGbgE2XQJPdXQ57NVbGA=
-10,-8,whQBKcyNzBV2e0/MB+svghO0FOg=,KXfBwKAK5VLOkK7b2FUpZDmyWAY=
-10,-7,whQBKcyNzBV2e0/MB+svghO0FOg=,oQejxskf0lsw07QdGqroqwOqITo=
-10,-18,whQBKcyNzBV2e0/MB+svghO0FOg=,CaSAgfn2CkDA1USESRAjn+4j4e4=
-10,-17,whQBKcyNzBV2e0/MB+svghO0FOg=,BLRtI4gzvFs1OHoSqcmeZGVqW7k=
-10,-20,whQBKcyNzBV2e0/MB+svghO0FOg=,Zv508Wf2nw2kjkO+I1qH8DkjTp4=
-10,-19,whQBKcyNzBV2e0/MB+svghO0FOg=,Y2hP4F92pv1BYQuuamhWR+4QzXs=
-11,-11,3XVe44uHM4T4i9lTuSyrg6sEPEk=,/FF04KCaPYJCE6TY2yljRH9m30M=
-11,-12,3XVe44uHM4T4i9lTuSyrg6sEPEk=,G22j9m2WsA84/078fVOzWmqvHqI=
-11,-9,3XVe44uHM4T4i9lTuSyrg6sEPEk=,1d7RiwtfvDyaaTvWiDYvKrLGBo4=
-11,-10,3XVe44uHM4T4i9lTuSyrg6sEPEk=,idXzG++aNzdpUwCx41BDjZhItHU=
-11,-15,3XVe44uHM4T4i9lTuSyrg6sEPEk=,c6B6gIpGwIArbbx8QOFHzN+M1Ho=
-11,-16,3XVe44uHM4T4i9lTuSyrg6sEPEk=,m615FDt1rsou3GCLK/bXV0IYsQc=
-11,-13,3XVe44uHM4T4i9lTuSyrg6sEPEk=,8/Z5u+7bpdbpbUqhNBZLRvTBn7o=
-11,-14,3XVe44uHM4T4i9lTuSyrg6sEPEk=,QUr5iKdCzXHwCCA1kdg7mqI531w=
-11,-3,3XVe44uHM4T4i9lTuSyrg6sEPEk=,Y8hOmxRIoC8BqTp13+B1LxTkVws=
-11,-4,3XVe44uHM4T4i9lTuSyrg6sEPEk=,kP18+L7lZWkkCCcswaL79oWM53M=
-11,-1,3XVe44uHM4T4i9lTuSyrg6sEPEk=,k4hjaFNdBA45tJgd61T0Y4ICT9w=
-11,-2,3XVe44uHM4T4i9lTuSyrg6sEPEk=,Arvj18BDPw5uhEUbsGpruR7s05U=
-11,-7,3XVe44uHM4T4i9lTuSyrg6sEPEk=,UBUxz+smfSV0ymqQqxHdW+2LxJ8=
-11,-8,3XVe44uHM4T4i9lTuSyrg6sEPEk=,jfB5w+IpBlyvuQ3v7F1ePTbhtYk=
-11,-5,3XVe44uHM4T4i9lTuSyrg6sEPEk=,gIdadBYX9jWcWxv7u6nbLUsaDrk=
-11,-6,3XVe44uHM4T4i9lTuSyrg6sEPEk=,6jyxEuw1CKAXcV8Arqr8J2PC61c=
-11,-19,3XVe44uHM4T4i9lTuSyrg6sEPEk=,35F6kYX1NjG15K6pIL4Yl018r1w=
-11,-20,3XVe44uHM4T4i9lTuSyrg6sEPEk=,zveWzCFinJRgBU640MspCRp6Uyw=
-11,-17,3XVe44uHM4T4i9lTuSyrg6sEPEk=,imoJJ90EY4Jv31yOiLi+1qdiuvk=
-11,-18,3XVe44uHM4T4i9lTuSyrg6sEPEk=,qLxB9VAQOh91UYMA+w9xOortIEM=
-12,-12,3XVe44uHM4T4i9lTuSyrg6sEPEk=,P20MaVqZgQJh4RJNBnbIt65zSpo=
-12,-11,3XVe44uHM4T4i9lTuSyrg6sEPEk=,NiSu5iRQn9Qawrp/+cX46BA5zro=
-12,-10,3XVe44uHM4T4i9lTuSyrg6sEPEk=,6mUbl8Fuc5cKjvs2rvRdLDPxqns=
-12,-9,z/VOTV4faTUoMDxVXP8Ezrtolpg=,ypBh470X/t4MrEZ1Mbpoye0gAKA=
-12,-16,z/VOTV4faTUoMDxVXP8Ezrtolpg=,5+Fi8mzVi6P3ZYWd0xR6wTyEE1o=
-12,-15,z/VOTV4faTUoMDxVXP8Ezrtolpg=,8DJVNgT/Z68RHK/M/USUaRETYu4=
-12,-14,z/VOTV4faTUoMDxVXP8Ezrtolpg=,AZKXHroBlSyxA4gabWPf92yyccs=
-12,-13,z/VOTV4faTUoMDxVXP8Ezrtolpg=,jrGMtYLjXk4oEGm+II7ZZtqw51g=
-12,-4,z/VOTV4faTUoMDxVXP8Ezrtolpg=,cupFMZY1yDBc1iooNrIKESB99Uw=
-12,-3,z/VOTV4faTUoMDxVXP8Ezrtolpg=,kuhPMqUhYu+TOj3arhZkY35GnGI=
-12,-2,z/VOTV4faTUoMDxVXP8Ezrtolpg=,JnxEW9IIO+nr3jzy9X6en4oRlC0=
-12,-1,z/VOTV4faTUoMDxVXP8Ezrtolpg=,VJ9blVkTf5l3wkR2CjhJYN04YhU=
-12,-8,z/VOTV4faTUoMDxVXP8Ezrtolpg=,dLKEA+3+5b+tZ3bMq8gDHSSwkX0=
-12,-7,z/VOTV4faTUoMDxVXP8Ezrtolpg=,T4bWFOYWIrVOiBK3CxaUvnYG5J8=
-12,-6,z/VOTV4faTUoMDxVXP8Ezrtolpg=,12wXYVgqpQzPRUfhZNoX86fZ9Vs=
-12,-5,z/VOTV4faTUoMDxVXP8Ezrtolpg=,RRs21Yrlj3t2LQpJtZHlBg5JcKk=
-12,-20,z/VOTV4faTUoMDxVXP8Ezrtolpg=,eHljcBFNfwKRjMtGMiJIYomB0Q4=
-12,-19,z/VOTV4faTUoMDxVXP8Ezrtolpg=,o650ZKKTtmuoOho+gfrQUqkipCk=
-12,-18,z/VOTV4faTUoMDxVXP8Ezrtolpg=,J3XyIQrqcH3laTQihWFu/FGIjTc=
-12,-17,z/VOTV4faTUoMDxVXP8Ezrtolpg=,m1MVaQ/wU4jkkASJUcA6UmBIkWs=
-13,-13,z/VOTV4faTUoMDxVXP8Ezrtolpg=,Btx2TMRj72nRokIDurZJxj2DZQM=
-13,-14,z/VOTV4faTUoMDxVXP8Ezrtolpg=,X4MFnkLA3jhFJHxw5YXywDzrrcs=
-13,-15,z/VOTV4faTUoMDxVXP8Ezrtolpg=,Po/QOPomLyL9UnJJudU9DHtjXyI=
-13,-16,z/VOTV4faTUoMDxVXP8Ezrtolpg=,kizo4H8i3askvMnUbssha6ZH3i0=
-13,-9,z/VOTV4faTUoMDxVXP8Ezrtolpg=,ULYMqkaZ4vFyR6eAXZHqJH2AYYg=
-13,-10,z/VOTV4faTUoMDxVXP8Ezrtolpg=,tUlg/CxxjU1Xaya4/kQ94GF9WN4=
-13,-11,NUeaoGb4n3j/motOoo+kqz80mNM=,SBbKVQf7SuKV1TEhSd9mvlshgq0=
-13,-12,NUeaoGb4n3j/motOoo+kqz80mNM=,x4t96wXalqp+sg7cXWF8u/c1jZ0=
-13,-5,NUeaoGb4n3j/motOoo+kqz80mNM=,YV9IaJZzVxWPsGuz7yzeAmhjYxM=
-13,-6,NUeaoGb4n3j/motOoo+kqz80mNM=,6bPv0bfXhnF6oCW3fxZ4Q6r1PiU=
-13,-7,NUeaoGb4n3j/motOoo+kqz80mNM=,pHc0hkkq0qWbD5C2xcC7Jdl1q9Y=
-13,-8,NUeaoGb4n3j/motOoo+kqz80mNM=,8ZlNxzz7BCP6eUoVrwcbDqJ58pY=
-13,-1,NUeaoGb4n3j/motOoo+kqz80mNM=,v3wp4W5Y67LaW7QLeHbv5hlFEic=
-13,-2,NUeaoGb4n3j/motOoo+kqz80mNM=,Eu4X9cGRy4Jdc7jHVgjNWmwkyPk=
-13,-3,NUeaoGb4n3j/motOoo+kqz80mNM=,reyLWVqAcYFADBUx3U4q8dP2dqg=
-13,-4,NUeaoGb4n3j/motOoo+kqz80mNM=,IlKTsX8H5txU+2n11pTNnlJUcEM=
-13,-17,NUeaoGb4n3j/motOoo+kqz80mNM=,tl0PJ/RPWA0OlhKfwvHS7QBEGzY=
-13,-18,NUeaoGb4n3j/motOoo+kqz80mNM=,kIiExoUflll5+psTBV911vOYAyM=
-13,-19,NUeaoGb4n3j/motOoo+kqz80mNM=,kHfu4PG3lFFLOgfO2neaRLAFsZM=
-13,-20,NUeaoGb4n3j/motOoo+kqz80mNM=,Dzr8Ac7t3SLMOf6MGdbNHGPyhqk=
-14,-14,NUeaoGb4n3j/motOoo+kqz80mNM=,26sH8K1RePZcwQbKW8PkmnfBv6k=
-14,-13,NUeaoGb4n3j/motOoo+kqz80mNM=,m5rcOSKMn4FcW1ydaIaC9ZfkqjY=
-14,-16,NUeaoGb4n3j/motOoo+kqz80mNM=,+C0C/jO3OJ27lnbTHCrM/+9dmJY=
-14,-15,NUeaoGb4n3j/motOoo+kqz80mNM=,DxpeXiS39jTgPjPnS+OnNHMBpvk=
-14,-10,NUeaoGb4n3j/motOoo+kqz80mNM=,G7OpFV4WTjr+unF+PyPy7cA26o0=
-14,-9,NUeaoGb4n3j/motOoo+kqz80mNM=,+G8U6CQ/1A1jmBNNZ4PBY4FaH4o=
-14,-12,NUeaoGb4n3j/motOoo+kqz80mNM=,CSGwCoO1yulCqF2VgKViWtBp3Yw=
-14,-11,NUeaoGb4n3j/motOoo+kqz80mNM=,Ab1V4ncGLMjNAPWGJ5PkA8fcK0Q=
-14,-6,KOzaV1lcc5zi4wZ15CMrAxhb3ME=,g7TT++uCOqNcay7KecrOfDz3B3M=
-14,-5,KOzaV1lcc5zi4wZ15CMrAxhb3ME=,JnZcJ3bN9X4eJGqzOY2GTj36V8g=
-14,-8,KOzaV1lcc5zi4wZ15CMrAxhb3ME=,QQBn/M07A+pFD9TX5wxWMqzpjwQ=
-14,-7,KOzaV1lcc5zi4wZ15CMrAxhb3ME=,SOiIqydHVWBfYD1U7FRxc8/PpeU=
-14,-2,KOzaV1lcc5zi4wZ15CMrAxhb3ME=,eNaBYFw40NH7Yk8+TE5gwGVk0iI=
-14,-1,KOzaV1lcc5zi4wZ15CMrAxhb3ME=,CPzZ2clrI7jqpp060EER2CJFddg=
-14,-4,KOzaV1lcc5zi4wZ15CMrAxhb3ME=,mxnq+PNGNin/7cD0HvJrlwIe2w4=
-14,-3,KOzaV1lcc5zi4wZ15CMrAxhb3ME=,p+L8Sh8lRJ125oLSJLQp3E1yPqI=
-14,-18,KOzaV1lcc5zi4wZ15CMrAxhb3ME=,8y+3FgtHas44qyx1C45lWMkqkjk=
-14,-17,KOzaV1lcc5zi4wZ15CMrAxhb3ME=,oMRckSDsNj9RxoeVCM8Y1SfJhB0=
-14,-20,KOzaV1lcc5zi4wZ15CMrAxhb3ME=,SZpnUHcgEVdPB5WA0BDPGxINmJw=
-14,-19,KOzaV1lcc5zi4wZ15CMrAxhb3ME=,LRN4bSCl6dCxq39YjDZN2PCzZfk=
-15,-15,KOzaV1lcc5zi4wZ15CMrAxhb3ME=,wWEjAlvUKgtJqNobUbZb7A4D9Fc=
-15,-16,KOzaV1lcc5zi4wZ15CMrAxhb3ME=,prMpu5UBjSF2KSDutLMv/Vx2zI8=
-15,-13,KOzaV1lcc5zi4wZ15CMrAxhb3ME=,4YNtXdg92jlGIqNmhMIJiH3jnw8=
-15,-14,KOzaV1lcc5zi4wZ15CMrAxhb3ME=,c27xpxj2Xm4bXfVB4NqAxAUDuTk=
-15,-11,KOzaV1lcc5zi4wZ15CMrAxhb3ME=,/OiJIBdFS9f0Hw95HSUrFtY/qN0=
-15,-12,KOzaV1lcc5zi4wZ15CMrAxhb3ME=,vJWuid6qq2DlN06o2MstMi8NgoU=
-15,-9,KOzaV1lcc5zi4wZ15CMrAxhb3ME=,t4HyK33w9HgLxQK+VxiOUiF80Vc=
-15,-10,KOzaV1lcc5zi4wZ15CMrAxhb3ME=,0jJfZlII1zCgjA/toX1U28liouU=
-15,-7,KOzaV1lcc5zi4wZ15CMrAxhb3ME=,JyugqIqw71UDXA058ocXlvu2Wb4=
-15,-8,KOzaV1lcc5zi4wZ15CMrAxhb3ME=,3bYicz5hwTx6c6G2Dc1B/4gBl1g=
-15,-5,KOzaV1lcc5zi4wZ15CMrAxhb3ME=,udLZqOmMZSAf3IuS8VQC5LsZ1hM=
-15,-6,SBpY48sUZqlRIIYMJvBYqclmguM=,rQMWwreCxVwlCCKlWOUPh6KaHG0=
-15,-3,SBpY48sUZqlRIIYMJvBYqclmguM=,Q0JdMn04hMG/b36q9dH6eSiYQcA=
-15,-4,SBpY48sUZqlRIIYMJvBYqclmguM=,nf2A3T1reg1di471vJeD1uBDMzs=
-15,-1,SBpY48sUZqlRIIYMJvBYqclmguM=,q8I6mtVa+b71/Q/m1NN61Qpmyy4=
-15,-2,SBpY48sUZqlRIIYMJvBYqclmguM=,VYS+FzB4sFNt7yykAkCKTcAreZ4=
-15,-19,SBpY48sUZqlRIIYMJvBYqclmguM=,pjyAPhe0z4T7erfBsrF2nmMsUEg=
-15,-20,SBpY48sUZqlRIIYMJvBYqclmguM=,/17fPLzsikxqDBvA3RfY61nh8Fg=
-15,-17,SBpY48sUZqlRIIYMJvBYqclmguM=,vsGu7EGKOPLKGNk66N0o8JC7/FU=
-15,-18,SBpY48sUZqlRIIYMJvBYqclmguM=,sK7pMlzuOa7cWhyVzHPlj9A7Wpg=
-16,-16,SBpY48sUZqlRIIYMJvBYqclmguM=,eIKmeSQQ1uRPNeAffLkNZz1UpwY=
-16,-15,SBpY48sUZqlRIIYMJvBYqclmguM=,sGF2CWVSQBWEz+zzwRlvmIZSZ5I=
-16,-14,SBpY48sUZqlRIIYMJvBYqclmguM=,rxHmvgogRWKTwK5IkkxoQ/Nqi/U=
-16,-13,SBpY48sUZqlRIIYMJvBYqclmguM=,wdA7bmdUE9A44mM7G4RcDFCff8k=
-16,-12,SBpY48sUZqlRIIYMJvBYqclmguM=,M51hSLOci3YBrNfDGpmV3XpjyK4=
-16,-11,SBpY48sUZqlRIIYMJvBYqclmguM=,2jgtBhDUZMNSw3IrxPgyIauGypo=
-16,-10,SBpY48sUZqlRIIYMJvBYqclmguM=,CtuWocacLz+C1Ke5WbAGODEqki4=
-16,-9,SBpY48sUZqlRIIYMJvBYqclmguM=,DrcBEM2ryGswf1ahndJPgo+EhrU=
-16,-8,SBpY48sUZqlRIIYMJvBYqclmguM=,mAV9O6wtFg+qmQC4sTdYbPgMLo0=
-16,-7,SBpY48sUZqlRIIYMJvBYqclmguM=,9T4lbJPvMIYBK7C0oYuLGOHmAEY=
-16,-6,SBpY48sUZqlRIIYMJvBYqclmguM=,kDApJM/mspdtfhidUwR4cBJwPlM=
-16,-5,SBpY48sUZqlRIIYMJvBYqclmguM=,zEqvEjkEVtPTRvocjW04rOgBewI=
-16,-4,SBpY48sUZqlRIIYMJvBYqclmguM=,nqgaLnDeYgEt+OXApL3xwmJG9Ak=
-16,-3,SBpY48sUZqlRIIYMJvBYqclmguM=,EVQzP7APm54+GmVH3Y7LVJibAcs=
-16,-2,SBpY48sUZqlRIIYMJvBYqclmguM=,pUqXctUV2FagYeSjIXXMQ6yRHCo=
-16,-1,SBpY48sUZqlRIIYMJvBYqclmguM=,pesgbVHVb324guoKFY9z2xCHGA0=
-16,-20,ZiHrj7e1AvX5H4os6C6c9Wm8rt0=,AwAb23dcCq96nBME5PLQ4ySYsNI=
-16,-19,ZiHrj7e1AvX5H4os6C6c9Wm8rt0=,k+WLwS6WYoaFwQmvWTmEMgkTTT0=
-16,-18,ZiHrj7e1AvX5H4os6C6c9Wm8rt0=,GW+Y0LTwHksJ66SoyF6/Y5Cd1Zg=
-16,-17,ZiHrj7e1AvX5H4os6C6c9Wm8rt0=,pI4ZWvWpMH4vzidHzZ6dHzKAbds=
-17,-17,ZiHrj7e1AvX5H4os6C6c9Wm8rt0=,yadFbthNeh7IcGAXxhOsg/KOUMY=
-17,-18,ZiHrj7e1AvX5H4os6C6c9Wm8rt0=,W/09bn0fX93rwuR3UqT+mpeT3wc=
-17,-19,ZiHrj7e1AvX5H4os6C6c9Wm8rt0=,Xszl7Zj86BxzMVPlJBdw0wWVoKc=
-17,-20,ZiHrj7e1AvX5H4os6C6c9Wm8rt0=,mLsXwVcMIVnzdcjRuwXuMi5jd3Y=
-17,-1,ZiHrj7e1AvX5H4os6C6c9Wm8rt0=,sRv76heIsW/8mhhBqcVfOb00plQ=
-17,-2,ZiHrj7e1AvX5H4os6C6c9Wm8rt0=,VtrQt6A1GhlUNXj/7u2t/TsvXPM=
-17,-3,ZiHrj7e1AvX5H4os6C6c9Wm8rt0=,LR3qnCnLW55y2BJ9eHuF7S/kDNw=
-17,-4,ZiHrj7e1AvX5H4os6C6c9Wm8rt0=,3bE2ybayJcbFZ86nvrMbk+9w0Oc=
-17,-5,ZiHrj7e1AvX5H4os6C6c9Wm8rt0=,2FviDKAJVlfb+l0yoJeEdcy44BQ=
-17,-6,ZiHrj7e1AvX5H4os6C6c9Wm8rt0=,Zsx9UcSNL2J2IgG7530y2KxTWVk=
-17,-7,ZiHrj7e1AvX5H4os6C6c9Wm8rt0=,9INe4v7/mfV3JiqOrD3EweFV5Qo=
-17,-8,ZiHrj7e1AvX5H4os6C6c9Wm8rt0=,YPMbfbePEF0ywTS9RDmlQEoBC7Y=
-17,-9,ZiHrj7e1AvX5H4os6C6c9Wm8rt0=,e+n6Qp/RRA0wXi24l5bfdliEuRA=
-17,-10,ZiHrj7e1AvX5H4os6C6c9Wm8rt0=,WJw0PN3djQwva2GRgyMI7IV0cZ0=
-17,-11,ZiHrj7e1AvX5H4os6C6c9Wm8rt0=,D6dcMshS4WV2ATqFUu298DIQcGs=
-17,-12,jxGvlyYzJtoaxjQ303FxeZTTLwk=,U9FYthsE3pdVwo2j4D/qgYi9Iio=
-17,-13,jxGvlyYzJtoaxjQ303FxeZTTLwk=,+kysJQ5ZviD9uOOt0cS/0BDW2so=
-17,-14,jxGvlyYzJtoaxjQ303FxeZTTLwk=,qLrwMddf/rGf4RFQ4ntR5HlwCCI=
-17,-15,jxGvlyYzJtoaxjQ303FxeZTTLwk=,v9tC26juBNdyaA2hEUQoZNUlQuE=
-17,-16,jxGvlyYzJtoaxjQ303FxeZTTLwk=,3C6JAoEXZnIJJgqGpHTX1Gr002s=
-18,-18,jxGvlyYzJtoaxjQ303FxeZTTLwk=,ubLDTznelzifNnzta8KY6Wr9v94=
-18,-17,jxGvlyYzJtoaxjQ303FxeZTTLwk=,sK4Gu1Wwf49GdoOoCp8FM+VkzxQ=
-18,-20,jxGvlyYzJtoaxjQ303FxeZTTLwk=,27a5rwSqqoH3845ZreTsOJezcBM=
-18,-19,jxGvlyYzJtoaxjQ303FxeZTTLwk=,jDkRr/9QSVSCGTpQenFIGnpuekg=
-18,-2,jxGvlyYzJtoaxjQ303FxeZTTLwk=,Hqzx9slB+uFU3bgJCF1FHlU2+wc=
-18,-1,jxGvlyYzJtoaxjQ303FxeZTTLwk=,OprqEH3HimjgvVg/Vjdm26DvPio=
-18,-4,jxGvlyYzJtoaxjQ303FxeZTTLwk=,7+C0xWHoCJKhilbN7cFekjp+OPQ=
-18,-3,jxGvlyYzJtoaxjQ303FxeZTTLwk=,kmfkLNKaahhnFC5RMgnALLqVHEU=
-18,-6,jxGvlyYzJtoaxjQ303FxeZTTLwk=,P8865/HVP53Op4zdk3f1k/y0Ul8=
-18,-5,jxGvlyYzJtoaxjQ303FxeZTTLwk=,l7obt3ZMm350FhmWHVB2OjXUlDA=
-18,-8,jxGvlyYzJtoaxjQ303FxeZTTLwk=,6wOpCm57gNfqGkMFll5isHDSsio=
-18,-7,jxGvlyYzJtoaxjQ303FxeZTTLwk=,RhWODebEB35gQ8Vcjm/7Vy9xPAc=
-18,-10,jxGvlyYzJtoaxjQ303FxeZTTLwk=,XPCYkahhyCqDhKn2KRHeoJqpwCo=
-18,-9,jxGvlyYzJtoaxjQ303FxeZTTLwk=,wTEhcRwhXByKHM9CPa1vSWyulw4=
-18,-12,jxGvlyYzJtoaxjQ303FxeZTTLwk=,3dn+v5qIKchZx9qxf49nnzQt2MQ=
-18,-11,jxGvlyYzJtoaxjQ303FxeZTTLwk=,MBChilw3+g6E6bC62cgTpu7vjzU=
-18,-14,jxGvlyYzJtoaxjQ303FxeZTTLwk=,UFt5tXoxdLADNVTV/6V8FoJOK/Q=
-18,-13,jxGvlyYzJtoaxjQ303FxeZTTLwk=,zfYpQuA5Pjn2Tuaspl+bcpDE4Hs=
-18,-16,1Wa71y7AauuLDdhAQ6Io73w492Y=,obv9tpe6vPm3NUy9gmEN8BBakAk=
-18,-15,1Wa71y7AauuLDdhAQ6Io73w492Y=,YEooYbmnzZxnEUWmwU0eVlVvunM=
-19,-19,1Wa71y7AauuLDdhAQ6Io73w492Y=,TJrAUGhLYQm+t5EVgcDhIEBNR3E=
-19,-20,1Wa71y7AauuLDdhAQ6Io73w492Y=,27a5rwSqqoH3845ZreTsOJezcBM=
-19,-17,1Wa71y7AauuLDdhAQ6Io73w492Y=,1gX2dx9XM2aT8TkkszGtvp/qnLA=
-19,-18,1Wa71y7AauuLDdhAQ6Io73w492Y=,MoWaQFrIlRRfmO0i1d2CQlAafuU=
-19,-3,1Wa71y7AauuLDdhAQ6Io73w492Y=,T7A8hOzhl5JAiI6fF6EOSVWcGt0=
-19,-4,1Wa71y7AauuLDdhAQ6Io73w492Y=,gNtGk1xJn8UGVV3Ek9KsTIjMDYk=
-19,-1,1Wa71y7AauuLDdhAQ6Io73w492Y=,/c2C8TjAEo5I02NQqKZi6hnfUEY=
-19,-2,1Wa71y7AauuLDdhAQ6Io73w492Y=,Ht1uguB9WUt38ZBaLPrk97N7Aws=
-19,-7,1Wa71y7AauuLDdhAQ6Io73w492Y=,6/MwFHkeBu5jIbdJAGNfbqBeyCM=
-19,-8,1Wa71y7AauuLDdhAQ6Io73w492Y=,ADDSweU5xpLbpnCp3Pr90jsnxSk=
-19,-5,1Wa71y7AauuLDdhAQ6Io73w492Y=,j271lEIr39bndOg6Fwd+Jczx4hU=
-19,-6,1Wa71y7AauuLDdhAQ6Io73w492Y=,8XfMiyQo6+BqVP5Ft6Eh7T2e7Qk=
-19,-11,1Wa71y7AauuLDdhAQ6Io73w492Y=,WdseY789IfBCifmaoure+KPhB7M=
-19,-12,1Wa71y7AauuLDdhAQ6Io73w492Y=,0DmJJkcco/nb9HWlPdbG8j73LsQ=
-19,-9,1Wa71y7AauuLDdhAQ6Io73w492Y=,7ZWoIrFBK5FVjyOeXII78RRT7KM=
-19,-10,1Wa71y7AauuLDdhAQ6Io73w492Y=,zRYWs9u4O6kqMrY339DhdJToHJM=
-19,-15,1Wa71y7AauuLDdhAQ6Io73w492Y=,xWz75Rk0McZHB/h6JluGvzmHyVo=
-19,-16,1Wa71y7AauuLDdhAQ6Io73w492Y=,iWrvFKBHmpjOjt5gzNr+3YeuWdg=
-19,-13,1Wa71y7AauuLDdhAQ6Io73w492Y=,0zvwDIINfY7ScVJeemM/qDJwr1c=
-19,-14,1Wa71y7AauuLDdhAQ6Io73w492Y=,KV0fU94uubwGg3kAwhSE9XuogZQ=
-20,-20,1Wa71y7AauuLDdhAQ6Io73w492Y=,NaCmMno+X6O5avY1szTw6FVgBho=
-20,-19,1Wa71y7AauuLDdhAQ6Io73w492Y=,KWgWCftPVMbl5nTFNyv09eIxP9A=
-20,-18,1Wa71y7AauuLDdhAQ6Io73w492Y=,NxneuxfJFrm8NlBmH0CHil/u1CQ=
-20,-17,1Wa71y7AauuLDdhAQ6Io73w492Y=,g+y2dEFdJYvJYXBEhHbvhFaDi0c=
-20,-4,1Wa71y7AauuLDdhAQ6Io73w492Y=,sK0LIo21A3d2NlzPDp5RsEN6oJw=
-20,-3,1Wa71y7AauuLDdhAQ6Io73w492Y=,4ZFk4ZJQlk8wgtpo4kJt/JSdJU4=
-20,-2,1Wa71y7AauuLDdhAQ6Io73w492Y=,im5m4Pnm0ch39j8dUVDlGVTDQrw=
-20,-1,1Wa71y7AauuLDdhAQ6Io73w492Y=,f78PcthASsBAbeXePtomFhXGHAk=
-20,-8,1Wa71y7AauuLDdhAQ6Io73w492Y=,XiNSM0rrhvJ9nof89x5zM3H/jBI=
-20,-7,4vTI8F48K+U75xF96a9i1OoHilA=,zdKTH30cSWzi0JCzwGDLlkANq0w=
-20,-6,4vTI8F48K+U75xF96a9i1OoHilA=,efNHrkE9DSmxis7EqMfPWCt6nXI=
-20,-5,4vTI8F48K+U75xF96a9i1OoHilA=,Z2HXaTZ+FK4R8yKdwD8id+WkPcY=
-20,-12,4vTI8F48K+U75xF96a9i1OoHilA=,lPjE13kKEqcTzNiDDzR+5AAwg5Y=
-20,-11,4vTI8F48K+U75xF96a9i1OoHilA=,kwmaeEBOWbQUAk3evkXoGinJ3L0=
-20,-10,4vTI8F48K+U75xF96a9i1OoHilA=,nNFGS2OXmBWW/5HrizdseY1HhQ0=
-20,-9,4vTI8F48K+U75xF96a9i1OoHilA=,pwqNcpPWQBRsE9wE2RisvPccQzY=
-20,-16,4vTI8F48K+U75xF96a9i1OoHilA=,IKu+5GUxuanAphLVq6C/4zW0tVA=
-20,-15,4vTI8F48K+U75xF96a9i1OoHilA=,vmSxEEfIzKxtby89yS5kvBIDnPY=
-20,-14,4vTI8F48K+U75xF96a9i1OoHilA=,ZIE3zfv+GJ55B89xZ0DOJvHVlC0=
-20,-13,4vTI8F48K+U75xF96a9i1OoHilA=,CzYlAz/s3dVvCwNva+CjhX2Eoks=
